Adak	AK	51.91	-176.60
Akhiok	AK	56.95	-154.22
Akiachak	AK	60.92	-161.40
Akiak	AK	60.91	-161.22
Akutan	AK	54.14	-165.76
Alakanuk	AK	62.71	-164.65
Alatna	AK	66.56	-152.84
Alcan Border	AK	62.70	-141.19
Aleknagik	AK	59.29	-158.66
Aleneva	AK	58.06	-152.91
Allakaket	AK	66.54	-152.58
Ambler	AK	67.09	-157.89
Anaktuvuk Pass	AK	68.15	-151.70
Anchor Point	AK	59.75	-151.70
Anchorage	AK	61.17	-149.28
Anderson	AK	64.31	-149.16
Angoon	AK	57.44	-134.48
Aniak	AK	61.58	-159.55
Anvik	AK	62.63	-160.22
Arctic Village	AK	68.17	-145.40
Atka	AK	52.21	-174.21
Atmautluak	AK	60.86	-162.28
Atqasuk	AK	70.48	-157.33
Attu Station	AK	52.88	173.26
Badger	AK	64.80	-147.39
Bear Creek	AK	60.21	-149.37
Beaver	AK	66.38	-147.29
Beluga	AK	61.19	-151.18
Bethel	AK	60.79	-161.80
Bettles	AK	66.91	-151.54
Big Delta	AK	64.16	-145.74
Big Lake	AK	61.52	-149.98
Birch Creek	AK	66.27	-145.88
Brevig Mission	AK	65.34	-166.51
Buckland	AK	65.98	-161.14
Buffalo Soapstone	AK	61.68	-149.12
Butte	AK	61.53	-148.99
Cantwell	AK	63.41	-148.75
Central	AK	65.51	-144.62
Chalkyitsik	AK	66.65	-143.79
Chase	AK	62.42	-149.94
Chefornak	AK	60.15	-164.25
Chena Ridge	AK	64.79	-148.03
Chenega	AK	60.09	-147.99
Chevak	AK	61.53	-165.59
Chickaloon	AK	61.82	-148.29
Chicken	AK	64.09	-141.83
Chignik	AK	56.30	-158.39
Chignik Lagoon	AK	56.30	-158.50
Chignik Lake	AK	56.27	-158.79
Chiniak	AK	57.58	-152.28
Chisana	AK	62.11	-142.05
Chistochina	AK	62.60	-144.94
Chitina	AK	61.55	-144.18
Chuathbaluk	AK	61.57	-159.25
Circle	AK	65.84	-144.18
Clam Gulch	AK	60.21	-151.40
Clark's Point	AK	58.83	-158.53
Coffman Cove	AK	56.00	-132.84
Cohoe	AK	60.27	-151.30
Cold Bay	AK	55.22	-162.78
Coldfoot	AK	67.25	-150.11
College	AK	64.87	-147.82
Cooper Landing	AK	60.49	-149.84
Copper Center	AK	62.00	-145.36
Cordova	AK	60.53	-145.64
Covenant Life	AK	59.40	-136.12
Craig	AK	55.49	-133.11
Crooked Creek	AK	61.80	-158.08
Crown Point	AK	60.43	-149.35
Deering	AK	66.07	-162.76
Delta Junction	AK	64.06	-145.70
Deltana	AK	63.79	-145.35
Denali Park	AK	63.57	-148.67
Diamond Ridge	AK	59.70	-151.55
Dillingham	AK	59.06	-158.53
Diomede	AK	65.75	-168.92
Dot Lake	AK	63.59	-144.29
Dot Lake Village	AK	63.66	-144.02
Dry Creek	AK	63.63	-144.64
Eagle	AK	64.78	-141.20
Eagle Village	AK	64.74	-141.11
Eareckson Station	AK	52.72	174.11
Edna Bay	AK	55.97	-133.69
Eek	AK	60.22	-162.04
Egegik	AK	58.21	-157.52
Eielson AFB	AK	64.67	-147.06
Ekwok	AK	59.35	-157.49
Elfin Cove	AK	58.09	-136.29
Elim	AK	64.62	-162.28
Emmonak	AK	62.78	-164.51
Ester	AK	64.88	-148.04
Eureka Roadhouse	AK	61.96	-147.16
Evansville	AK	66.93	-151.37
Excursion Inlet	AK	58.42	-135.35
Fairbanks	AK	64.84	-147.65
False Pass	AK	54.87	-163.33
Farm Loop	AK	61.64	-149.16
Farmers Loop	AK	64.91	-147.70
Ferry	AK	64.05	-148.92
Fishhook	AK	61.73	-149.28
Flat	AK	62.44	-158.04
Fort Greely	AK	63.97	-145.71
Fort Yukon	AK	66.59	-145.23
Four Mile Road	AK	64.60	-149.12
Fox	AK	64.97	-147.61
Fox River	AK	59.89	-151.01
Fritz Creek	AK	59.75	-151.29
Funny River	AK	60.48	-150.79
Gakona	AK	62.37	-145.31
Galena	AK	64.74	-156.87
Gambell	AK	63.78	-171.71
Game Creek	AK	58.05	-135.51
Gateway	AK	61.57	-149.22
Glacier View	AK	61.85	-147.77
Glennallen	AK	62.15	-145.84
Goldstream	AK	64.94	-148.03
Golovin	AK	64.56	-163.00
Goodnews Bay	AK	59.13	-161.58
Grayling	AK	62.90	-160.11
Gulkana	AK	62.22	-145.44
Gustavus	AK	58.43	-135.73
Haines	AK	59.26	-135.47
Halibut Cove	AK	59.57	-151.22
Happy Valley	AK	59.90	-151.53
Harding-Birch Lakes	AK	64.38	-146.53
Healy	AK	63.96	-148.97
Healy Lake	AK	64.01	-144.68
Hobart Bay	AK	57.42	-133.31
Hollis	AK	55.52	-132.70
Holy Cross	AK	62.19	-159.86
Homer	AK	59.65	-151.51
Hoonah	AK	58.12	-135.43
Hooper Bay	AK	61.51	-166.11
Hope	AK	60.89	-149.63
Houston	AK	61.62	-149.80
Hughes	AK	66.05	-154.24
Huslia	AK	65.71	-156.31
Hydaburg	AK	55.21	-132.82
Hyder	AK	55.98	-130.04
Igiugig	AK	59.30	-155.86
Iliamna	AK	59.78	-154.88
Ivanof Bay	AK	55.92	-159.49
Juneau city and	AK	58.37	-134.18
Kachemak	AK	59.67	-151.44
Kake	AK	56.98	-133.90
Kaktovik	AK	70.12	-143.63
Kalifornsky	AK	60.45	-151.22
Kaltag	AK	64.31	-158.78
Karluk	AK	57.59	-154.36
Kasaan	AK	55.56	-132.41
Kasigluk	AK	60.86	-162.54
Kasilof	AK	60.32	-151.23
Kenai	AK	60.56	-151.21
Kenny Lake	AK	61.62	-144.82
Ketchikan	AK	55.36	-131.67
Kiana	AK	66.97	-160.43
King Cove	AK	55.08	-162.32
King Salmon	AK	58.74	-156.53
Kipnuk	AK	59.94	-164.06
Kivalina	AK	67.73	-164.54
Klawock	AK	55.56	-133.09
Klukwan	AK	59.40	-135.88
Knik River	AK	61.46	-149.01
Knik-Fairview	AK	61.51	-149.62
Kobuk	AK	66.92	-156.90
Kodiak	AK	57.79	-152.42
Kodiak Station	AK	57.77	-152.60
Kokhanok	AK	59.41	-154.75
Koliganek	AK	59.70	-157.22
Kongiganak	AK	59.99	-162.85
Kotlik	AK	63.03	-163.54
Kotzebue	AK	66.88	-162.50
Koyuk	AK	64.94	-161.15
Koyukuk	AK	64.90	-157.69
Kupreanof	AK	56.82	-132.97
Kwethluk	AK	60.79	-161.43
Kwigillingok	AK	59.88	-163.18
Lake Louise	AK	62.30	-146.54
Lake Minchumina	AK	63.79	-152.46
Larsen Bay	AK	57.53	-154.00
Lazy Mountain	AK	61.66	-148.93
Levelock	AK	59.07	-156.90
Lime Village	AK	61.33	-155.24
Livengood	AK	65.48	-148.42
Loring	AK	55.61	-131.64
Lowell Point	AK	60.08	-149.49
Lower Kalskag	AK	61.51	-160.36
Lutak	AK	59.41	-135.59
Manley Hot Springs	AK	65.02	-150.65
Manokotak	AK	58.73	-158.91
Marshall	AK	61.87	-162.06
McCarthy	AK	61.45	-142.86
McGrath	AK	62.94	-155.57
Meadow Lakes	AK	61.64	-149.61
Mekoryuk	AK	60.37	-166.27
Mendeltna	AK	62.15	-146.76
Mentasta Lake	AK	63.01	-143.56
Mertarvik	AK	60.81	-164.50
Metlakatla	AK	55.11	-131.56
Mill Bay	AK	57.82	-152.37
Minto	AK	65.09	-149.59
Moose Creek	AK	64.72	-147.17
Moose Pass	AK	60.51	-149.47
Mosquito Lake	AK	59.48	-136.20
Mountain Village	AK	62.09	-163.70
Mud Bay	AK	59.15	-135.36
Nabesna	AK	62.50	-143.01
Naknek	AK	58.79	-156.89
Nanwalek	AK	59.33	-151.93
Napakiak	AK	60.69	-161.99
Napaskiak	AK	60.70	-161.75
Naukati Bay	AK	55.87	-133.20
Nelchina	AK	62.01	-146.83
Nelson Lagoon	AK	55.84	-161.64
Nenana	AK	64.54	-149.08
New Stuyahok	AK	59.48	-157.31
Newhalen	AK	59.74	-154.90
Newtok	AK	60.94	-164.65
Nightmute	AK	60.46	-164.83
Nikiski	AK	60.73	-151.23
Nikolaevsk	AK	59.83	-151.60
Nikolai	AK	63.00	-154.37
Nikolski	AK	53.01	-168.72
Ninilchik	AK	60.06	-151.40
Noatak	AK	67.59	-163.01
Nome	AK	64.51	-165.42
Nondalton	AK	59.98	-154.87
Noorvik	AK	66.83	-161.03
North Lakes	AK	61.62	-149.31
North Pole	AK	64.75	-147.36
Northway	AK	63.00	-141.54
Nuiqsut	AK	70.21	-150.99
Nulato	AK	64.69	-158.28
Nunam Iqua	AK	62.51	-164.90
Nunapitchuk	AK	60.88	-162.46
Old Harbor	AK	57.22	-153.33
Oscarville	AK	60.72	-161.79
Ouzinkie	AK	57.92	-152.46
Palmer	AK	61.60	-149.11
Paxson	AK	62.98	-145.76
Pedro Bay	AK	59.79	-154.13
Pelican	AK	57.96	-136.22
Perryville	AK	55.93	-159.16
Petersburg	AK	56.76	-132.87
Petersville	AK	62.45	-150.88
Pilot Point	AK	57.54	-157.72
Pilot Station	AK	61.95	-162.87
Pitkas Point	AK	62.04	-163.27
Platinum	AK	58.95	-161.75
Pleasant Valley	AK	64.89	-146.90
Point Baker	AK	56.35	-133.62
Point Hope	AK	68.34	-166.68
Point Lay	AK	69.74	-162.83
Point MacKenzie	AK	61.34	-150.05
Point Possession	AK	60.92	-150.69
Pope-Vannoy Landing	AK	59.57	-154.45
Port Alexander	AK	56.24	-134.65
Port Alsworth	AK	60.16	-154.34
Port Clarence	AK	65.11	-166.76
Port Graham	AK	59.34	-151.85
Port Heiden	AK	56.97	-158.59
Port Lions	AK	57.87	-152.86
Port Protection	AK	56.33	-133.61
Portage Creek	AK	58.91	-157.67
Primrose	AK	60.34	-149.30
Prudhoe Bay	AK	70.37	-148.75
Quinhagak	AK	59.75	-161.90
Rampart	AK	65.40	-149.92
Red Devil	AK	61.76	-157.36
Red Dog Mine	AK	68.06	-162.87
Ridgeway	AK	60.53	-151.05
Ruby	AK	64.72	-155.50
Russian Mission	AK	61.78	-161.36
Salamatof	AK	60.60	-151.31
Salcha	AK	64.53	-146.88
Sand Point	AK	55.31	-160.48
Savoonga	AK	63.68	-170.48
Saxman	AK	55.32	-131.59
Scammon Bay	AK	61.84	-165.58
Selawik	AK	66.59	-160.00
Seldovia	AK	59.44	-151.71
Seldovia Village	AK	59.46	-151.59
Seward	AK	60.12	-149.39
Shageluk	AK	62.66	-159.55
Shaktoolik	AK	64.35	-161.19
Shishmaref	AK	66.23	-166.13
Shungnak	AK	66.88	-157.15
Silver Springs	AK	62.02	-145.36
Sitka city and	AK	57.19	-135.37
Skagway	AK	59.46	-135.28
Skwentna	AK	61.89	-151.20
Slana	AK	62.60	-143.46
Sleetmute	AK	61.65	-157.10
Soldotna	AK	60.49	-151.07
South Lakes	AK	61.59	-149.32
South Naknek	AK	58.68	-156.99
South Van Horn	AK	64.81	-147.79
St. George	AK	56.57	-169.66
St. Mary's	AK	62.06	-163.24
St. Michael	AK	63.46	-162.13
St. Paul	AK	57.18	-170.32
Stebbins	AK	63.47	-162.26
Steele Creek	AK	64.93	-147.44
Sterling	AK	60.54	-150.81
Stevens Village	AK	66.02	-149.08
Stony River	AK	61.79	-156.59
Sunrise	AK	60.87	-149.47
Susitna	AK	61.54	-150.59
Susitna North	AK	62.15	-149.75
Sutton-Alpine	AK	61.74	-148.87
Takotna	AK	62.98	-156.08
Talkeetna	AK	62.31	-149.92
Tanacross	AK	63.33	-143.49
Tanaina	AK	61.66	-149.43
Tanana	AK	65.18	-152.06
Tatitlek	AK	60.89	-146.67
Tazlina	AK	62.05	-145.44
Teller	AK	65.25	-166.35
Tenakee Springs	AK	57.79	-135.14
Tetlin	AK	63.18	-142.50
Thorne Bay	AK	55.67	-132.54
Togiak	AK	59.05	-160.40
Tok	AK	63.33	-143.04
Toksook Bay	AK	60.53	-165.11
Tolsona	AK	62.07	-146.12
Tonsina	AK	61.53	-145.11
Trapper Creek	AK	62.42	-150.41
Tuluksak	AK	61.10	-160.94
Tuntutuliak	AK	60.41	-162.67
Tununak	AK	60.61	-165.13
Twin Hills	AK	59.08	-160.28
Two Rivers	AK	64.89	-147.09
Tyonek	AK	61.10	-151.34
Ugashik	AK	57.65	-156.99
Unalakleet	AK	63.89	-160.80
Unalaska	AK	53.91	-166.53
Upper Kalskag	AK	61.54	-160.35
UtqiagÌvik	AK	71.25	-156.80
Valdez	AK	61.08	-146.32
Venetie	AK	67.02	-146.37
Wainwright	AK	70.66	-159.99
Wales	AK	65.61	-168.07
Wasilla	AK	61.58	-149.46
Whale Pass	AK	56.08	-133.07
White Mountain	AK	64.68	-163.41
Whitestone	AK	64.15	-145.91
Whitestone Logging Camp	AK	58.06	-135.41
Whittier	AK	60.78	-148.66
Willow	AK	61.89	-149.62
Willow Creek	AK	61.83	-145.20
Wiseman	AK	67.48	-150.16
Womens Bay	AK	57.69	-152.68
Wrangell city and	AK	56.18	-132.03
Yakutat	AK	59.56	-139.61
Abanda	AL	33.09	-85.53
Abbeville	AL	31.56	-85.26
Adamsville	AL	33.60	-86.97
Addison	AL	34.20	-87.18
Akron	AL	32.88	-87.74
Alabaster	AL	33.21	-86.82
Albertville	AL	34.26	-86.21
Alexander City	AL	32.92	-85.94
Alexandria	AL	33.76	-85.87
Aliceville	AL	33.12	-88.16
Allgood	AL	33.91	-86.52
Altoona	AL	34.04	-86.31
Andalusia	AL	31.31	-86.48
Anderson	AL	34.92	-87.27
Anniston	AL	33.67	-85.81
Arab	AL	34.33	-86.50
Ardmore	AL	34.99	-86.83
Argo	AL	33.69	-86.51
Ariton	AL	31.60	-85.71
Arley	AL	34.08	-87.22
Ashford	AL	31.19	-85.24
Ashland	AL	33.27	-85.83
Ashville	AL	33.84	-86.27
Athens	AL	34.78	-86.95
Atmore	AL	31.12	-87.46
Attalla	AL	33.99	-86.12
Auburn	AL	32.61	-85.49
Autaugaville	AL	32.43	-86.66
Avon	AL	31.18	-85.28
Axis	AL	30.92	-88.02
Babbie	AL	31.30	-86.32
Baileyton	AL	34.26	-86.61
Bakerhill	AL	31.78	-85.30
Ballplay	AL	34.02	-85.80
Banks	AL	31.81	-85.84
Bay Minette	AL	30.89	-87.79
Bayou La Batre	AL	30.41	-88.26
Bear Creek	AL	34.26	-87.71
Beatrice	AL	31.73	-87.21
Beaverton	AL	33.94	-88.02
Belgreen	AL	34.47	-87.86
Belk	AL	33.65	-87.93
Bellamy	AL	32.46	-88.13
Belle Fontaine	AL	30.49	-88.11
Benton	AL	32.31	-86.82
Berlin	AL	34.19	-86.75
Berry	AL	33.67	-87.61
Bessemer	AL	33.37	-86.97
Billingsley	AL	32.66	-86.71
Birmingham	AL	33.53	-86.80
Black	AL	31.01	-85.74
Blountsville	AL	34.08	-86.58
Blue Ridge	AL	32.50	-86.18
Blue Springs	AL	31.66	-85.50
Boaz	AL	34.20	-86.16
Boligee	AL	32.77	-88.03
Bon Air	AL	33.26	-86.33
Bon Secour	AL	30.32	-87.72
Boykin	AL	32.07	-87.29
Brantley	AL	31.58	-86.26
Brantleyville	AL	33.22	-86.88
Brent	AL	32.94	-87.17
Brewton	AL	31.11	-87.08
Bridgeport	AL	34.95	-85.72
Brighton	AL	33.44	-86.95
Brilliant	AL	34.03	-87.77
Bristow Cove	AL	34.11	-86.24
Brook Highland	AL	33.44	-86.69
Brookside	AL	33.63	-86.91
Brookwood	AL	33.24	-87.33
Broomtown	AL	34.37	-85.53
Brundidge	AL	31.72	-85.82
Bucks	AL	31.02	-88.03
Butler	AL	32.10	-88.21
Calera	AL	33.12	-86.75
Calvert	AL	31.15	-88.02
Camden	AL	32.00	-87.29
Camp Hill	AL	32.80	-85.66
Carbon Hill	AL	33.89	-87.52
Cardiff	AL	33.65	-86.93
Carlisle-Rockledge	AL	34.11	-86.12
Carlton	AL	31.35	-87.84
Carolina	AL	31.23	-86.52
Carrollton	AL	33.26	-88.10
Castleberry	AL	31.30	-87.03
Catherine	AL	32.19	-87.47
Cedar Bluff	AL	34.22	-85.59
Center Point	AL	33.64	-86.68
Centre	AL	34.15	-85.67
Centreville	AL	32.96	-87.13
Chatom	AL	31.47	-88.25
Chelsea	AL	33.31	-86.64
Cherokee	AL	34.76	-87.97
Chickasaw	AL	30.77	-88.08
Childersburg	AL	33.29	-86.34
Choccolocco	AL	33.67	-85.71
Chunchula	AL	30.93	-88.21
Citronelle	AL	31.10	-88.25
Clanton	AL	32.85	-86.62
Clay	AL	33.70	-86.61
Clayhatchee	AL	31.24	-85.72
Clayton	AL	31.88	-85.46
Cleveland	AL	34.00	-86.56
Clio	AL	31.71	-85.61
Coaling	AL	33.17	-87.35
Coats Bend	AL	34.07	-85.87
Coffee Springs	AL	31.17	-85.91
Coffeeville	AL	31.77	-88.09
Coker	AL	33.24	-87.68
Collinsville	AL	34.27	-85.87
Colony	AL	33.94	-86.90
Columbia	AL	31.30	-85.11
Columbiana	AL	33.19	-86.62
Concord	AL	33.46	-87.04
Coosada	AL	32.50	-86.33
Cordova	AL	33.76	-87.20
Cottondale	AL	33.19	-87.45
Cottonwood	AL	31.05	-85.30
County Line	AL	33.82	-86.71
Courtland	AL	34.67	-87.33
Cowarts	AL	31.21	-85.31
Creola	AL	30.87	-88.01
Crossville	AL	34.28	-86.00
Cuba	AL	32.44	-88.37
Cullman	AL	34.18	-86.84
Cullomburg	AL	31.71	-88.29
Cusseta	AL	32.79	-85.31
Dadeville	AL	32.83	-85.78
Daleville	AL	31.29	-85.71
Daphne	AL	30.63	-87.88
Dauphin Island	AL	30.25	-88.17
Daviston	AL	33.06	-85.63
Dayton	AL	32.35	-87.64
Deatsville	AL	32.59	-86.39
Decatur	AL	34.57	-86.99
Deer Park	AL	31.22	-88.33
Delta	AL	33.44	-85.68
Demopolis	AL	32.50	-87.83
Detroit	AL	34.03	-88.17
Dodge City	AL	34.04	-86.89
Dora	AL	33.73	-87.08
Dothan	AL	31.23	-85.41
Double Springs	AL	34.15	-87.39
Douglas	AL	34.17	-86.32
Dozier	AL	31.51	-86.37
Dunnavant	AL	33.50	-86.54
Dutton	AL	34.61	-85.91
Eagle Point	AL	33.40	-86.68
East Brewton	AL	31.09	-87.06
East Point	AL	34.19	-86.79
Eclectic	AL	32.64	-86.04
Edgewater	AL	33.53	-86.95
Edwardsville	AL	33.88	-85.41
Egypt	AL	34.08	-86.17
Elba	AL	31.42	-86.08
Elberta	AL	30.37	-87.60
Eldridge	AL	33.92	-87.62
Elkmont	AL	34.93	-86.98
Elmore	AL	32.56	-86.34
Emelle	AL	32.73	-88.32
Emerald Mountain	AL	32.45	-86.09
Enterprise	AL	31.33	-85.84
Epes	AL	32.70	-88.14
Equality	AL	32.77	-86.12
Ethelsville	AL	33.41	-88.22
Eufaula	AL	31.91	-85.15
Eunola	AL	31.03	-85.83
Eutaw	AL	32.85	-87.90
Eva	AL	34.33	-86.77
Evergreen	AL	31.43	-86.98
Excel	AL	31.43	-87.34
Fairfield	AL	33.47	-86.92
Fairford	AL	31.18	-88.07
Fairhope	AL	30.52	-87.88
Fairview	AL	34.25	-86.68
Falkville	AL	34.38	-86.91
Faunsdale	AL	32.46	-87.59
Fayette	AL	33.69	-87.83
Fayetteville	AL	33.17	-86.44
Fitzpatrick	AL	32.21	-85.87
Five Points	AL	33.02	-85.35
Flomaton	AL	31.01	-87.26
Florala	AL	31.02	-86.32
Florence	AL	34.83	-87.67
Foley	AL	30.40	-87.66
Forestdale	AL	33.57	-86.90
Forkland	AL	32.65	-87.87
Fort Deposit	AL	31.99	-86.57
Fort Payne	AL	34.46	-85.69
Fort Rucker	AL	31.34	-85.72
Franklin	AL	32.45	-85.79
Fredonia	AL	32.98	-85.29
Frisco City	AL	31.44	-87.40
Fruitdale	AL	31.35	-88.41
Fruithurst	AL	33.73	-85.43
Fulton	AL	31.79	-87.74
Fultondale	AL	33.62	-86.80
Fyffe	AL	34.45	-85.91
Gadsden	AL	34.01	-86.02
Gainesville	AL	32.81	-88.16
Gallant	AL	34.00	-86.23
Gantt	AL	31.41	-86.48
Garden City	AL	34.01	-86.75
Gardendale	AL	33.68	-86.81
Gaylesville	AL	34.27	-85.56
Geiger	AL	32.87	-88.32
Geneva	AL	31.04	-85.88
Georgiana	AL	31.64	-86.75
Geraldine	AL	34.36	-86.00
Gilbertown	AL	31.87	-88.31
Glen Allen	AL	33.89	-87.73
Glencoe	AL	33.95	-85.93
Glenwood	AL	31.67	-86.17
Goldville	AL	33.08	-85.78
Good Hope	AL	34.11	-86.87
Goodwater	AL	33.06	-86.05
Gordo	AL	33.32	-87.90
Gordon	AL	31.14	-85.09
Gordonville	AL	32.16	-86.70
Goshen	AL	31.72	-86.12
Graham	AL	33.46	-85.32
Grand Bay	AL	30.47	-88.34
Grant	AL	34.52	-86.26
Grayson Valley	AL	33.65	-86.64
Graysville	AL	33.63	-86.94
Greensboro	AL	32.70	-87.59
Greenville	AL	31.84	-86.64
Grimes	AL	31.30	-85.45
Grove Hill	AL	31.70	-87.77
Gu-Win	AL	33.94	-87.87
Guin	AL	33.98	-87.90
Gulf Shores	AL	30.28	-87.70
Gulfcrest	AL	30.99	-88.24
Guntersville	AL	34.37	-86.25
Gurley	AL	34.70	-86.38
Hackleburg	AL	34.27	-87.83
Hackneyville	AL	33.05	-85.93
Haleburg	AL	31.41	-85.14
Haleyville	AL	34.23	-87.62
Hamilton	AL	34.14	-87.97
Hammondville	AL	34.57	-85.64
Hanceville	AL	34.06	-86.76
Hanover	AL	33.00	-86.20
Harpersville	AL	33.32	-86.43
Hartford	AL	31.11	-85.69
Hartselle	AL	34.44	-86.94
Harvest	AL	34.86	-86.76
Hatton	AL	34.56	-87.41
Hayden	AL	33.89	-86.74
Hayneville	AL	32.18	-86.58
Hazel Green	AL	34.92	-86.57
Headland	AL	31.35	-85.36
Heath	AL	31.34	-86.47
Heflin	AL	33.65	-85.57
Helena	AL	33.28	-86.88
Henagar	AL	34.63	-85.73
Highland Lake	AL	33.89	-86.42
Highland Lakes	AL	33.40	-86.65
Hillsboro	AL	34.64	-87.18
Hissop	AL	32.89	-86.13
Hobson	AL	31.49	-88.15
Hobson City	AL	33.62	-85.85
Hodges	AL	34.33	-87.92
Hokes Bluff	AL	33.99	-85.86
Hollins	AL	33.12	-86.13
Hollis Crossroads	AL	33.53	-85.65
Holly Pond	AL	34.17	-86.61
Hollywood	AL	34.72	-85.97
Holt	AL	33.23	-87.48
Holtville	AL	32.63	-86.33
Homewood	AL	33.46	-86.81
Hoover	AL	33.38	-86.81
Horn Hill	AL	31.24	-86.33
Hueytown	AL	33.41	-87.02
Huguley	AL	32.84	-85.24
Huntsville	AL	34.70	-86.68
Hurtsboro	AL	32.24	-85.41
Hytop	AL	34.90	-86.09
Ider	AL	34.70	-85.67
Indian Springs Village	AL	33.36	-86.75
Irondale	AL	33.54	-86.66
Ivalee	AL	34.04	-86.15
Jackson	AL	31.53	-87.89
Jacksons' Gap	AL	32.88	-85.82
Jacksonville	AL	33.81	-85.76
Jasper	AL	33.85	-87.27
Jemison	AL	32.97	-86.73
Joppa	AL	34.30	-86.55
Kansas	AL	33.90	-87.56
Kellyton	AL	32.98	-86.03
Kennedy	AL	33.58	-87.99
Killen	AL	34.86	-87.53
Kimberly	AL	33.78	-86.80
Kinsey	AL	31.30	-85.33
Kinston	AL	31.22	-86.17
La Fayette	AL	32.90	-85.40
Ladonia	AL	32.46	-85.09
Lake View	AL	33.29	-87.13
Lakeview	AL	34.39	-85.98
Lanett	AL	32.86	-85.21
Langston	AL	34.55	-86.09
Leeds	AL	33.55	-86.57
Leesburg	AL	34.18	-85.78
Leighton	AL	34.69	-87.52
Leroy	AL	31.49	-87.97
Lester	AL	34.98	-87.16
Level Plains	AL	31.31	-85.77
Lexington	AL	34.96	-87.37
Libertyville	AL	31.24	-86.46
Lillian	AL	30.42	-87.42
Lincoln	AL	33.58	-86.13
Linden	AL	32.30	-87.79
Lineville	AL	33.31	-85.75
Lipscomb	AL	33.43	-86.93
Lisman	AL	32.17	-88.28
Littleville	AL	34.60	-87.67
Livingston	AL	32.60	-88.19
Loachapoka	AL	32.61	-85.60
Lockhart	AL	31.01	-86.35
Locust Fork	AL	33.88	-86.65
Lookout Mountain	AL	34.12	-85.97
Louisville	AL	31.78	-85.56
Lowndesboro	AL	32.28	-86.61
Loxley	AL	30.68	-87.74
Luverne	AL	31.72	-86.27
Lynn	AL	34.06	-87.55
Macedonia	AL	33.40	-88.24
Madison	AL	34.71	-86.76
Madrid	AL	31.04	-85.40
Magnolia Springs	AL	30.40	-87.78
Malcolm	AL	31.20	-88.00
Malvern	AL	31.14	-85.52
Maplesville	AL	32.78	-86.88
Marbury	AL	32.67	-86.46
Margaret	AL	33.67	-86.46
Marion	AL	32.63	-87.32
Maytown	AL	33.55	-87.00
McCalla	AL	33.30	-87.03
McDonald Chapel	AL	33.52	-86.94
McIntosh	AL	31.26	-88.03
McKenzie	AL	31.55	-86.73
McMullen	AL	33.15	-88.18
Meadowbrook	AL	33.40	-86.70
Megargel	AL	31.38	-87.43
Memphis	AL	33.14	-88.31
Mentone	AL	34.56	-85.59
Meridianville	AL	34.87	-86.58
Midfield	AL	33.46	-86.92
Midland City	AL	31.32	-85.49
Midway	AL	32.08	-85.52
Mignon	AL	33.19	-86.26
Millbrook	AL	32.50	-86.37
Millerville	AL	33.19	-85.93
Millport	AL	33.56	-88.08
Millry	AL	31.62	-88.33
Minor	AL	33.54	-86.94
Mobile	AL	30.67	-88.10
Monroeville	AL	31.52	-87.33
Montevallo	AL	33.13	-86.85
Montgomery	AL	32.35	-86.27
Moody	AL	33.60	-86.49
Moores Mill	AL	34.85	-86.52
Mooresville	AL	34.63	-86.88
Morris	AL	33.75	-86.80
Morrison Crossroads	AL	33.42	-85.49
Mosses	AL	32.19	-86.68
Moulton	AL	34.49	-87.28
Moundville	AL	33.00	-87.63
Mount Olive	AL	33.67	-86.88
Mount Vernon	AL	31.09	-88.01
Mountain Brook	AL	33.49	-86.73
Movico	AL	31.06	-88.03
Mulga	AL	33.56	-86.97
Munford	AL	33.53	-85.95
Muscle Shoals	AL	34.74	-87.63
Myrtlewood	AL	32.25	-87.95
Nanafalia	AL	32.11	-88.00
Nances Creek	AL	33.86	-85.67
Napier Field	AL	31.31	-85.45
Natural Bridge	AL	34.09	-87.60
Nauvoo	AL	33.98	-87.49
Nectar	AL	33.98	-86.62
Needham	AL	31.99	-88.34
New Brockton	AL	31.38	-85.92
New Hope	AL	34.54	-86.41
New Market	AL	34.89	-86.43
New Site	AL	33.03	-85.78
New Union	AL	34.13	-86.23
Newbern	AL	32.59	-87.54
Newton	AL	31.34	-85.59
Newville	AL	31.42	-85.34
Nixburg	AL	32.86	-86.10
North Courtland	AL	34.68	-87.31
North Johns	AL	33.37	-87.10
Northport	AL	33.26	-87.60
Notasulga	AL	32.56	-85.67
Oak Grove	AL	33.19	-86.30
Oak Hill	AL	31.92	-87.09
Oakman	AL	33.71	-87.39
Odenville	AL	33.70	-86.42
Ohatchee	AL	33.79	-86.03
Oneonta	AL	33.95	-86.49
Onycha	AL	31.23	-86.28
Opelika	AL	32.66	-85.38
Opp	AL	31.28	-86.26
Orange Beach	AL	30.29	-87.60
Orrville	AL	32.31	-87.25
Our Town	AL	32.84	-85.97
Owens Cross Roads	AL	34.59	-86.46
Oxford	AL	33.60	-85.87
Ozark	AL	31.45	-85.65
Paint Rock	AL	34.66	-86.33
Panola	AL	32.95	-88.26
Parrish	AL	33.73	-87.28
Pea Ridge	AL	33.13	-86.94
Pelham	AL	33.32	-86.74
Pell City	AL	33.56	-86.26
Pennington	AL	32.20	-88.04
Penton	AL	33.01	-85.47
Perdido	AL	31.01	-87.63
Perdido Beach	AL	30.35	-87.50
Peterman	AL	31.58	-87.26
Petrey	AL	31.85	-86.20
Phenix City	AL	32.45	-85.03
Phil Campbell	AL	34.35	-87.71
Pickensville	AL	33.24	-88.29
Piedmont	AL	33.93	-85.62
Pike Road	AL	32.27	-86.12
Pinckard	AL	31.32	-85.54
Pine Apple	AL	31.87	-86.99
Pine Hill	AL	31.99	-87.59
Pine Level	AL	32.58	-86.45
Pine Ridge	AL	34.45	-85.78
Pinson	AL	33.71	-86.66
Pisgah	AL	34.68	-85.85
Pleasant Grove	AL	33.49	-86.98
Pleasant Groves	AL	34.74	-86.20
Point Clear	AL	30.49	-87.91
Pollard	AL	31.02	-87.17
Powell	AL	34.53	-85.90
Prattville	AL	32.45	-86.45
Priceville	AL	34.53	-86.88
Prichard	AL	30.77	-88.13
Providence	AL	32.34	-87.78
Putnam	AL	32.02	-88.03
Ragland	AL	33.75	-86.14
Rainbow City	AL	33.93	-86.08
Rainsville	AL	34.49	-85.84
Ranburne	AL	33.53	-85.34
Ray	AL	32.87	-86.05
Red Bay	AL	34.44	-88.14
Red Level	AL	31.41	-86.61
Redland	AL	32.48	-86.14
Redstone Arsenal	AL	34.69	-86.66
Reece City	AL	34.08	-86.03
Reeltown	AL	32.57	-85.82
Reform	AL	33.38	-88.02
Rehobeth	AL	31.12	-85.44
Remlap	AL	33.81	-86.59
Repton	AL	31.41	-87.24
Ridgeville	AL	34.06	-86.10
River Falls	AL	31.35	-86.54
Riverside	AL	33.62	-86.20
Riverview	AL	31.06	-87.08
Roanoke	AL	33.15	-85.37
Robertsdale	AL	30.56	-87.70
Rock Creek	AL	33.48	-87.08
Rock Mills	AL	33.16	-85.28
Rockford	AL	32.90	-86.21
Rockville	AL	31.41	-87.84
Rogersville	AL	34.83	-87.28
Rosa	AL	33.99	-86.50
Russellville	AL	34.51	-87.73
Rutledge	AL	31.72	-86.30
Saks	AL	33.71	-85.85
Samson	AL	31.11	-86.05
Sand Rock	AL	34.23	-85.77
Sanford	AL	31.30	-86.40
Saraland	AL	30.85	-88.11
Sardis City	AL	34.17	-86.12
Satsuma	AL	30.86	-88.06
Scottsboro	AL	34.64	-86.05
Section	AL	34.58	-85.98
Selma	AL	32.42	-87.04
Selmont-West Selmont	AL	32.38	-87.01
Semmes	AL	30.80	-88.25
Sheffield	AL	34.76	-87.70
Shelby	AL	33.11	-86.59
Shiloh	AL	34.46	-85.88
Shoal Creek	AL	33.43	-86.61
Shorter	AL	32.41	-85.97
Silas	AL	31.77	-88.33
Silverhill	AL	30.55	-87.75
Sims Chapel	AL	31.25	-88.14
Sipsey	AL	33.82	-87.08
Skyline	AL	34.80	-86.12
Slocomb	AL	31.11	-85.60
Smiths Station	AL	32.52	-85.10
Smoke Rise	AL	33.88	-86.82
Snead	AL	34.12	-86.39
Somerville	AL	34.47	-86.79
South Vinemont	AL	34.24	-86.86
Southside	AL	33.89	-86.02
Spanish Fort	AL	30.72	-87.87
Spring Garden	AL	33.97	-85.56
Springville	AL	33.74	-86.48
Spruce Pine	AL	34.39	-87.73
St. Florian	AL	34.87	-87.62
St. Stephens	AL	31.57	-88.05
Standing Rock	AL	33.09	-85.24
Stapleton	AL	30.74	-87.80
Steele	AL	33.94	-86.19
Sterrett	AL	33.44	-86.46
Stevenson	AL	34.88	-85.81
Stewartville	AL	33.08	-86.26
Stockton	AL	31.00	-87.87
Sulligent	AL	33.89	-88.13
Sumiton	AL	33.75	-87.05
Summerdale	AL	30.48	-87.69
Susan Moore	AL	34.09	-86.43
Sweet Water	AL	32.10	-87.86
Sylacauga	AL	33.19	-86.27
Sylvan Springs	AL	33.53	-87.03
Sylvania	AL	34.56	-85.80
Talladega	AL	33.43	-86.10
Talladega Springs	AL	33.12	-86.44
Tallassee	AL	32.53	-85.89
Tarrant	AL	33.59	-86.77
Taylor	AL	31.17	-85.48
Theodore	AL	30.54	-88.19
Thomaston	AL	32.27	-87.62
Thomasville	AL	31.92	-87.74
Thorsby	AL	32.92	-86.72
Tibbie	AL	31.37	-88.24
Tidmore Bend	AL	34.03	-85.93
Tillmans Corner	AL	30.58	-88.21
Town Creek	AL	34.67	-87.41
Toxey	AL	31.91	-88.31
Trafford	AL	33.82	-86.75
Triana	AL	34.59	-86.75
Trinity	AL	34.60	-87.08
Troy	AL	31.80	-85.97
Trussville	AL	33.66	-86.56
Tuscaloosa	AL	33.23	-87.53
Tuscumbia	AL	34.72	-87.70
Tuskegee	AL	32.42	-85.68
Twin	AL	33.99	-87.85
Underwood-Petersville	AL	34.88	-87.70
Union	AL	32.99	-87.91
Union Grove	AL	34.41	-86.45
Union Springs	AL	32.14	-85.71
Uniontown	AL	32.45	-87.49
Uriah	AL	31.31	-87.50
Valley	AL	32.80	-85.20
Valley Grande	AL	32.49	-87.03
Valley Head	AL	34.56	-85.62
Vance	AL	33.17	-87.23
Vandiver	AL	33.46	-86.53
Vernon	AL	33.76	-88.11
Vestavia Hills	AL	33.46	-86.74
Vina	AL	34.38	-88.06
Vincent	AL	33.38	-86.40
Vinegar Bend	AL	31.26	-88.37
Vredenburgh	AL	31.82	-87.32
Wadley	AL	33.12	-85.57
Waldo	AL	33.39	-86.04
Walnut Grove	AL	34.06	-86.29
Warrior	AL	33.81	-86.82
Waterloo	AL	34.92	-88.06
Waverly	AL	32.73	-85.57
Weaver	AL	33.76	-85.81
Webb	AL	31.26	-85.29
Wedowee	AL	33.31	-85.49
Weogufka	AL	33.02	-86.31
West Blocton	AL	33.12	-87.13
West End-Cobb Town	AL	33.65	-85.88
West Jefferson	AL	33.67	-87.04
West Point	AL	34.24	-86.96
Westover	AL	33.37	-86.53
Wetumpka	AL	32.54	-86.21
Whatley	AL	31.65	-87.71
White Hall	AL	32.30	-86.72
White Plains	AL	33.76	-85.69
Whitesboro	AL	34.17	-86.06
Wilsonville	AL	33.24	-86.49
Wilton	AL	33.08	-86.88
Winfield	AL	33.93	-87.79
Woodland	AL	33.38	-85.40
Woodstock	AL	33.22	-87.15
Woodville	AL	34.63	-86.28
Yellow Bluff	AL	31.96	-87.48
York	AL	32.50	-88.29
Acorn	AR	34.64	-94.20
Adona	AR	35.04	-92.90
Alexander	AR	34.62	-92.45
Alicia	AR	35.89	-91.08
Alix	AR	35.42	-93.73
Alleene	AR	33.76	-94.26
Allport	AR	34.54	-91.78
Alma	AR	35.49	-94.21
Almyra	AR	34.41	-91.41
Alpena	AR	36.29	-93.30
Alpine	AR	34.23	-93.38
Altheimer	AR	34.33	-91.85
Altus	AR	35.45	-93.76
Amagon	AR	35.56	-91.11
Amity	AR	34.27	-93.46
Anthonyville	AR	35.04	-90.34
Antoine	AR	34.03	-93.42
Aplin	AR	34.97	-92.98
Appleton	AR	35.41	-92.88
Arkadelphia	AR	34.13	-93.07
Arkansas City	AR	33.61	-91.20
Armorel	AR	35.93	-89.80
Ash Flat	AR	36.24	-91.61
Ashdown	AR	33.67	-94.13
Atkins	AR	35.24	-92.95
Aubrey	AR	34.72	-90.90
Augusta	AR	35.29	-91.36
Austin	AR	35.01	-91.99
Avilla	AR	34.69	-92.59
Avoca	AR	36.39	-94.07
Bald Knob	AR	35.31	-91.57
Banks	AR	33.58	-92.27
Barling	AR	35.33	-94.28
Bassett	AR	35.54	-90.13
Batavia	AR	36.25	-93.22
Batesville	AR	35.77	-91.62
Bauxite	AR	34.56	-92.50
Bay	AR	35.75	-90.55
Bearden	AR	33.73	-92.62
Beaver	AR	36.47	-93.78
Bee Branch	AR	35.46	-92.40
Beebe	AR	35.07	-91.90
Beedeville	AR	35.43	-91.11
Beirne	AR	33.89	-93.21
Bella Vista	AR	36.47	-94.27
Bellefonte	AR	36.20	-93.05
Belleville	AR	35.09	-93.45
Ben Lomond	AR	33.83	-94.12
Benton	AR	34.58	-92.57
Bentonville	AR	36.35	-94.23
Bergman	AR	36.31	-93.01
Berryville	AR	36.37	-93.57
Bethesda	AR	35.79	-91.79
Big Flat	AR	36.00	-92.41
Bigelow	AR	35.00	-92.63
Biggers	AR	36.33	-90.80
Birdsong	AR	35.46	-90.26
Bismarck	AR	34.32	-93.18
Black Oak	AR	35.84	-90.37
Black Rock	AR	36.11	-91.11
Black Springs	AR	34.46	-93.71
Blevins	AR	33.87	-93.58
Blue Eye	AR	36.50	-93.40
Blue Mountain	AR	35.13	-93.72
Bluff City	AR	33.74	-93.12
Blytheville	AR	35.93	-89.91
Board Camp	AR	34.53	-94.08
Bodcaw	AR	33.56	-93.39
Boles	AR	34.79	-94.05
Bonanza	AR	35.23	-94.42
Bono	AR	35.91	-90.80
Booneville	AR	35.14	-93.92
Bowman	AR	35.82	-90.50
Bradford	AR	35.42	-91.46
Bradley	AR	33.10	-93.66
Branch	AR	35.31	-93.96
Briarcliff	AR	36.27	-92.28
Brinkley	AR	34.89	-91.19
Brookland	AR	35.90	-90.57
Bryant	AR	34.62	-92.49
Buckner	AR	33.36	-93.44
Buffalo City	AR	36.17	-92.44
Bull Shoals	AR	36.37	-92.59
Burdette	AR	35.82	-89.95
Cabot	AR	34.98	-92.03
Caddo Gap	AR	34.40	-93.62
Caddo Valley	AR	34.18	-93.08
Caldwell	AR	35.07	-90.81
Cale	AR	33.63	-93.23
Calico Rock	AR	36.12	-92.13
Calion	AR	33.33	-92.54
Camden	AR	33.57	-92.85
Cammack Village	AR	34.78	-92.34
Campbell Station	AR	35.67	-91.25
Canehill	AR	35.91	-94.40
Caraway	AR	35.76	-90.32
Carlisle	AR	34.80	-91.74
Carthage	AR	34.07	-92.56
Casa	AR	35.02	-93.05
Cash	AR	35.80	-90.93
Caulksville	AR	35.30	-93.87
Cave City	AR	35.95	-91.55
Cave Springs	AR	36.27	-94.22
Cedarville	AR	35.58	-94.36
Center Point	AR	34.03	-93.95
Center Ridge	AR	35.38	-92.58
Centerton	AR	36.36	-94.30
Centerville	AR	35.12	-93.17
Central City	AR	35.34	-94.24
Charleston	AR	35.29	-94.05
Cherokee City	AR	36.29	-94.58
Cherokee Village	AR	36.29	-91.57
Cherry Valley	AR	35.40	-90.75
Chester	AR	35.68	-94.18
Chidester	AR	33.70	-93.02
Cincinnati	AR	36.05	-94.53
Clarendon	AR	34.69	-91.31
Clarkedale	AR	35.30	-90.21
Clarksville	AR	35.45	-93.48
Clinton	AR	35.58	-92.46
Coal Hill	AR	35.44	-93.67
College Station	AR	34.70	-92.23
Collins	AR	33.53	-91.57
Colt	AR	35.13	-90.81
Concord	AR	35.67	-91.86
Conway	AR	35.07	-92.47
Corinth	AR	35.07	-93.42
Corning	AR	36.41	-90.58
Cotter	AR	36.28	-92.52
Cotton Plant	AR	35.01	-91.25
Cove	AR	34.44	-94.42
Coy	AR	34.54	-91.87
Crawfordsville	AR	35.23	-90.32
Crossett	AR	33.12	-91.96
Crystal Springs	AR	34.52	-93.33
Cushman	AR	35.87	-91.78
Daisy	AR	34.24	-93.74
Damascus	AR	35.37	-92.41
Danville	AR	35.05	-93.39
Dardanelle	AR	35.23	-93.17
Datto	AR	36.39	-90.73
De Queen	AR	34.04	-94.34
De Valls Bluff	AR	34.79	-91.46
DeWitt	AR	34.29	-91.34
Decatur	AR	36.35	-94.46
Deer	AR	35.83	-93.22
Delaplaine	AR	36.23	-90.73
Delight	AR	34.03	-93.51
Dell	AR	35.86	-90.03
Dennard	AR	35.75	-92.55
Denning	AR	35.43	-93.76
Dermott	AR	33.53	-91.43
Des Arc	AR	34.98	-91.51
Desha	AR	35.73	-91.69
Diamond City	AR	36.46	-92.91
Diaz	AR	35.65	-91.26
Dierks	AR	34.12	-94.02
Donaldson	AR	34.23	-92.92
Dora	AR	35.46	-94.43
Dover	AR	35.39	-93.11
Drasco	AR	35.63	-91.94
Dumas	AR	33.88	-91.49
Dyer	AR	35.49	-94.14
Dyess	AR	35.59	-90.21
Earle	AR	35.27	-90.46
East Camden	AR	33.61	-92.74
East End	AR	34.55	-92.33
Edgemont	AR	35.60	-92.20
Edmondson	AR	35.11	-90.31
Egypt	AR	35.87	-90.95
El Dorado	AR	33.22	-92.66
El Paso	AR	35.12	-92.08
Elaine	AR	34.31	-90.85
Elkins	AR	36.02	-94.02
Elm Springs	AR	36.21	-94.24
Emerson	AR	33.10	-93.20
Emmet	AR	33.72	-93.47
England	AR	34.55	-91.97
Enola	AR	35.20	-92.21
Etowah	AR	35.72	-90.23
Eudora	AR	33.12	-91.26
Eureka Springs	AR	36.41	-93.74
Evansville	AR	35.79	-94.49
Evening Shade	AR	36.07	-91.62
Everton	AR	36.15	-92.91
Fair Oaks	AR	35.25	-91.04
Fairfield Bay	AR	35.60	-92.27
Fargo	AR	34.95	-91.18
Farmington	AR	36.04	-94.25
Fayetteville	AR	36.07	-94.17
Felsenthal	AR	33.06	-92.15
Fifty-Six	AR	35.96	-92.23
Fisher	AR	35.49	-90.97
Flippin	AR	36.28	-92.59
Floral	AR	35.59	-91.76
Floyd	AR	35.20	-91.96
Fordyce	AR	33.82	-92.42
Foreman	AR	33.72	-94.40
Forrest City	AR	35.01	-90.79
Fort Smith	AR	35.35	-94.37
Fouke	AR	33.26	-93.89
Fountain Hill	AR	33.36	-91.85
Fountain Lake	AR	34.61	-92.92
Fourche	AR	34.99	-92.62
Fox	AR	35.78	-92.30
Franklin	AR	36.17	-91.77
Fredonia (Biscoe)	AR	34.82	-91.41
Friendship	AR	34.22	-93.00
Fulton	AR	33.61	-93.81
Gamaliel	AR	36.45	-92.24
Garfield	AR	36.46	-93.98
Garland	AR	33.36	-93.71
Garner	AR	35.14	-91.78
Gassville	AR	36.28	-92.49
Gateway	AR	36.49	-93.93
Genoa	AR	33.38	-93.88
Gentry	AR	36.26	-94.49
Georgetown	AR	35.13	-91.45
Gibson	AR	34.90	-92.24
Gilbert	AR	35.99	-92.72
Gillett	AR	34.12	-91.38
Gillham	AR	34.17	-94.31
Gilmore	AR	35.41	-90.30
Glenwood	AR	34.33	-93.53
Goodwin	AR	34.94	-91.00
Goshen	AR	36.10	-94.00
Gosnell	AR	35.96	-89.97
Gould	AR	33.99	-91.56
Grady	AR	34.07	-91.70
Grannis	AR	34.24	-94.32
Gravette	AR	36.43	-94.37
Green Forest	AR	36.33	-93.43
Greenbrier	AR	35.23	-92.38
Greenland	AR	36.00	-94.19
Greenway	AR	36.34	-90.22
Greenwood	AR	35.23	-94.28
Greers Ferry	AR	35.57	-92.17
Gregory	AR	35.15	-91.33
Griffithville	AR	35.12	-91.64
Grubbs	AR	35.65	-91.08
Guion	AR	35.93	-91.94
Gum Springs	AR	34.06	-93.10
Gurdon	AR	33.92	-93.15
Guy	AR	35.33	-92.34
Hackett	AR	35.19	-94.41
Hagarville	AR	35.52	-93.33
Halley	AR	33.54	-91.32
Hamburg	AR	33.22	-91.80
Hampton	AR	33.53	-92.47
Hardy	AR	36.32	-91.48
Harrell	AR	33.51	-92.40
Harrisburg	AR	35.56	-90.72
Harrison	AR	36.24	-93.12
Hartford	AR	35.02	-94.38
Hartman	AR	35.44	-93.63
Haskell	AR	34.51	-92.64
Hatfield	AR	34.48	-94.38
Hattieville	AR	35.30	-92.78
Havana	AR	35.11	-93.53
Haynes	AR	34.89	-90.79
Hazen	AR	34.78	-91.56
Heber Springs	AR	35.50	-92.03
Hector	AR	35.46	-92.98
Helena-West Helena	AR	34.53	-90.62
Henderson	AR	36.38	-92.22
Hensley	AR	34.51	-92.21
Hermitage	AR	33.45	-92.17
Hickory Ridge	AR	35.40	-90.99
Higden	AR	35.57	-92.21
Higginson	AR	35.20	-91.72
Highfill	AR	36.27	-94.32
Highland	AR	36.27	-91.52
Hindsville	AR	36.15	-93.86
Holiday Island	AR	36.48	-93.74
Holland	AR	35.17	-92.28
Holly Grove	AR	34.60	-91.20
Hope	AR	33.67	-93.59
Horatio	AR	33.94	-94.36
Horseshoe Bend	AR	36.22	-91.74
Horseshoe Lake	AR	34.91	-90.31
Hot Springs	AR	34.49	-93.05
Hot Springs Village	AR	34.66	-92.97
Houston	AR	35.03	-92.69
Hoxie	AR	36.04	-90.97
Hughes	AR	34.95	-90.47
Humnoke	AR	34.54	-91.76
Humphrey	AR	34.42	-91.70
Hunter	AR	35.05	-91.12
Huntington	AR	35.08	-94.27
Huntsville	AR	36.10	-93.73
Huttig	AR	33.04	-92.18
Imboden	AR	36.20	-91.18
Indian Bay	AR	34.39	-91.07
Ivan	AR	33.90	-92.43
Jacksonport	AR	35.64	-91.31
Jacksonville	AR	34.88	-92.13
Jasper	AR	36.01	-93.19
Jennette	AR	35.16	-90.42
Jericho	AR	35.29	-90.23
Jerome	AR	33.40	-91.47
Jerusalem	AR	35.41	-92.82
Johnson	AR	36.13	-94.17
Joiner	AR	35.51	-90.15
Jones Mills	AR	34.44	-92.90
Jonesboro	AR	35.82	-90.68
Judsonia	AR	35.28	-91.64
Junction City	AR	33.02	-92.72
Keiser	AR	35.67	-90.10
Kensett	AR	35.24	-91.67
Keo	AR	34.61	-92.01
Kibler	AR	35.43	-94.24
Kingsland	AR	33.86	-92.30
Kingston	AR	36.06	-93.51
Kirby	AR	34.25	-93.65
Knobel	AR	36.32	-90.60
Knoxville	AR	35.38	-93.36
LaGrange	AR	34.66	-90.73
Lacey	AR	33.45	-91.85
Lafe	AR	36.21	-90.50
Lake City	AR	35.82	-90.45
Lake Hamilton	AR	34.43	-93.08
Lake View	AR	34.42	-90.81
Lake Village	AR	33.33	-91.28
Lakeview	AR	36.37	-92.54
Lamar	AR	35.44	-93.39
Landmark	AR	34.61	-92.32
Lavaca	AR	35.33	-94.18
Lawson	AR	33.20	-92.49
Leachville	AR	35.91	-90.25
Lead Hill	AR	36.41	-92.91
Leola	AR	34.17	-92.59
Lepanto	AR	35.61	-90.33
Leslie	AR	35.83	-92.56
Letona	AR	35.36	-91.83
Lewisville	AR	33.36	-93.58
Lexa	AR	34.60	-90.75
Lincoln	AR	35.95	-94.42
Little Flock	AR	36.38	-94.14
Little Rock	AR	34.73	-92.36
Lockesburg	AR	33.97	-94.18
London	AR	35.33	-93.24
Lonoke	AR	34.79	-91.91
Lonsdale	AR	34.54	-92.81
Lost Bridge Village	AR	36.39	-93.92
Louann	AR	33.39	-92.79
Lowell	AR	36.26	-94.15
Luxora	AR	35.76	-89.93
Lynn	AR	36.00	-91.25
Madison	AR	35.02	-90.73
Magazine	AR	35.15	-93.81
Magness	AR	35.70	-91.48
Magnet Cove	AR	34.45	-92.84
Magnolia	AR	33.28	-93.23
Malvern	AR	34.37	-92.82
Mammoth Spring	AR	36.49	-91.54
Manila	AR	35.88	-90.17
Mansfield	AR	35.06	-94.23
Marianna	AR	34.77	-90.77
Marie	AR	35.61	-90.08
Marion	AR	35.20	-90.21
Marked Tree	AR	35.53	-90.43
Marmaduke	AR	36.19	-90.39
Marshall	AR	35.91	-92.65
Marvell	AR	34.56	-90.92
Maumelle	AR	34.85	-92.40
Mayflower	AR	34.97	-92.43
Maynard	AR	36.42	-90.90
Maysville	AR	36.40	-94.59
McAlmont	AR	34.79	-92.20
McCaskill	AR	33.92	-93.64
McCrory	AR	35.26	-91.20
McDougal	AR	36.44	-90.39
McGehee	AR	33.63	-91.40
McNab	AR	33.66	-93.83
McNeil	AR	33.35	-93.21
McRae	AR	35.11	-91.83
Melbourne	AR	36.06	-91.88
Mellwood	AR	34.22	-90.94
Mena	AR	34.58	-94.24
Menifee	AR	35.15	-92.55
Midland	AR	35.09	-94.35
Midway	AR	36.39	-92.48
Mineral Springs	AR	33.88	-93.92
Minturn	AR	35.98	-91.03
Mitchellville	AR	33.91	-91.50
Monette	AR	35.89	-90.34
Monroe	AR	34.73	-91.11
Monticello	AR	33.62	-91.79
Montrose	AR	33.30	-91.50
Moorefield	AR	35.77	-91.57
Moro	AR	34.79	-90.99
Morrilton	AR	35.16	-92.74
Morrison Bluff	AR	35.38	-93.52
Morrow	AR	35.86	-94.43
Mount Holly	AR	33.31	-92.95
Mount Ida	AR	34.55	-93.63
Mount Judea	AR	35.93	-93.06
Mount Olive	AR	36.00	-92.09
Mount Pleasant	AR	35.98	-91.78
Mount Vernon	AR	35.22	-92.12
Mountain Home	AR	36.34	-92.38
Mountain Pine	AR	34.57	-93.17
Mountain View	AR	35.86	-92.11
Mountainburg	AR	35.65	-94.16
Mulberry	AR	35.51	-94.07
Murfreesboro	AR	34.07	-93.69
Nashville	AR	33.94	-93.85
Natural Steps	AR	34.87	-92.50
New Blaine	AR	35.29	-93.42
New Edinburg	AR	33.76	-92.24
Newark	AR	35.71	-91.44
Newhope	AR	34.22	-93.88
Newport	AR	35.62	-91.23
Nimmons	AR	36.31	-90.10
Norfork	AR	36.21	-92.28
Norman	AR	34.46	-93.68
Norphlet	AR	33.32	-92.66
North Crossett	AR	33.17	-91.93
North Little Rock	AR	34.78	-92.24
O'Kean	AR	36.17	-90.82
Oak Grove	AR	35.36	-92.96
Oak Grove Heights	AR	36.13	-90.50
Oakhaven	AR	33.73	-93.62
Oakland	AR	36.46	-92.57
Oark	AR	35.69	-93.58
Oden	AR	34.62	-93.78
Ogden	AR	33.59	-94.05
Oil Trough	AR	35.63	-91.46
Okolona	AR	34.00	-93.34
Ola	AR	35.03	-93.22
Omaha	AR	36.46	-93.19
Oneida	AR	34.46	-90.79
Oppelo	AR	35.10	-92.77
Osceola	AR	35.69	-89.99
Oxford	AR	36.21	-91.92
Ozan	AR	33.85	-93.72
Ozark	AR	35.50	-93.85
Ozark Acres	AR	36.30	-91.39
Ozone	AR	35.64	-93.45
Palestine	AR	34.97	-90.91
Pangburn	AR	35.43	-91.84
Paragould	AR	36.05	-90.51
Paris	AR	35.29	-93.73
Parkdale	AR	33.12	-91.55
Parkin	AR	35.26	-90.55
Patmos	AR	33.51	-93.57
Patterson	AR	35.26	-91.23
Payneway	AR	35.55	-90.51
Pea Ridge	AR	36.45	-94.13
Peach Orchard	AR	36.28	-90.66
Pearcy	AR	34.44	-93.29
Pencil Bluff	AR	34.63	-93.74
Perla	AR	34.36	-92.78
Perry	AR	35.05	-92.79
Perrytown	AR	33.70	-93.53
Perryville	AR	35.01	-92.80
Piggott	AR	36.39	-90.20
Pindall	AR	36.06	-92.86
Pine Bluff	AR	34.21	-92.02
Pineville	AR	36.16	-92.11
Piney	AR	34.50	-93.14
Plainview	AR	34.99	-93.30
Pleasant Grove	AR	35.82	-91.91
Pleasant Plains	AR	35.55	-91.63
Plumerville	AR	35.16	-92.64
Pocahontas	AR	36.26	-90.97
Pollard	AR	36.43	-90.27
Ponca	AR	36.03	-93.36
Poplar Grove	AR	34.55	-90.85
Portia	AR	36.08	-91.07
Portland	AR	33.24	-91.51
Pottsville	AR	35.23	-93.06
Powhatan	AR	36.09	-91.12
Poyen	AR	34.32	-92.64
Prairie Creek	AR	36.33	-94.06
Prairie Grove	AR	35.99	-94.30
Prattsville	AR	34.32	-92.54
Prescott	AR	33.80	-93.39
Princeton	AR	33.98	-92.62
Pyatt	AR	36.25	-92.85
Quitman	AR	35.38	-92.21
Ratcliff	AR	35.31	-93.89
Ravenden	AR	36.24	-91.25
Ravenden Springs	AR	36.31	-91.22
Reader	AR	33.75	-93.10
Rector	AR	36.26	-90.29
Redfield	AR	34.44	-92.19
Reed	AR	33.70	-91.45
Reyno	AR	36.36	-90.76
Rison	AR	33.96	-92.19
Rivervale	AR	35.68	-90.34
Rockport	AR	34.41	-92.80
Rockwell	AR	34.46	-93.13
Roe	AR	34.63	-91.39
Rogers	AR	36.32	-94.15
Roland	AR	34.90	-92.52
Rondo	AR	34.66	-90.82
Rose Bud	AR	35.32	-92.08
Rosston	AR	33.59	-93.29
Rover	AR	34.95	-93.41
Rudy	AR	35.53	-94.24
Russell	AR	35.36	-91.51
Russellville	AR	35.28	-93.14
Rye	AR	33.75	-92.00
Salado	AR	35.70	-91.59
Salem	AR	34.63	-92.56
Salesville	AR	36.24	-92.28
Saratoga	AR	33.74	-93.90
Sardis	AR	34.53	-92.41
Scott	AR	34.70	-92.09
Scranton	AR	35.36	-93.54
Searcy	AR	35.24	-91.74
Sedgwick	AR	35.97	-90.86
Shannon Hills	AR	34.62	-92.40
Sheridan	AR	34.32	-92.44
Sherrill	AR	34.39	-91.95
Sherwood	AR	34.85	-92.20
Shirley	AR	35.64	-92.31
Sidney	AR	36.00	-91.66
Siloam Springs	AR	36.18	-94.53
Smackover	AR	33.36	-92.73
Smithville	AR	36.08	-91.30
South Lead Hill	AR	36.40	-92.91
Southside	AR	35.72	-91.63
Sparkman	AR	33.92	-92.85
Springdale	AR	36.19	-94.16
Springfield	AR	35.27	-92.55
Springtown	AR	36.26	-94.42
St. Charles	AR	34.37	-91.14
St. Francis	AR	36.45	-90.14
St. Joe	AR	36.03	-92.80
St. Paul	AR	35.83	-93.77
Stamps	AR	33.35	-93.50
Star City	AR	33.94	-91.84
Staves	AR	34.03	-92.28
Stephens	AR	33.42	-93.07
Strawberry	AR	35.97	-91.32
Strong	AR	33.11	-92.36
Stuttgart	AR	34.50	-91.55
Subiaco	AR	35.30	-93.64
Success	AR	36.45	-90.72
Sulphur Rock	AR	35.75	-91.50
Sulphur Springs	AR	34.17	-92.13
Summers	AR	35.99	-94.48
Summit	AR	36.25	-92.69
Sunset	AR	35.22	-90.21
Sweet Home	AR	34.67	-92.25
Swifton	AR	35.82	-91.13
Taylor	AR	33.10	-93.46
Texarkana	AR	33.44	-93.99
Thornton	AR	33.77	-92.49
Tillar	AR	33.71	-91.45
Tinsman	AR	33.63	-92.35
Tollette	AR	33.82	-93.90
Tontitown	AR	36.17	-94.24
Traskwood	AR	34.45	-92.67
Trumann	AR	35.68	-90.53
Tucker	AR	34.44	-91.95
Tuckerman	AR	35.73	-91.20
Tull	AR	34.44	-92.59
Tumbling Shoals	AR	35.55	-91.97
Tupelo	AR	35.39	-91.23
Turrell	AR	35.37	-90.27
Twin Groves	AR	35.33	-92.41
Tyronza	AR	35.49	-90.36
Ulm	AR	34.58	-91.46
Uniontown	AR	35.59	-94.45
Urbana	AR	33.16	-92.45
Valley Springs	AR	36.15	-92.99
Van Buren	AR	35.45	-94.35
Vandervoort	AR	34.38	-94.36
Vanndale	AR	35.32	-90.77
Victoria	AR	35.76	-90.06
Vilonia	AR	35.08	-92.22
Viola	AR	36.40	-91.99
Violet Hill	AR	36.15	-91.84
Wabbaseka	AR	34.36	-91.79
Walcott	AR	36.05	-90.67
Waldenburg	AR	35.57	-90.93
Waldo	AR	33.35	-93.30
Waldron	AR	34.90	-94.09
Walnut Ridge	AR	36.08	-90.95
Ward	AR	35.01	-91.96
Warm Springs	AR	36.48	-91.05
Warren	AR	33.61	-92.07
Washington	AR	33.77	-93.68
Watson	AR	33.89	-91.26
Wayton	AR	35.92	-93.26
Weiner	AR	35.62	-90.91
Weldon	AR	35.45	-91.23
Wesley	AR	36.03	-93.92
West Crossett	AR	33.15	-92.02
West Fork	AR	35.93	-94.18
West Memphis	AR	35.15	-90.20
West Point	AR	35.20	-91.61
Western Grove	AR	36.10	-92.95
Wheatley	AR	34.92	-91.11
Whelen Springs	AR	33.83	-93.13
White Hall	AR	34.28	-92.10
Wickes	AR	34.30	-94.33
Widener	AR	35.02	-90.68
Wiederkehr Village	AR	35.48	-93.76
Wilburn	AR	35.51	-91.89
Williford	AR	36.25	-91.36
Willisville	AR	33.52	-93.29
Wilmar	AR	33.63	-91.93
Wilmot	AR	33.06	-91.58
Wilson	AR	35.57	-90.04
Wilton	AR	33.74	-94.15
Winchester	AR	33.77	-91.47
Winslow	AR	35.80	-94.13
Winthrop	AR	33.83	-94.35
Witts Springs	AR	35.77	-92.88
Woodlawn	AR	33.97	-92.05
Woodson	AR	34.54	-92.22
Wooster	AR	35.20	-92.45
Wrightsville	AR	34.62	-92.22
Wynne	AR	35.24	-90.79
Yarborough Landing	AR	33.72	-94.01
Yellville	AR	36.23	-92.69
Zinc	AR	36.28	-92.91
Aguila	AZ	33.94	-113.17
Ajo	AZ	32.39	-112.88
Ak Chin	AZ	32.29	-112.01
Ak-Chin Village	AZ	33.02	-112.08
Alamo Lake	AZ	34.26	-113.50
Ali Chuk	AZ	31.82	-112.56
Ali Chukson	AZ	31.91	-111.80
Ali Molina	AZ	31.90	-111.78
Alpine	AZ	33.85	-109.14
Amado	AZ	31.70	-111.06
Anegam	AZ	32.37	-112.03
Antares	AZ	35.42	-113.81
Anthem	AZ	33.85	-112.13
Apache Junction	AZ	33.38	-111.54
Arivaca	AZ	31.57	-111.29
Arivaca Junction	AZ	31.74	-111.07
Arizona City	AZ	32.75	-111.67
Arizona Village	AZ	34.85	-114.59
Arlington	AZ	33.33	-112.77
Ash Fork	AZ	35.22	-112.49
Avenue B and C	AZ	32.72	-114.66
Avondale	AZ	33.31	-112.33
Avra Valley	AZ	32.42	-111.34
Aztec	AZ	32.81	-113.44
Bagdad	AZ	34.58	-113.18
Bear Flat	AZ	34.29	-111.07
Beaver Dam	AZ	36.91	-113.94
Beaver Valley	AZ	34.34	-111.30
Bellemont	AZ	35.24	-111.81
Benson	AZ	31.91	-110.33
Beyerville	AZ	31.39	-110.87
Bisbee	AZ	31.40	-109.93
Bitter Springs	AZ	36.61	-111.65
Black Canyon City	AZ	34.07	-112.12
Blackwater	AZ	33.04	-111.58
Blue Ridge	AZ	34.64	-111.11
Bluewater	AZ	34.17	-114.26
Bouse	AZ	33.90	-114.00
Bowie	AZ	32.32	-109.48
Brenda	AZ	33.67	-113.94
Bryce	AZ	32.93	-109.82
Buckeye	AZ	33.43	-112.64
Buckshot	AZ	32.74	-114.48
Bullhead City	AZ	35.13	-114.56
Burnside	AZ	35.75	-109.62
Bylas	AZ	33.13	-110.11
Cactus Flats	AZ	32.76	-109.72
Cactus Forest	AZ	32.96	-111.32
Cameron	AZ	35.85	-111.43
Camp Verde	AZ	34.57	-111.86
Campo Bonito	AZ	32.56	-110.70
Cane Beds	AZ	36.93	-112.91
Canyon Day	AZ	33.78	-110.04
Carefree	AZ	33.82	-111.91
Carrizo	AZ	33.98	-110.33
Casa Blanca	AZ	33.12	-111.91
Casa Grande	AZ	32.91	-111.76
Casas Adobes	AZ	32.34	-111.01
Catalina	AZ	32.48	-110.90
Catalina Foothills	AZ	32.30	-110.88
Cave Creek	AZ	33.84	-111.98
Cedar Creek	AZ	33.89	-110.20
Centennial Park	AZ	36.95	-112.98
Central	AZ	32.87	-109.79
Central Heights-Midland City	AZ	33.40	-110.82
Chandler	AZ	33.28	-111.85
Charco	AZ	32.25	-112.60
Chiawuli Tak	AZ	31.94	-111.78
Chilchinbito	AZ	36.49	-110.05
Chinle	AZ	36.15	-109.58
Chino Valley	AZ	34.74	-112.41
Chloride	AZ	35.41	-114.20
Christopher Creek	AZ	34.32	-111.01
Chuichu	AZ	32.74	-111.78
Cibecue	AZ	34.03	-110.49
Cibola	AZ	33.37	-114.68
Cienega Springs	AZ	34.20	-114.21
Circle City	AZ	33.81	-112.58
Citrus Park	AZ	33.53	-112.45
Clacks Canyon	AZ	35.22	-114.07
Clarkdale	AZ	34.75	-112.06
Clay Springs	AZ	34.36	-110.30
Claypool	AZ	33.41	-110.84
Clifton	AZ	33.03	-109.28
Colorado City	AZ	36.97	-112.99
Comobabi	AZ	32.06	-111.80
Concho	AZ	34.47	-109.61
Congress	AZ	34.15	-112.87
Coolidge	AZ	32.93	-111.52
Copper Hill	AZ	33.43	-110.75
Cordes Lakes	AZ	34.31	-112.11
Cornfields	AZ	35.65	-109.68
Cornville	AZ	34.74	-111.91
Corona de Tucson	AZ	31.95	-110.78
Cottonwood	AZ	34.75	-111.98
Cowlic	AZ	31.80	-111.99
Crozier	AZ	35.42	-113.65
Crystal Beach	AZ	34.57	-114.39
Cutter	AZ	33.36	-110.66
Dateland	AZ	32.82	-113.54
Deer Creek	AZ	34.07	-111.35
Del Muerto	AZ	36.19	-109.44
Dennehotso	AZ	36.83	-109.88
Desert Hills	AZ	34.55	-114.38
Dewey-Humboldt	AZ	34.52	-112.25
Dilkon	AZ	35.35	-110.31
Dolan Springs	AZ	35.59	-114.29
Doney Park	AZ	35.27	-111.52
Donovan Estates	AZ	32.71	-114.68
Douglas	AZ	31.40	-109.54
Dragoon	AZ	32.02	-110.03
Drexel Heights	AZ	32.15	-111.05
Dripping Springs	AZ	33.10	-110.75
Drysdale	AZ	32.65	-114.71
Dudleyville	AZ	32.86	-110.72
Duncan	AZ	32.75	-109.09
Eagar	AZ	34.11	-109.30
East Fork	AZ	33.81	-109.92
East Globe	AZ	33.35	-110.71
East Verde Estates	AZ	34.30	-111.36
Ehrenberg	AZ	33.61	-114.48
El Capitan	AZ	33.24	-110.78
El Mirage	AZ	33.59	-112.33
El Prado Estates	AZ	32.71	-114.52
Elephant Head	AZ	31.77	-110.99
Elfrida	AZ	31.68	-109.69
Elgin	AZ	31.67	-110.53
Eloy	AZ	32.74	-111.59
First Mesa	AZ	35.83	-110.37
Flagstaff	AZ	35.19	-111.62
Florence	AZ	33.07	-111.41
Flowing Springs	AZ	34.31	-111.33
Flowing Wells	AZ	32.29	-111.01
Forest Lakes	AZ	34.33	-110.81
Fort Apache	AZ	33.79	-109.99
Fort Defiance	AZ	35.75	-109.07
Fort Mohave	AZ	35.00	-114.57
Fort Thomas	AZ	33.03	-109.96
Fort Valley	AZ	35.32	-111.74
Fortuna Foothills	AZ	32.66	-114.40
Fountain Hills	AZ	33.61	-111.74
Franklin	AZ	32.68	-109.07
Fredonia	AZ	36.96	-112.52
Freedom Acres	AZ	34.32	-111.31
Gadsden	AZ	32.56	-114.78
Ganado	AZ	35.69	-109.56
Geronimo Estates	AZ	34.37	-111.36
Gila Bend	AZ	32.97	-112.72
Gila Crossing	AZ	33.27	-112.16
Gilbert	AZ	33.31	-111.74
Gisela	AZ	34.10	-111.29
Glendale	AZ	33.53	-112.19
Globe	AZ	33.39	-110.74
Gold Canyon	AZ	33.36	-111.42
Golden Shores	AZ	34.78	-114.48
Golden Valley	AZ	35.21	-114.23
Goodyear	AZ	33.25	-112.37
Goodyear Village	AZ	33.20	-111.87
Grand Canyon Village	AZ	36.06	-112.16
Grand Canyon West	AZ	36.00	-113.80
Greasewood	AZ	35.53	-109.86
Green Valley	AZ	31.84	-111.00
Greenehaven	AZ	37.00	-111.56
Greer	AZ	34.01	-109.46
Gu Oidak	AZ	31.92	-112.02
Guadalupe	AZ	33.37	-111.96
Hackberry	AZ	35.34	-113.73
Haigler Creek	AZ	34.22	-110.97
Haivana Nakya	AZ	32.01	-111.71
Hard Rock	AZ	36.03	-110.50
Hayden	AZ	32.99	-110.78
Heber-Overgaard	AZ	34.41	-110.57
Holbrook	AZ	34.90	-110.17
Hondah	AZ	34.09	-109.93
Hotevilla-Bacavi	AZ	35.92	-110.64
Houck	AZ	35.27	-109.22
Huachuca City	AZ	31.63	-110.34
Hunter Creek	AZ	34.31	-111.02
Icehouse Canyon	AZ	33.35	-110.80
Indian Wells	AZ	35.41	-110.11
J-Six Ranchettes	AZ	31.97	-110.47
Jakes Corner	AZ	34.01	-111.32
Jeddito	AZ	35.77	-110.13
Jerome	AZ	34.75	-112.11
Joseph City	AZ	34.96	-110.33
Kachina Village	AZ	35.09	-111.70
Kaibab	AZ	36.88	-112.73
Kaibab Estates West	AZ	35.27	-112.50
Kaibito	AZ	36.59	-111.11
Kaka	AZ	32.51	-112.31
Katherine	AZ	35.22	-114.56
Kayenta	AZ	36.72	-110.26
Keams Canyon	AZ	35.82	-110.20
Kearny	AZ	33.06	-110.91
Kingman	AZ	35.22	-114.01
Kino Springs	AZ	31.36	-110.81
Klagetoh	AZ	35.50	-109.53
Kleindale	AZ	32.27	-110.91
Ko Vaya	AZ	32.08	-111.90
Kohatk	AZ	32.58	-112.00
Kohls Ranch	AZ	34.32	-111.08
Komatke	AZ	33.30	-112.16
Kykotsmovi Village	AZ	35.81	-110.66
La Paz Valley	AZ	33.56	-114.24
Lake Havasu City	AZ	34.50	-114.31
Lake Montezuma	AZ	34.64	-111.80
Lake of the Woods	AZ	34.15	-109.99
Lazy Y U	AZ	35.14	-113.97
LeChee	AZ	36.86	-111.42
Leupp	AZ	35.30	-111.00
Linden	AZ	34.27	-110.14
Litchfield Park	AZ	33.50	-112.36
Littlefield	AZ	36.87	-113.94
Low Mountain	AZ	35.95	-110.10
Lower Santan Village	AZ	33.14	-111.79
Lukachukai	AZ	36.41	-109.23
Lupton	AZ	35.35	-109.05
Maish Vaya	AZ	32.17	-112.13
Mammoth	AZ	32.69	-110.73
Many Farms	AZ	36.34	-109.64
Marana	AZ	32.47	-111.14
Maricopa	AZ	33.04	-112.00
Maricopa Colony	AZ	33.36	-112.23
Martinez Lake	AZ	32.98	-114.47
Mayer	AZ	34.42	-112.24
McConnico	AZ	35.16	-114.09
McNary	AZ	34.09	-109.85
McNeal	AZ	31.61	-109.66
Mead Ranch	AZ	34.35	-111.14
Meadview	AZ	35.95	-114.08
Mesa	AZ	33.40	-111.72
Mesa del Caballo	AZ	34.29	-111.30
Mescal	AZ	31.97	-110.44
Mesquite Creek	AZ	34.96	-114.57
Miami	AZ	33.40	-110.87
Miracle Valley	AZ	31.38	-110.15
Moccasin	AZ	36.91	-112.75
Moenkopi	AZ	36.11	-111.22
Mohave Valley	AZ	34.90	-114.57
Mojave Ranch Estates	AZ	34.94	-114.59
Morenci	AZ	33.06	-109.33
Mormon Lake	AZ	34.91	-111.45
Morristown	AZ	33.86	-112.61
Mountain View Ranches	AZ	35.23	-111.47
Mountainaire	AZ	35.09	-111.65
Munds Park	AZ	34.94	-111.63
Naco	AZ	31.35	-109.93
Nazlini	AZ	35.91	-109.47
Nelson	AZ	32.43	-111.26
New Kingman-Butler	AZ	35.26	-114.01
New River	AZ	33.88	-112.09
Nogales	AZ	31.36	-110.93
Nolic	AZ	32.03	-111.96
North Fork	AZ	34.01	-109.96
Nutrioso	AZ	33.95	-109.21
Oak Creek Canyon	AZ	34.95	-111.75
Oak Springs	AZ	35.48	-109.13
Oatman	AZ	35.03	-114.38
Oljato-Monument Valley	AZ	36.99	-110.21
Oracle	AZ	32.61	-110.78
Orange Grove Mobile Manor	AZ	32.60	-114.66
Oro Valley	AZ	32.42	-110.98
Oxbow Estates	AZ	34.18	-111.34
Padre Ranchitos	AZ	32.65	-114.64
Page	AZ	36.94	-111.51
Palominas	AZ	31.39	-110.12
Paradise Valley	AZ	33.55	-111.96
Parker	AZ	34.03	-114.23
Parker Strip	AZ	34.27	-114.13
Parks	AZ	35.29	-111.97
Patagonia	AZ	31.54	-110.75
Paulden	AZ	34.89	-112.49
Payson	AZ	34.24	-111.32
Peach Springs	AZ	35.53	-113.43
Peeples Valley	AZ	34.28	-112.77
Peoria	AZ	33.79	-112.31
Peridot	AZ	33.30	-110.46
Phoenix	AZ	33.57	-112.09
Picacho	AZ	32.71	-111.49
Picture Rocks	AZ	32.32	-111.26
Pima	AZ	32.89	-109.84
Pinal	AZ	33.38	-110.76
Pine	AZ	34.38	-111.46
Pine Lake	AZ	35.09	-113.87
Pinedale	AZ	34.32	-110.26
Pinetop Country Club	AZ	34.12	-109.89
Pinetop-Lakeside	AZ	34.15	-109.97
Pinion Pines	AZ	35.15	-113.91
Pinon	AZ	36.10	-110.22
Pirtleville	AZ	31.36	-109.57
Pisinemo	AZ	32.03	-112.32
Poston	AZ	33.99	-114.40
Prescott	AZ	34.59	-112.45
Prescott Valley	AZ	34.60	-112.32
Quartzsite	AZ	33.67	-114.22
Queen Creek	AZ	33.24	-111.61
Queen Valley	AZ	33.28	-111.30
Rainbow City	AZ	33.87	-109.98
Rancho Mesa Verde	AZ	32.59	-114.66
Red Lake	AZ	35.36	-112.17
Red Mesa	AZ	36.97	-109.37
Red Rock	AZ	32.56	-111.37
Rillito	AZ	32.42	-111.15
Rincon Valley	AZ	32.11	-110.69
Rio Rico	AZ	31.50	-110.99
Rio Verde	AZ	33.73	-111.68
Rock House	AZ	33.63	-110.94
Rock Point	AZ	36.70	-109.62
Roosevelt	AZ	33.66	-111.13
Roosevelt Estates	AZ	33.62	-111.00
Rough Rock	AZ	36.41	-109.87
Round Rock	AZ	36.50	-109.46
Round Valley	AZ	34.19	-111.30
Rye	AZ	34.10	-111.35
Sacate Village	AZ	33.14	-111.98
Sacaton	AZ	33.08	-111.76
Sacaton Flats Village	AZ	33.06	-111.66
Saddlebrooke	AZ	32.56	-110.87
Safford	AZ	32.83	-109.70
Sahuarita	AZ	31.93	-110.97
Salome	AZ	33.78	-113.61
San Carlos	AZ	33.34	-110.48
San Jose	AZ	32.82	-109.59
San Luis	AZ	32.49	-114.72
San Manuel	AZ	32.61	-110.64
San Miguel	AZ	31.63	-111.78
San Simon	AZ	32.27	-109.23
San Tan Valley	AZ	33.18	-111.56
Sanders	AZ	35.21	-109.32
Santa Cruz	AZ	33.23	-112.16
Santa Rosa	AZ	32.33	-112.05
Sawmill	AZ	35.89	-109.16
Scenic	AZ	36.79	-114.01
Scottsdale	AZ	33.68	-111.86
Seba Dalkai	AZ	35.48	-110.45
Second Mesa	AZ	35.85	-110.50
Sedona	AZ	34.86	-111.79
Sehili	AZ	36.28	-109.19
Seligman	AZ	35.33	-112.86
Sells	AZ	31.92	-111.87
Seven Mile	AZ	33.79	-109.96
Shongopovi	AZ	35.81	-110.53
Shonto	AZ	36.59	-110.66
Show Low	AZ	34.27	-110.04
Shumway	AZ	34.41	-110.06
Sierra Vista	AZ	31.57	-110.31
Sierra Vista Southeast	AZ	31.45	-110.22
Six Shooter Canyon	AZ	33.37	-110.77
Snowflake	AZ	34.52	-110.09
So-Hi	AZ	35.25	-114.14
Solomon	AZ	32.81	-109.63
Somerton	AZ	32.60	-114.70
Sonoita	AZ	31.67	-110.64
South Komelik	AZ	31.71	-111.77
South Tucson	AZ	32.20	-110.97
Spring Valley	AZ	34.35	-112.16
Springerville	AZ	34.17	-109.31
St. David	AZ	31.89	-110.22
St. Johns	AZ	34.50	-109.38
St. Michaels	AZ	35.66	-109.10
Stanfield	AZ	32.88	-111.96
Star Valley	AZ	34.25	-111.22
Steamboat	AZ	35.75	-109.85
Stotonic Village	AZ	33.15	-111.82
Strawberry	AZ	34.39	-111.50
Summerhaven	AZ	32.44	-110.78
Summit	AZ	32.06	-110.95
Sun City	AZ	33.62	-112.28
Sun City West	AZ	33.67	-112.36
Sun Lakes	AZ	33.21	-111.87
Sun Valley	AZ	34.98	-110.03
Sunizona	AZ	31.89	-109.63
Sunsites	AZ	31.94	-109.84
Sunwest	AZ	33.65	-113.41
Supai	AZ	36.23	-112.69
Superior	AZ	33.27	-111.12
Surprise	AZ	33.67	-112.45
Sweet Water Village	AZ	33.12	-111.84
Swift Trail Junction	AZ	32.73	-109.72
Tacna	AZ	32.70	-113.96
Tanque Verde	AZ	32.27	-110.74
Tat Momoli	AZ	32.60	-111.89
Taylor	AZ	34.44	-110.10
Teec Nos Pos	AZ	36.93	-109.06
Tees Toh	AZ	35.49	-110.41
Tempe	AZ	33.39	-111.93
Thatcher	AZ	32.81	-109.77
Theba	AZ	32.92	-112.89
Three Points	AZ	32.06	-111.29
Timberline-Fernwood	AZ	35.32	-111.55
Tolani Lake	AZ	35.43	-110.84
Tolleson	AZ	33.45	-112.26
Tombstone	AZ	31.72	-110.08
Tonalea	AZ	36.32	-110.97
Tonopah	AZ	33.49	-112.93
Tonto Basin	AZ	33.84	-111.30
Tonto Village	AZ	34.32	-111.14
Top-of-the-World	AZ	33.35	-111.00
Topawa	AZ	31.81	-111.83
Topock	AZ	34.72	-114.48
Toyei	AZ	35.70	-109.94
Truxton	AZ	35.49	-113.56
Tsaile	AZ	36.30	-109.22
Tuba City	AZ	36.13	-111.25
Tubac	AZ	31.61	-111.06
Tucson	AZ	32.15	-110.87
Tucson Estates	AZ	32.18	-111.13
Tucson Mountains	AZ	32.28	-111.08
Tumacacori-Carmen	AZ	31.57	-111.05
Turkey Creek	AZ	33.80	-109.95
Tusayan	AZ	35.95	-112.12
Upper Santan Village	AZ	33.12	-111.74
Utting	AZ	33.85	-113.91
Vail	AZ	32.02	-110.69
Vaiva Vo	AZ	32.72	-111.93
Valencia West	AZ	32.14	-111.11
Valentine	AZ	35.39	-113.66
Valle	AZ	35.68	-112.15
Valle Vista	AZ	35.41	-113.86
Ventana	AZ	32.47	-112.24
Verde Village	AZ	34.71	-111.99
Vernon	AZ	34.25	-109.69
Vicksburg	AZ	33.73	-113.83
Village of Oak Creek (Big Park)	AZ	34.78	-111.76
Wagon Wheel	AZ	34.20	-110.03
Wahak Hotrontk	AZ	32.17	-112.37
Wall Lane	AZ	32.66	-114.71
Walnut Creek	AZ	35.13	-114.13
Washington Park	AZ	34.40	-111.27
Wellton	AZ	32.64	-114.22
Wellton Hills	AZ	32.62	-114.15
Wenden	AZ	33.83	-113.54
Wet Camp Village	AZ	33.14	-111.90
Wheatfields	AZ	33.47	-110.82
Whetstone	AZ	31.72	-110.29
Whispering Pines	AZ	34.37	-111.28
White Hills	AZ	35.72	-114.40
White Mountain Lake	AZ	34.34	-109.99
Whitecone	AZ	35.60	-110.08
Whiteriver	AZ	33.84	-109.96
Why	AZ	32.26	-112.73
Wickenburg	AZ	33.99	-112.76
Wide Ruins	AZ	35.42	-109.50
Wikieup	AZ	34.69	-113.60
Wilhoit	AZ	34.41	-112.62
Willcox	AZ	32.25	-109.84
Williams	AZ	35.25	-112.18
Williamson	AZ	34.71	-112.53
Willow Canyon	AZ	32.39	-110.70
Willow Valley	AZ	34.93	-114.63
Window Rock	AZ	35.67	-109.06
Winkelman	AZ	32.98	-110.76
Winslow	AZ	35.02	-110.71
Winslow West	AZ	34.99	-110.71
Wintersburg	AZ	33.42	-112.87
Wittmann	AZ	33.77	-112.53
Woodruff	AZ	34.79	-110.03
Yarnell	AZ	34.23	-112.76
York	AZ	32.92	-109.20
Young	AZ	34.12	-110.94
Youngtown	AZ	33.58	-112.30
Yucca	AZ	34.86	-114.15
Yuma	AZ	32.52	-114.52
Yuma Proving Ground	AZ	32.87	-114.44
Acalanes Ridge	CA	37.90	-122.08
Acampo	CA	38.17	-121.28
Acton	CA	34.50	-118.18
Adelanto	CA	34.58	-117.44
Adin	CA	41.20	-120.96
Agoura Hills	CA	34.15	-118.76
Agua Dulce	CA	34.50	-118.32
Aguanga	CA	33.45	-116.86
Ahwahnee	CA	37.37	-119.72
Airport	CA	37.63	-120.97
Alameda	CA	37.74	-122.26
Alamo	CA	37.85	-122.01
Albany	CA	37.89	-122.32
Albion	CA	39.23	-123.76
Alderpoint	CA	40.16	-123.62
Alhambra	CA	34.08	-118.14
Alhambra Valley	CA	37.97	-122.14
Aliso Viejo	CA	33.58	-117.73
Alleghany	CA	39.47	-120.84
Allendale	CA	38.44	-121.98
Allensworth	CA	35.85	-119.39
Almanor	CA	40.21	-121.18
Alondra Park	CA	33.89	-118.34
Alpaugh	CA	35.89	-119.49
Alpine	CA	32.84	-116.76
Alpine Village	CA	38.78	-119.81
Alta	CA	39.22	-120.80
Alta Sierra	CA	39.13	-121.05
Altadena	CA	34.19	-118.14
Alto	CA	37.91	-122.52
Alturas	CA	41.49	-120.55
Alum Rock	CA	37.37	-121.82
Amador City	CA	38.42	-120.82
Amador Pines	CA	38.49	-120.53
American Canyon	CA	38.18	-122.26
Amesti	CA	36.96	-121.78
Anaheim	CA	33.86	-117.76
Anchor Bay	CA	38.81	-123.57
Anderson	CA	40.45	-122.30
Angels	CA	38.07	-120.55
Angwin	CA	38.58	-122.45
Antelope	CA	38.72	-121.36
Antioch	CA	37.98	-121.80
Anza	CA	33.56	-116.70
Apple Valley	CA	34.53	-117.21
Aptos	CA	36.99	-121.89
Aptos Hills-Larkin Valley	CA	36.96	-121.84
Arbuckle	CA	39.01	-122.06
Arcadia	CA	34.13	-118.04
Arcata	CA	40.86	-124.07
Arden-Arcade	CA	38.60	-121.38
Armona	CA	36.32	-119.71
Arnold	CA	38.25	-120.35
Aromas	CA	36.87	-121.63
Arroyo Grande	CA	35.12	-120.58
Artesia	CA	33.87	-118.08
Artois	CA	39.63	-122.19
Arvin	CA	35.19	-118.83
Ashland	CA	37.69	-122.12
Aspen Springs	CA	37.55	-118.70
Atascadero	CA	35.49	-120.69
Atherton	CA	37.46	-122.20
Atwater	CA	37.35	-120.60
Auberry	CA	37.09	-119.45
Auburn	CA	38.90	-121.08
Auburn Lake Trails	CA	38.89	-120.98
August	CA	37.98	-121.26
Avalon	CA	33.34	-118.32
Avenal	CA	36.03	-120.12
Avery	CA	38.21	-120.37
Avila Beach	CA	35.20	-120.72
Avocado Heights	CA	34.04	-118.00
Azusa	CA	34.14	-117.91
Baker	CA	35.28	-116.07
Bakersfield	CA	35.35	-119.04
Bakersfield Country Club	CA	35.39	-118.94
Baldwin Park	CA	34.08	-117.97
Ballard	CA	34.64	-120.11
Ballico	CA	37.45	-120.70
Bangor	CA	39.38	-121.41
Banning	CA	33.95	-116.90
Barstow	CA	34.87	-117.04
Bass Lake	CA	37.33	-119.57
Bay Point	CA	38.03	-121.96
Bayview	CA	40.77	-124.18
Baywood Park	CA	37.53	-122.34
Beale AFB	CA	39.11	-121.35
Bear Creek	CA	37.30	-120.42
Bear Valley	CA	38.47	-120.05
Bear Valley Springs	CA	35.18	-118.67
Beaumont	CA	33.88	-116.95
Beckwourth	CA	39.84	-120.41
Belden	CA	40.01	-121.25
Bell	CA	33.98	-118.18
Bell Canyon	CA	34.21	-118.69
Bell Gardens	CA	33.96	-118.15
Bella Vista	CA	40.65	-122.26
Bellflower	CA	33.89	-118.13
Belmont	CA	37.51	-122.29
Belvedere	CA	37.87	-122.47
Ben Lomond	CA	37.08	-122.09
Benbow	CA	40.06	-123.77
Bend	CA	40.26	-122.21
Benicia	CA	38.07	-122.16
Benton	CA	37.82	-118.49
Benton Park	CA	35.35	-119.03
Berkeley	CA	37.87	-122.30
Bermuda Dunes	CA	33.74	-116.29
Berry Creek	CA	39.63	-121.41
Bertsch-Oceanview	CA	41.75	-124.17
Bethel Island	CA	38.03	-121.63
Beverly Hills	CA	34.08	-118.40
Bieber	CA	41.14	-121.12
Big Bear City	CA	34.25	-116.80
Big Bear Lake	CA	34.24	-116.89
Big Bend	CA	41.01	-121.93
Big Creek	CA	37.20	-119.25
Big Lagoon	CA	41.16	-124.13
Big Pine	CA	37.17	-118.30
Big River	CA	34.14	-114.36
Biggs	CA	39.41	-121.71
Biola	CA	36.80	-120.02
Bishop	CA	37.37	-118.40
Black Point-Green Point	CA	38.11	-122.52
Blackhawk	CA	37.81	-121.91
Blacklake	CA	35.05	-120.54
Blairsden	CA	39.78	-120.61
Bloomfield	CA	38.32	-122.83
Bloomington	CA	34.06	-117.40
Blue Lake	CA	40.88	-123.99
Bluewater	CA	34.18	-114.26
Blythe	CA	33.65	-114.62
Bodega	CA	38.35	-122.97
Bodega Bay	CA	38.33	-123.03
Bodfish	CA	35.57	-118.49
Bolinas	CA	37.92	-122.71
Bombay Beach	CA	33.36	-115.73
Bonadelle Ranchos	CA	36.97	-119.89
Bonita	CA	32.67	-117.01
Bonny Doon	CA	37.04	-122.14
Bonsall	CA	33.27	-117.19
Boonville	CA	39.01	-123.37
Bootjack	CA	37.47	-119.88
Boron	CA	35.02	-117.67
Boronda	CA	36.69	-121.67
Borrego Springs	CA	33.24	-116.36
Bostonia	CA	32.82	-116.94
Boulder Creek	CA	37.13	-122.13
Boulevard	CA	32.66	-116.29
Bowles	CA	36.61	-119.75
Boyes Hot Springs	CA	38.31	-122.49
Bradbury	CA	34.15	-117.97
Bradley	CA	35.86	-120.80
Brawley	CA	32.98	-115.53
Brea	CA	33.93	-117.87
Brentwood	CA	37.94	-121.72
Bret Harte	CA	37.60	-121.00
Bridgeport	CA	38.26	-119.21
Brisbane	CA	37.68	-122.38
Broadmoor	CA	37.69	-122.48
Brookdale	CA	37.11	-122.11
Brooks	CA	38.74	-122.15
Brooktrails	CA	39.44	-123.39
Buck Meadows	CA	37.81	-120.08
Buckhorn	CA	38.45	-120.53
Bucks Lake	CA	39.88	-121.20
Buellton	CA	34.62	-120.19
Buena Park	CA	33.86	-118.01
Buena Vista	CA	38.30	-120.92
Burbank	CA	34.19	-118.33
Burlingame	CA	37.59	-122.36
Burney	CA	40.89	-121.68
Burnt Ranch	CA	40.81	-123.51
Butte Creek Canyon	CA	39.74	-121.71
Butte Meadows	CA	40.09	-121.54
Butte Valley	CA	39.67	-121.65
Buttonwillow	CA	35.41	-119.44
Byron	CA	37.88	-121.64
Bystrom	CA	37.62	-120.98
C-Road	CA	39.76	-120.58
Cabazon	CA	33.91	-116.78
Calabasas	CA	34.13	-118.67
Calexico	CA	32.68	-115.49
California City	CA	35.15	-117.87
California Hot Springs	CA	35.89	-118.66
California Pines	CA	41.41	-120.67
California Polytechnic State University	CA	35.31	-120.67
Calimesa	CA	33.99	-117.05
Calipatria	CA	33.17	-115.49
Calistoga	CA	38.58	-122.58
Callender	CA	35.05	-120.58
Calpella	CA	39.23	-123.19
Calpine	CA	39.66	-120.44
Calwa	CA	36.71	-119.76
Camanche North Shore	CA	38.24	-120.95
Camanche Village	CA	38.27	-120.99
Camarillo	CA	34.22	-119.03
Cambria	CA	35.55	-121.08
Cambrian Park	CA	37.26	-121.93
Cameron Park	CA	38.67	-120.99
Camino	CA	38.74	-120.68
Camino Tassajara	CA	37.79	-121.89
Camp Nelson	CA	36.14	-118.61
Camp Pendleton Mainside	CA	33.31	-117.33
Camp Pendleton South	CA	33.23	-117.39
Campbell	CA	37.28	-121.95
Campo	CA	32.64	-116.47
Campo Seco	CA	38.22	-120.86
Camptonville	CA	39.45	-121.05
Canby	CA	41.45	-120.89
Cantua Creek	CA	36.50	-120.32
Canyon Lake	CA	33.69	-117.26
Canyondam	CA	40.17	-121.08
Capitola	CA	36.98	-121.95
Caribou	CA	40.07	-121.17
Carlsbad	CA	33.13	-117.28
Carmel Valley Village	CA	36.50	-121.73
Carmel-by-the-Sea	CA	36.55	-121.92
Carmet	CA	38.37	-123.07
Carmichael	CA	38.63	-121.33
Carnelian Bay	CA	39.24	-120.08
Carpinteria	CA	34.39	-119.50
Carrick	CA	41.45	-122.36
Carson	CA	33.84	-118.25
Cartago	CA	36.31	-118.03
Caruthers	CA	36.54	-119.85
Casa Conejo	CA	34.18	-118.94
Casa Loma	CA	35.34	-119.00
Casa de Oro-Mount Helix	CA	32.76	-116.97
Casmalia	CA	34.84	-120.53
Caspar	CA	39.36	-123.80
Cassel	CA	40.93	-121.55
Castaic	CA	34.48	-118.63
Castella	CA	41.18	-122.29
Castle Hill	CA	37.87	-122.06
Castro Valley	CA	37.71	-122.06
Castroville	CA	36.76	-121.75
Cathedral City	CA	33.84	-116.46
Catheys Valley	CA	37.43	-120.10
Cayucos	CA	35.44	-120.89
Cazadero	CA	38.53	-123.11
Cedar Flat	CA	39.21	-120.09
Cedar Ridge	CA	38.07	-120.27
Cedar Slope	CA	36.15	-118.58
Cedarville	CA	41.53	-120.17
Centerville	CA	36.74	-119.50
Ceres	CA	37.60	-120.97
Cerritos	CA	33.87	-118.07
Chalfant	CA	37.49	-118.39
Challenge-Brownsville	CA	39.46	-121.26
Channel Islands Beach	CA	34.17	-119.23
Charleston View	CA	35.96	-115.90
Charter Oak	CA	34.10	-117.86
Cherokee	CA	39.65	-121.53
Cherokee Strip	CA	35.47	-119.26
Cherry Valley	CA	33.98	-116.97
Cherryland	CA	37.68	-122.10
Chester	CA	40.30	-121.23
Chico	CA	39.76	-121.82
Chilcoot-Vinton	CA	39.81	-120.14
China Lake Acres	CA	35.64	-117.77
Chinese Camp	CA	37.87	-120.44
Chino	CA	33.98	-117.66
Chino Hills	CA	33.94	-117.73
Choctaw Valley	CA	35.45	-118.89
Chowchilla	CA	37.12	-120.24
Chualar	CA	36.57	-121.51
Chula Vista	CA	32.63	-117.02
Citrus	CA	34.11	-117.89
Citrus Heights	CA	38.69	-121.29
Claremont	CA	34.12	-117.71
Clarksburg	CA	38.42	-121.54
Clay	CA	38.31	-121.16
Clayton	CA	37.94	-121.93
Clear Creek	CA	40.31	-121.06
Clearlake	CA	38.96	-122.63
Clearlake Oaks	CA	39.02	-122.66
Clearlake Riviera	CA	38.95	-122.72
Cleone	CA	39.49	-123.78
Clio	CA	39.75	-120.57
Clipper Mills	CA	39.53	-121.17
Cloverdale	CA	38.79	-123.01
Clovis	CA	36.83	-119.68
Clyde	CA	38.03	-122.03
Coachella	CA	33.69	-116.14
Coalinga	CA	36.13	-120.34
Coarsegold	CA	37.24	-119.70
Cobb	CA	38.84	-122.72
Coffee Creek	CA	41.08	-122.72
Cohasset	CA	39.90	-121.75
Cold Springs	CA	38.16	-120.05
Coleville	CA	38.58	-119.50
Colfax	CA	39.09	-120.95
College City	CA	39.01	-122.01
Collierville	CA	38.21	-121.26
Colma	CA	37.68	-122.45
Coloma	CA	38.80	-120.89
Colton	CA	34.05	-117.33
Columbia	CA	38.03	-120.41
Colusa	CA	39.20	-122.01
Commerce	CA	33.99	-118.15
Comptche	CA	39.27	-123.59
Compton	CA	33.89	-118.23
Concord	CA	37.97	-122.00
Concow	CA	39.77	-121.51
Contra Costa Centre	CA	37.93	-122.05
Copperopolis	CA	37.94	-120.63
Corcoran	CA	36.08	-119.56
Corning	CA	39.93	-122.18
Corona	CA	33.86	-117.57
Coronado	CA	32.66	-117.16
Coronita	CA	33.88	-117.61
Corralitos	CA	36.98	-121.79
Corte Madera	CA	37.93	-122.51
Costa Mesa	CA	33.67	-117.91
Cotati	CA	38.33	-122.71
Coto de Caza	CA	33.60	-117.59
Cottonwood	CA	40.39	-122.32
Coulterville	CA	37.71	-120.20
Country Club	CA	37.97	-121.34
Courtland	CA	38.33	-121.56
Covelo	CA	39.80	-123.25
Covina	CA	34.09	-117.88
Cowan	CA	37.56	-120.99
Crescent City	CA	41.76	-124.20
Crescent Mills	CA	40.10	-120.92
Cressey	CA	37.42	-120.66
Crest	CA	32.80	-116.87
Crestline	CA	34.25	-117.29
Creston	CA	35.52	-120.52
Crockett	CA	38.05	-122.22
Cromberg	CA	39.87	-120.69
Crowley Lake	CA	37.57	-118.75
Crows Landing	CA	37.39	-121.08
Cudahy	CA	33.96	-118.18
Culver City	CA	34.01	-118.40
Cupertino	CA	37.32	-122.04
Cutler	CA	36.52	-119.29
Cutten	CA	40.77	-124.14
Cuyama	CA	34.93	-119.61
Cypress	CA	33.82	-118.04
Dales	CA	40.32	-122.05
Daly City	CA	37.69	-122.47
Dana Point	CA	33.48	-117.69
Danville	CA	37.81	-121.97
Daphnedale Park	CA	41.51	-120.55
Darwin	CA	36.27	-117.59
Davenport	CA	37.02	-122.19
Davis	CA	38.56	-121.74
Day Valley	CA	37.03	-121.86
Deer Park	CA	38.54	-122.47
Del Aire	CA	33.92	-118.37
Del Dios	CA	33.08	-117.12
Del Mar	CA	32.96	-117.26
Del Monte Forest	CA	36.58	-121.95
Del Rey	CA	36.66	-119.60
Del Rey Oaks	CA	36.59	-121.83
Del Rio	CA	37.75	-121.01
Delano	CA	35.77	-119.26
Delft Colony	CA	36.51	-119.45
Delhi	CA	37.43	-120.78
Delleker	CA	39.81	-120.49
Denair	CA	37.53	-120.80
Derby Acres	CA	35.24	-119.60
Descanso	CA	32.87	-116.63
Desert Center	CA	33.74	-115.37
Desert Edge	CA	33.92	-116.44
Desert Hot Springs	CA	33.96	-116.54
Desert Palms	CA	33.78	-116.30
Desert Shores	CA	33.40	-116.04
Desert View Highlands	CA	34.59	-118.15
Di Giorgio	CA	35.25	-118.84
Diablo	CA	37.84	-121.96
Diablo Grande	CA	37.40	-121.26
Diamond Bar	CA	34.00	-117.82
Diamond Springs	CA	38.69	-120.84
Dillon Beach	CA	38.24	-122.96
Dinuba	CA	36.55	-119.40
Discovery Bay	CA	37.91	-121.60
Dixon	CA	38.45	-121.82
Dixon Lane-MeadowCreek	CA	37.39	-118.42
Dobbins	CA	39.36	-121.21
Dogtown	CA	38.21	-121.15
Dollar Point	CA	39.19	-120.11
Dorrington	CA	38.30	-120.27
Dorris	CA	41.96	-121.92
Dos Palos	CA	36.99	-120.63
Dos Palos Y	CA	37.05	-120.64
Douglas City	CA	40.64	-122.93
Douglas Flat	CA	38.11	-120.45
Downey	CA	33.94	-118.13
Downieville	CA	39.58	-120.82
Doyle	CA	40.03	-120.12
Drytown	CA	38.44	-120.86
Duarte	CA	34.16	-117.95
Dublin	CA	37.72	-121.90
Ducor	CA	35.89	-119.05
Dunnigan	CA	38.89	-121.97
Dunsmuir	CA	41.23	-122.27
Durham	CA	39.63	-121.79
Dustin Acres	CA	35.22	-119.37
Dutch Flat	CA	39.21	-120.83
Eagleville	CA	41.32	-120.11
Earlimart	CA	35.89	-119.27
East Bakersfield	CA	35.38	-118.97
East Foothills	CA	37.38	-121.81
East Hemet	CA	33.73	-116.94
East Los Angeles	CA	34.03	-118.17
East Nicolaus	CA	38.91	-121.54
East Niles	CA	35.37	-118.92
East Oakdale	CA	37.78	-120.80
East Orosi	CA	36.55	-119.26
East Palo Alto	CA	37.47	-122.13
East Pasadena	CA	34.14	-118.08
East Porterville	CA	36.06	-118.97
East Quincy	CA	39.92	-120.92
East Rancho Dominguez	CA	33.89	-118.20
East Richmond Heights	CA	37.95	-122.31
East San Gabriel	CA	34.12	-118.08
East Shore	CA	40.25	-121.08
East Sonora	CA	37.97	-120.34
East Tulare Villa	CA	36.20	-119.28
East Whittier	CA	33.92	-117.99
Eastern Goleta Valley	CA	34.44	-119.79
Easton	CA	36.65	-119.79
Eastvale	CA	33.96	-117.58
Edgewood	CA	41.46	-122.43
Edison	CA	35.35	-118.87
Edmundson Acres	CA	35.23	-118.82
Edna	CA	35.21	-120.61
Edwards AFB	CA	34.90	-117.92
El Adobe	CA	35.25	-118.96
El Cajon	CA	32.80	-116.96
El Centro	CA	32.79	-115.56
El Centro Naval Air Facility	CA	32.83	-115.67
El Cerrito	CA	37.92	-122.30
El Dorado Hills	CA	38.68	-121.05
El Granada	CA	37.51	-122.46
El Macero	CA	38.54	-121.69
El Monte	CA	34.07	-118.03
El Monte Mobile Village	CA	36.55	-119.43
El Nido	CA	37.13	-120.50
El Paso de Robles (Paso Robles)	CA	35.63	-120.65
El Portal	CA	37.67	-119.79
El Rancho	CA	36.22	-119.07
El Rio	CA	34.25	-119.16
El Segundo	CA	33.91	-118.43
El Sobrante	CA	33.87	-117.46
El Verano	CA	38.30	-122.49
Eldridge	CA	38.33	-122.51
Elfin Forest	CA	33.08	-117.18
Elizabeth Lake	CA	34.66	-118.38
Elk Creek	CA	39.60	-122.53
Elk Grove	CA	38.41	-121.38
Elkhorn	CA	36.81	-121.72
Elmira	CA	38.35	-121.91
Elverta	CA	38.72	-121.45
Emerald Lake Hills	CA	37.47	-122.27
Emeryville	CA	37.84	-122.30
Empire	CA	37.64	-120.91
Encinitas	CA	33.05	-117.26
Escalon	CA	37.79	-121.00
Escondido	CA	33.13	-117.07
Esparto	CA	38.69	-122.02
Etna	CA	41.46	-122.90
Eucalyptus Hills	CA	32.89	-116.94
Eureka	CA	40.80	-124.15
Exeter	CA	36.29	-119.15
Fair Oaks	CA	38.65	-121.25
Fairbanks Ranch	CA	32.99	-117.19
Fairfax	CA	37.99	-122.60
Fairfield	CA	38.26	-122.03
Fairhaven	CA	40.79	-124.20
Fairmead	CA	37.08	-120.19
Fairview	CA	37.68	-122.04
Fall River Mills	CA	41.01	-121.44
Fallbrook	CA	33.37	-117.22
Farmersville	CA	36.30	-119.21
Farmington	CA	37.93	-121.00
Fellows	CA	35.18	-119.55
Felton	CA	37.04	-122.08
Ferndale	CA	40.58	-124.26
Fetters Hot Springs-Agua Caliente	CA	38.33	-122.49
Fiddletown	CA	38.51	-120.76
Fieldbrook	CA	40.97	-124.03
Fields Landing	CA	40.72	-124.22
Fillmore	CA	34.40	-118.92
Firebaugh	CA	36.85	-120.45
Fish Camp	CA	37.48	-119.64
Florence-Graham	CA	33.97	-118.24
Florin	CA	38.48	-121.40
Floriston	CA	39.39	-120.02
Flournoy	CA	39.93	-122.45
Folsom	CA	38.67	-121.14
Fontana	CA	34.11	-117.46
Foothill Farms	CA	38.69	-121.35
Forbestown	CA	39.53	-121.27
Ford City	CA	35.16	-119.46
Forest Meadows	CA	38.17	-120.40
Forest Ranch	CA	39.90	-121.67
Foresta	CA	37.70	-119.75
Foresthill	CA	39.01	-120.83
Forestville	CA	38.48	-122.89
Fort Bidwell	CA	41.86	-120.16
Fort Bragg	CA	39.44	-123.80
Fort Dick	CA	41.87	-124.17
Fort Hunter Liggett	CA	35.99	-121.23
Fort Irwin	CA	35.25	-116.68
Fort Jones	CA	41.61	-122.84
Fort Washington	CA	36.88	-119.76
Fortuna	CA	40.59	-124.14
Foster City	CA	37.56	-122.25
Fountain Valley	CA	33.71	-117.95
Fowler	CA	36.62	-119.67
Franklin	CA	38.37	-121.46
Frazier Park	CA	34.81	-118.95
Freedom	CA	36.94	-121.80
Freeport	CA	38.46	-121.50
Fremont	CA	37.49	-121.94
French Camp	CA	37.87	-121.27
French Gulch	CA	40.72	-122.63
French Valley	CA	33.60	-117.11
Fresno	CA	36.78	-119.79
Friant	CA	36.98	-119.71
Fruitdale	CA	37.31	-121.94
Fruitridge Pocket	CA	38.53	-121.46
Fuller Acres	CA	35.30	-118.91
Fullerton	CA	33.89	-117.93
Fulton	CA	38.49	-122.77
Furnace Creek	CA	36.43	-116.87
Galt	CA	38.27	-121.30
Garberville	CA	40.10	-123.79
Garden Acres	CA	37.96	-121.23
Garden Farms	CA	35.42	-120.61
Garden Grove	CA	33.78	-117.96
Gardena	CA	33.89	-118.31
Garey	CA	34.89	-120.31
Garnet	CA	33.92	-116.48
Gasquet	CA	41.84	-123.98
Gazelle	CA	41.51	-122.52
Georgetown	CA	38.91	-120.83
Gerber	CA	40.06	-122.15
Geyserville	CA	38.72	-122.90
Gilroy	CA	37.01	-121.59
Glen Ellen	CA	38.36	-122.54
Glencoe	CA	38.35	-120.57
Glendale	CA	34.18	-118.25
Glendora	CA	34.14	-117.85
Glennville	CA	35.72	-118.72
Gold Mountain	CA	39.76	-120.52
Gold River	CA	38.63	-121.25
Golden Hills	CA	35.14	-118.50
Goleta	CA	34.44	-119.86
Gonzales	CA	36.51	-121.44
Good Hope	CA	33.77	-117.28
Goodmanville	CA	35.43	-118.94
Goodyears Bar	CA	39.55	-120.89
Goshen	CA	36.35	-119.42
Graeagle	CA	39.75	-120.65
Grand Terrace	CA	34.03	-117.31
Grangeville	CA	36.34	-119.71
Granite Bay	CA	38.76	-121.17
Granite Hills	CA	32.80	-116.91
Graniteville	CA	39.44	-120.74
Grass Valley	CA	39.22	-121.05
Graton	CA	38.44	-122.87
Grayson	CA	37.56	-121.18
Greeley Hill	CA	37.76	-120.13
Green Acres	CA	33.73	-117.08
Green Valley	CA	34.62	-118.41
Greenacres	CA	35.38	-119.12
Greenfield	CA	36.32	-121.24
Greenhorn	CA	39.90	-120.76
Greenview	CA	41.54	-122.92
Greenville	CA	40.13	-120.95
Grenada	CA	41.64	-122.53
Gridley	CA	39.36	-121.70
Grimes	CA	39.07	-121.90
Grizzly Flats	CA	38.64	-120.54
Groveland	CA	37.83	-120.24
Grover Beach	CA	35.12	-120.62
Guadalupe	CA	34.96	-120.57
Guerneville	CA	38.52	-122.99
Guinda	CA	38.83	-122.20
Gustine	CA	37.25	-121.00
Hacienda Heights	CA	34.00	-117.97
Half Moon Bay	CA	37.47	-122.44
Hamilton Branch	CA	40.28	-121.10
Hamilton City	CA	39.74	-122.01
Hanford	CA	36.33	-119.65
Happy Camp	CA	41.82	-123.39
Happy Valley	CA	40.47	-122.42
Harbison Canyon	CA	32.83	-116.84
Hardwick	CA	36.40	-119.72
Harmony Grove	CA	33.10	-117.14
Hartland	CA	36.65	-118.96
Hartley	CA	38.42	-121.95
Hasley Canyon	CA	34.48	-118.67
Hat Creek	CA	40.79	-121.47
Hathaway Pines	CA	38.19	-120.36
Hawaiian Gardens	CA	33.83	-118.07
Hawthorne	CA	33.91	-118.35
Hayfork	CA	40.58	-123.12
Hayward	CA	37.63	-122.10
Healdsburg	CA	38.62	-122.87
Heber	CA	32.73	-115.53
Hemet	CA	33.73	-117.00
Herald	CA	38.29	-121.23
Hercules	CA	38.02	-122.29
Herlong	CA	40.14	-120.14
Hermosa Beach	CA	33.87	-118.41
Hesperia	CA	34.40	-117.32
Hickman	CA	37.62	-120.75
Hidden Hills	CA	34.16	-118.66
Hidden Meadows	CA	33.22	-117.12
Hidden Valley Lake	CA	38.80	-122.55
Highgrove	CA	34.01	-117.31
Highland	CA	34.11	-117.17
Highlands	CA	37.52	-122.35
Hillcrest	CA	35.38	-118.96
Hillsborough	CA	37.56	-122.36
Hilmar-Irwin	CA	37.40	-120.85
Hiouchi	CA	41.79	-124.07
Hollister	CA	36.86	-121.40
Holtville	CA	32.81	-115.38
Home Garden	CA	36.30	-119.64
Home Gardens	CA	33.88	-117.51
Homeland	CA	33.75	-117.11
Homestead Valley	CA	34.27	-116.41
Homewood Canyon	CA	35.89	-117.39
Honcut	CA	39.33	-121.54
Hood	CA	38.37	-121.52
Hoopa	CA	41.08	-123.70
Hopland	CA	38.97	-123.12
Hornbrook	CA	41.90	-122.56
Hornitos	CA	37.50	-120.24
Hughson	CA	37.60	-120.87
Humboldt Hill	CA	40.72	-124.20
Huntington Beach	CA	33.70	-118.00
Huntington Park	CA	33.98	-118.22
Huron	CA	36.20	-120.10
Hyampom	CA	40.63	-123.47
Hydesville	CA	40.56	-124.08
Hypericum	CA	36.26	-119.22
Idlewild	CA	35.81	-118.67
Idyllwild-Pine Cove	CA	33.74	-116.73
Igo	CA	40.50	-122.55
Imperial	CA	32.84	-115.57
Imperial Beach	CA	32.57	-117.11
Independence	CA	36.83	-118.21
Indian Falls	CA	40.06	-120.98
Indian Wells	CA	33.70	-116.33
Indianola	CA	40.81	-124.08
Indio	CA	33.73	-116.24
Indio Hills	CA	33.84	-116.25
Industry	CA	34.03	-117.94
Inglewood	CA	33.96	-118.34
Interlaken	CA	36.95	-121.74
Inverness	CA	38.08	-122.85
Inyokern	CA	35.65	-117.82
Ione	CA	38.36	-120.95
Iron Horse	CA	39.78	-120.48
Irvine	CA	33.68	-117.77
Irwindale	CA	34.11	-117.96
Isla Vista	CA	34.41	-119.86
Isleton	CA	38.16	-121.60
Ivanhoe	CA	36.38	-119.22
Jackson	CA	38.35	-120.77
Jacumba	CA	32.64	-116.19
Jamestown	CA	37.96	-120.41
Jamul	CA	32.72	-116.87
Janesville	CA	40.30	-120.49
Jenner	CA	38.46	-123.13
Johannesburg	CA	35.37	-117.64
Johnson Park	CA	40.92	-121.63
Johnstonville	CA	40.38	-120.59
Johnsville	CA	39.77	-120.70
Jones Valley	CA	40.70	-122.24
Joshua Tree	CA	34.12	-116.31
Jovista	CA	35.79	-119.19
Julian	CA	33.07	-116.59
Junction City	CA	40.74	-123.08
June Lake	CA	37.76	-119.11
Jurupa Valley	CA	34.00	-117.47
Keddie	CA	40.01	-120.95
Keeler	CA	36.49	-117.87
Keene	CA	35.23	-118.61
Kelly Ridge	CA	39.53	-121.47
Kelseyville	CA	38.97	-122.83
Kennedy	CA	37.93	-121.25
Kennedy Meadows	CA	36.01	-118.11
Kensington	CA	37.91	-122.28
Kentfield	CA	37.94	-122.56
Kenwood	CA	38.42	-122.54
Kep'el	CA	41.28	-123.82
Kerman	CA	36.73	-120.06
Kernville	CA	35.76	-118.43
Keswick	CA	40.61	-122.46
Kettleman City	CA	36.01	-119.96
Keyes	CA	37.56	-120.91
King City	CA	36.22	-121.13
Kings Beach	CA	39.25	-120.02
Kingsburg	CA	36.53	-119.57
Kingvale	CA	39.32	-120.44
Kirkwood	CA	38.69	-120.05
Klamath	CA	41.57	-124.06
Knights Ferry	CA	37.82	-120.67
Knights Landing	CA	38.80	-121.72
Knightsen	CA	37.96	-121.65
La CaÃ±ada Flintridge	CA	34.21	-118.20
La Crescenta-Montrose	CA	34.23	-118.24
La Cresta	CA	35.40	-118.99
La Grange	CA	37.66	-120.46
La Habra	CA	33.93	-117.95
La Habra Heights	CA	33.96	-117.95
La Honda	CA	37.32	-122.26
La Mesa	CA	32.77	-117.02
La Mirada	CA	33.90	-118.01
La Palma	CA	33.85	-118.04
La Porte	CA	39.67	-120.99
La Presa	CA	32.71	-117.00
La Puente	CA	34.03	-117.95
La Quinta	CA	33.65	-116.28
La Riviera	CA	38.57	-121.35
La Selva Beach	CA	36.93	-121.84
La Verne	CA	34.12	-117.77
La Vina	CA	36.88	-120.11
Ladera	CA	37.40	-122.20
Ladera Heights	CA	34.00	-118.37
Ladera Ranch	CA	33.55	-117.64
Lafayette	CA	37.89	-122.12
Laguna Beach	CA	33.54	-117.76
Laguna Hills	CA	33.59	-117.70
Laguna Niguel	CA	33.53	-117.70
Laguna Woods	CA	33.61	-117.73
Lagunitas-Forest Knolls	CA	38.02	-122.69
Lake Almanor Country Club	CA	40.26	-121.15
Lake Almanor Peninsula	CA	40.28	-121.13
Lake Almanor West	CA	40.23	-121.20
Lake Arrowhead	CA	34.25	-117.18
Lake California	CA	40.36	-122.21
Lake City	CA	41.65	-120.22
Lake Davis	CA	39.85	-120.46
Lake Don Pedro	CA	37.64	-120.36
Lake Elsinore	CA	33.69	-117.34
Lake Forest	CA	33.65	-117.68
Lake Hughes	CA	34.68	-118.45
Lake Isabella	CA	35.64	-118.48
Lake Los Angeles	CA	34.61	-117.83
Lake Mathews	CA	33.82	-117.37
Lake Nacimiento	CA	35.73	-120.87
Lake Riverside	CA	33.52	-116.81
Lake San Marcos	CA	33.12	-117.21
Lake Shastina	CA	41.52	-122.38
Lake Sherwood	CA	34.13	-118.88
Lake Wildwood	CA	39.23	-121.20
Lake of the Pines	CA	39.04	-121.06
Lake of the Woods	CA	34.83	-119.00
Lakehead	CA	40.90	-122.40
Lakeland Village	CA	33.65	-117.37
Lakeport	CA	39.04	-122.92
Lakeside	CA	32.86	-116.90
Lakeview	CA	33.83	-117.12
Lakewood	CA	33.85	-118.12
Lamont	CA	35.27	-118.92
Lanare	CA	36.44	-119.93
Lancaster	CA	34.69	-118.18
Larkfield-Wikiup	CA	38.51	-122.75
Larkspur	CA	37.94	-122.53
Las Flores	CA	33.58	-117.62
Las Lomas	CA	36.87	-121.73
Lathrop	CA	37.81	-121.32
Laton	CA	36.43	-119.70
Lawndale	CA	33.89	-118.35
Laytonville	CA	39.66	-123.50
Le Grand	CA	37.23	-120.25
Lebec	CA	34.84	-118.90
Lee Vining	CA	37.95	-119.12
Leggett	CA	39.86	-123.73
Lemon Cove	CA	36.38	-119.03
Lemon Grove	CA	32.73	-117.03
Lemon Hill	CA	38.52	-121.46
Lemoore	CA	36.29	-119.80
Lemoore Station	CA	36.26	-119.90
Lennox	CA	33.94	-118.36
Lenwood	CA	34.89	-117.11
Leona Valley	CA	34.61	-118.30
Lewiston	CA	40.70	-122.82
Lexington Hills	CA	37.16	-121.99
Likely	CA	41.23	-120.50
Lincoln	CA	38.87	-121.29
Lincoln Village	CA	38.01	-121.33
Linda	CA	39.12	-121.54
Lindcove	CA	36.36	-119.06
Linden	CA	38.02	-121.10
Lindsay	CA	36.21	-119.09
Linnell Camp	CA	36.31	-119.22
Litchfield	CA	40.39	-120.38
Little Grass Valley	CA	39.73	-120.96
Little River	CA	39.27	-123.78
Little Valley	CA	40.89	-121.18
Littlerock	CA	34.53	-117.98
Live Oak	CA	36.99	-121.98
Livermore	CA	37.69	-121.76
Livingston	CA	37.39	-120.72
Lockeford	CA	38.15	-121.15
Lockwood	CA	35.94	-121.08
Lodi	CA	38.12	-121.29
Lodoga	CA	39.30	-122.51
Loleta	CA	40.64	-124.22
Loma Linda	CA	34.04	-117.25
Loma Mar	CA	37.27	-122.30
Loma Rica	CA	39.32	-121.40
Lomita	CA	33.79	-118.32
Lompico	CA	37.11	-122.05
Lompoc	CA	34.66	-120.47
London	CA	36.48	-119.44
Lone Pine	CA	36.57	-118.08
Long Barn	CA	38.09	-120.13
Long Beach	CA	33.78	-118.17
Lookout	CA	41.21	-121.15
Loomis	CA	38.81	-121.20
Los Alamitos	CA	33.80	-118.06
Los Alamos	CA	34.74	-120.27
Los Altos	CA	37.37	-122.10
Los Altos Hills	CA	37.37	-122.14
Los Angeles	CA	34.02	-118.41
Los Banos	CA	37.06	-120.84
Los Berros	CA	35.08	-120.55
Los Gatos	CA	37.23	-121.96
Los Molinos	CA	40.03	-122.10
Los Olivos	CA	34.66	-120.12
Los Osos	CA	35.31	-120.82
Los Ranchos	CA	35.21	-120.63
Lost Hills	CA	35.63	-119.68
Lower Lake	CA	38.91	-122.61
Loyalton	CA	39.68	-120.24
Loyola	CA	37.35	-122.10
Lucas Valley-Marinwood	CA	38.04	-122.58
Lucerne	CA	39.06	-122.77
Lucerne Valley	CA	34.44	-116.90
Lynwood	CA	33.92	-118.20
Lytle Creek	CA	34.25	-117.50
Mabie	CA	39.78	-120.54
Macdoel	CA	41.83	-122.01
Mad River	CA	40.43	-123.49
Madeline	CA	41.05	-120.48
Madera	CA	36.97	-120.09
Madera Acres	CA	37.01	-120.08
Madera Ranchos	CA	36.93	-119.88
Madison	CA	38.67	-121.97
Magalia	CA	39.82	-121.61
Malaga	CA	36.68	-119.73
Malibu	CA	34.03	-118.76
Mammoth Lakes	CA	37.62	-118.99
Manchester	CA	38.97	-123.69
Manhattan Beach	CA	33.90	-118.42
Manila	CA	40.85	-124.16
Manteca	CA	37.79	-121.23
Manton	CA	40.43	-121.85
March ARB	CA	33.89	-117.28
Maricopa	CA	35.05	-119.41
Marin City	CA	37.87	-122.51
Marina	CA	36.68	-121.79
Marina del Rey	CA	33.98	-118.45
Mariposa	CA	37.49	-119.97
Markleeville	CA	38.68	-119.82
Martell	CA	38.37	-120.81
Martinez	CA	38.00	-122.11
Marysville	CA	39.15	-121.58
Matheny	CA	36.17	-119.35
Mather	CA	38.55	-121.28
Maxwell	CA	39.28	-122.19
Mayfair	CA	36.77	-119.76
Mayflower Village	CA	34.12	-118.01
Maywood	CA	33.99	-118.19
McArthur	CA	41.04	-121.41
McClellan Park	CA	38.66	-121.40
McClenney Tract	CA	35.82	-118.65
McCloud	CA	41.25	-122.14
McFarland	CA	35.67	-119.23
McGee Creek	CA	37.57	-118.79
McKinleyville	CA	40.95	-124.08
McKittrick	CA	35.30	-119.62
McSwain	CA	37.31	-120.59
Mead Valley	CA	33.83	-117.29
Meadow Valley	CA	39.93	-121.08
Meadow Vista	CA	39.00	-121.04
Meadowbrook	CA	33.73	-117.29
Mecca	CA	33.58	-116.06
Meiners Oaks	CA	34.46	-119.27
Mendocino	CA	39.31	-123.79
Mendota	CA	36.76	-120.38
Menifee	CA	33.69	-117.18
Menlo Park	CA	37.48	-122.15
Mentone	CA	34.06	-117.12
Merced	CA	37.31	-120.48
Meridian	CA	39.14	-121.91
Mesa	CA	37.42	-118.54
Mesa Verde	CA	33.60	-114.73
Mesa Vista	CA	38.81	-119.80
Mettler	CA	35.06	-118.97
Mexican Colony	CA	35.47	-119.27
Meyers	CA	38.83	-120.02
Mi-Wuk Village	CA	38.06	-120.18
Middletown	CA	38.75	-122.62
Midpines	CA	37.55	-119.93
Midway City	CA	33.75	-117.98
Milford	CA	40.15	-120.37
Mill Valley	CA	37.91	-122.54
Millbrae	CA	37.60	-122.40
Millerton	CA	36.98	-119.67
Millville	CA	40.56	-122.18
Milpitas	CA	37.43	-121.89
Mineral	CA	40.40	-121.55
Minkler	CA	36.73	-119.46
Mira Monte	CA	34.43	-119.29
Miranda	CA	40.23	-123.82
Mission Canyon	CA	34.46	-119.72
Mission Hills	CA	34.69	-120.44
Mission Viejo	CA	33.61	-117.66
Modesto	CA	37.64	-121.00
Modjeska	CA	33.71	-117.63
Mohawk Vista	CA	39.80	-120.59
Mojave	CA	35.01	-118.19
Mokelumne Hill	CA	38.31	-120.71
Monmouth	CA	36.57	-119.74
Mono City	CA	38.03	-119.15
Mono Vista	CA	38.01	-120.27
Monrovia	CA	34.16	-117.98
Monson	CA	36.49	-119.34
Montague	CA	41.73	-122.53
Montalvin Manor	CA	38.00	-122.33
Montara	CA	37.55	-122.49
Montclair	CA	34.07	-117.70
Monte Rio	CA	38.47	-123.03
Monte Sereno	CA	37.24	-121.99
Montebello	CA	34.02	-118.11
Montecito	CA	34.42	-119.63
Monterey	CA	36.60	-121.88
Monterey Park	CA	34.05	-118.13
Monterey Park Tract	CA	37.53	-121.01
Montgomery Creek	CA	40.84	-121.92
Monument Hills	CA	38.66	-121.88
Moorpark	CA	34.29	-118.88
Morada	CA	38.04	-121.25
Moraga	CA	37.85	-122.12
Moreno Valley	CA	33.92	-117.21
Morgan Hill	CA	37.13	-121.64
Morongo Valley	CA	34.07	-116.56
Morro Bay	CA	35.37	-120.87
Moskowite Corner	CA	38.44	-122.19
Moss Beach	CA	37.51	-122.50
Moss Landing	CA	36.81	-121.79
Mount Hebron	CA	41.79	-122.01
Mount Hermon	CA	37.05	-122.05
Mount Laguna	CA	32.87	-116.42
Mount Shasta	CA	41.32	-122.32
Mountain Center	CA	33.71	-116.72
Mountain Gate	CA	40.72	-122.33
Mountain House	CA	37.77	-121.54
Mountain Meadows	CA	35.09	-118.43
Mountain Mesa	CA	35.64	-118.40
Mountain Ranch	CA	38.21	-120.53
Mountain View	CA	37.40	-122.08
Mountain View Acres	CA	34.50	-117.35
Mt. Bullion	CA	37.51	-120.04
Muir Beach	CA	37.86	-122.58
Murphys	CA	38.14	-120.44
Murrieta	CA	33.57	-117.19
Muscoy	CA	34.16	-117.35
Myers Flat	CA	40.27	-123.88
Myrtletown	CA	40.79	-124.13
Napa	CA	38.30	-122.30
National City	CA	32.67	-117.10
Needles	CA	34.81	-114.63
Nevada City	CA	39.26	-121.03
New Cuyama	CA	34.94	-119.68
New Pine Creek	CA	41.99	-120.30
Newark	CA	37.50	-122.03
Newcastle	CA	38.87	-121.13
Newell	CA	41.89	-121.36
Newman	CA	37.32	-121.02
Newport Beach	CA	33.60	-117.89
Nicasio	CA	38.06	-122.70
Nice	CA	39.13	-122.86
Nicolaus	CA	38.90	-121.57
Niland	CA	33.24	-115.51
Nipinnawasee	CA	37.40	-119.73
Nipomo	CA	35.03	-120.50
Norco	CA	33.93	-117.55
Nord	CA	39.77	-121.95
Norris Canyon	CA	37.75	-121.99
North Auburn	CA	38.93	-121.08
North Edwards	CA	35.05	-117.81
North El Monte	CA	34.10	-118.02
North Fair Oaks	CA	37.48	-122.20
North Fork	CA	37.23	-119.52
North Gate	CA	37.91	-122.00
North Highlands	CA	38.67	-121.37
North Lakeport	CA	39.09	-122.91
North Richmond	CA	37.97	-122.37
North San Juan	CA	39.37	-121.11
North Shore	CA	33.51	-115.91
North Tustin	CA	33.76	-117.79
Norwalk	CA	33.91	-118.08
Novato	CA	38.09	-122.55
Nubieber	CA	41.10	-121.18
Nuevo	CA	33.80	-117.14
Oak Glen	CA	34.04	-116.96
Oak Hills	CA	34.39	-117.40
Oak Park	CA	34.18	-118.77
Oak Run	CA	40.69	-122.03
Oak Shores	CA	35.76	-120.98
Oak View	CA	34.40	-119.30
Oakdale	CA	37.76	-120.85
Oakhurst	CA	37.34	-119.63
Oakland	CA	37.77	-122.23
Oakley	CA	38.00	-121.69
Oakville	CA	38.44	-122.41
Oasis	CA	33.53	-116.13
Occidental	CA	38.40	-122.93
Oceano	CA	35.10	-120.61
Oceanside	CA	33.22	-117.31
Ocotillo	CA	32.74	-116.00
Oildale	CA	35.43	-119.03
Ojai	CA	34.45	-119.25
Olancha	CA	36.27	-118.00
Old Fig Garden	CA	36.80	-119.81
Old River	CA	35.27	-119.11
Old Station	CA	40.67	-121.41
Old Stine	CA	35.35	-119.05
Olde Stockdale	CA	35.35	-119.08
Olivehurst	CA	39.08	-121.56
Ono	CA	40.48	-122.63
Ontario	CA	34.04	-117.60
Onyx	CA	35.67	-118.23
Orange	CA	33.79	-117.86
Orange Blossom	CA	37.81	-120.69
Orange Cove	CA	36.62	-119.32
Orangevale	CA	38.69	-121.22
Orcutt	CA	34.87	-120.42
Orick	CA	41.29	-124.07
Orinda	CA	37.88	-122.17
Orland	CA	39.75	-122.19
Orosi	CA	36.54	-119.29
Oroville	CA	39.50	-121.56
Oroville East	CA	39.49	-121.48
Oxnard	CA	34.20	-119.21
Pacheco	CA	37.99	-122.07
Pacific Grove	CA	36.62	-121.93
Pacifica	CA	37.61	-122.48
Pajaro	CA	36.90	-121.74
Pajaro Dunes	CA	36.87	-121.81
Pala	CA	33.36	-117.07
Palermo	CA	39.43	-121.52
Palm Desert	CA	33.74	-116.36
Palm Springs	CA	33.80	-116.54
Palmdale	CA	34.59	-118.11
Palo Alto	CA	37.40	-122.14
Palo Cedro	CA	40.57	-122.24
Palo Verde	CA	33.43	-114.73
Paloma	CA	38.26	-120.76
Palos Verdes Estates	CA	33.77	-118.43
Panorama Heights	CA	35.81	-118.63
Paradise	CA	39.75	-121.61
Paradise Park	CA	37.01	-122.04
Paramount	CA	33.90	-118.17
Parklawn	CA	37.61	-120.98
Parksdale	CA	36.95	-120.02
Parkway	CA	38.50	-121.45
Parkwood	CA	36.93	-120.05
Parlier	CA	36.61	-119.54
Pasadena	CA	34.16	-118.14
Pasatiempo	CA	37.00	-122.03
Paskenta	CA	39.88	-122.55
Patterson	CA	37.48	-121.15
Patterson Tract	CA	36.38	-119.30
Patton Village	CA	40.14	-120.18
Paxton	CA	40.03	-121.00
Paynes Creek	CA	40.34	-121.92
Pearsonville	CA	35.82	-117.88
Penn Valley	CA	39.20	-121.19
Penngrove	CA	38.30	-122.67
Penryn	CA	38.85	-121.17
Pepperdine University	CA	34.04	-118.71
Perris	CA	33.79	-117.22
Pescadero	CA	37.24	-122.38
Petaluma	CA	38.24	-122.63
Petaluma Center	CA	38.25	-122.79
Peters	CA	37.98	-121.04
Phelan	CA	34.44	-117.52
Phillipsville	CA	40.21	-123.78
Philo	CA	39.07	-123.45
Phoenix Lake	CA	38.01	-120.31
Pico Rivera	CA	33.99	-118.09
Piedmont	CA	37.82	-122.23
Pierpoint	CA	36.14	-118.63
Pike	CA	39.43	-121.00
Pine Canyon	CA	36.17	-121.14
Pine Flat	CA	35.88	-118.64
Pine Grove	CA	38.40	-120.66
Pine Hills	CA	40.73	-124.16
Pine Mountain Club	CA	34.84	-119.17
Pine Mountain Lake	CA	37.86	-120.18
Pine Valley	CA	32.84	-116.51
Pinole	CA	38.00	-122.32
Pioneer	CA	38.43	-120.59
Piru	CA	34.41	-118.81
Pismo Beach	CA	35.15	-120.67
Pittsburg	CA	38.02	-121.90
Pixley	CA	35.98	-119.30
PiÃ±on Hills	CA	34.45	-117.62
Placentia	CA	33.88	-117.85
Placerville	CA	38.73	-120.80
Plainview	CA	36.14	-119.14
Planada	CA	37.29	-120.32
Platina	CA	40.36	-122.90
Pleasant Hill	CA	37.95	-122.08
Pleasanton	CA	37.67	-121.88
Pleasure Point	CA	36.96	-121.97
Plumas Eureka	CA	39.80	-120.66
Plumas Lake	CA	38.98	-121.56
Plymouth	CA	38.47	-120.86
Point Arena	CA	38.91	-123.70
Point Reyes Station	CA	38.08	-122.81
Pollock Pines	CA	38.76	-120.59
Pomona	CA	34.06	-117.76
Ponderosa	CA	36.10	-118.53
Poplar-Cotton Center	CA	36.06	-119.15
Port Costa	CA	38.04	-122.18
Port Hueneme	CA	34.16	-119.20
Porterville	CA	36.06	-119.03
Portola	CA	39.82	-120.47
Portola Valley	CA	37.37	-122.23
Posey	CA	35.81	-118.68
Poso Park	CA	35.81	-118.64
Post Mountain	CA	40.42	-123.23
Potomac Park	CA	35.36	-118.96
Potrero	CA	32.61	-116.61
Potter Valley	CA	39.32	-123.11
Poway	CA	32.99	-117.02
Prattville	CA	40.21	-121.16
Princeton	CA	39.40	-122.02
Proberta	CA	40.08	-122.18
Prunedale	CA	36.81	-121.65
Pumpkin Center	CA	35.27	-119.03
Quartz Hill	CA	34.65	-118.22
Quincy	CA	39.93	-120.95
Rackerby	CA	39.43	-121.35
Rail Road Flat	CA	38.34	-120.55
Rainbow	CA	33.41	-117.14
Raisin City	CA	36.60	-119.91
Ramona	CA	33.05	-116.88
Rancho Calaveras	CA	38.13	-120.86
Rancho Cordova	CA	38.58	-121.24
Rancho Cucamonga	CA	34.13	-117.57
Rancho Mirage	CA	33.76	-116.43
Rancho Mission Viejo	CA	33.51	-117.56
Rancho Murieta	CA	38.50	-121.07
Rancho Palos Verdes	CA	33.74	-118.37
Rancho San Diego	CA	32.76	-116.92
Rancho Santa Fe	CA	33.03	-117.20
Rancho Santa Margarita	CA	33.63	-117.60
Rancho Tehama Reserve	CA	40.00	-122.43
Randsburg	CA	35.37	-117.66
Red Bluff	CA	40.17	-122.24
Red Corral	CA	38.41	-120.61
Redcrest	CA	40.40	-123.95
Redding	CA	40.57	-122.37
Redlands	CA	34.05	-117.17
Redondo Beach	CA	33.85	-118.40
Redway	CA	40.12	-123.82
Redwood City	CA	37.52	-122.21
Redwood Valley	CA	39.27	-123.20
Reedley	CA	36.60	-119.45
Reliez Valley	CA	37.94	-122.10
Rexland Acres	CA	35.31	-119.00
Rialto	CA	34.12	-117.39
Richfield	CA	39.97	-122.17
Richgrove	CA	35.80	-119.11
Richmond	CA	37.95	-122.36
Richvale	CA	39.49	-121.75
Ridgecrest	CA	35.63	-117.66
Ridgecrest Heights	CA	35.60	-117.70
Ridgemark	CA	36.81	-121.36
Rio Dell	CA	40.50	-124.12
Rio Linda	CA	38.69	-121.44
Rio Oso	CA	38.95	-121.53
Rio Vista	CA	38.18	-121.70
Rio del Mar	CA	36.96	-121.88
Ripley	CA	33.52	-114.65
Ripon	CA	37.74	-121.13
River Pines	CA	38.55	-120.74
Riverbank	CA	37.73	-120.94
Riverdale	CA	36.43	-119.87
Riverdale Park	CA	37.60	-121.04
Rivergrove	CA	35.44	-118.94
Riverside	CA	33.94	-117.39
Robbins	CA	38.87	-121.71
Robinson Mill	CA	39.49	-121.32
Rocklin	CA	38.81	-121.25
Rodeo	CA	38.04	-122.25
Rodriguez Camp	CA	35.81	-119.14
Rohnert Park	CA	38.35	-122.70
Rolling Hills	CA	33.76	-118.35
Rolling Hills Estates	CA	33.78	-118.33
Rollingwood	CA	37.97	-122.33
Romoland	CA	33.76	-117.16
Rosamond	CA	34.87	-118.21
Rose Hills	CA	34.01	-118.04
Rosedale	CA	35.39	-119.21
Rosemead	CA	34.07	-118.08
Rosemont	CA	38.55	-121.36
Roseville	CA	38.77	-121.32
Ross	CA	37.96	-122.56
Rossmoor	CA	33.79	-118.08
Rough and Ready	CA	39.23	-121.14
Round Mountain	CA	40.80	-121.94
Round Valley	CA	37.41	-118.57
Rouse	CA	37.62	-121.01
Rowland Heights	CA	33.97	-117.89
Rumsey	CA	38.89	-122.24
Running Springs	CA	34.21	-117.10
Ruth	CA	40.29	-123.35
Rutherford	CA	38.46	-122.43
Sacramento	CA	38.57	-121.47
Sage	CA	33.59	-116.91
Salida	CA	37.71	-121.08
Salinas	CA	36.69	-121.63
Salmon Creek	CA	38.35	-123.06
Salton City	CA	33.30	-115.96
Salton Sea Beach	CA	33.38	-116.01
Salyer	CA	40.88	-123.57
Samoa	CA	40.81	-124.19
San Andreas	CA	38.19	-120.67
San Anselmo	CA	37.98	-122.57
San Antonio Heights	CA	34.16	-117.66
San Ardo	CA	36.02	-120.91
San Bernardino	CA	34.14	-117.29
San Bruno	CA	37.63	-122.43
San Buenaventura (Ventura)	CA	34.27	-119.25
San Carlos	CA	37.50	-122.27
San Clemente	CA	33.45	-117.61
San Diego	CA	32.81	-117.14
San Diego Country Estates	CA	33.01	-116.79
San Dimas	CA	34.11	-117.81
San Fernando	CA	34.29	-118.44
San Francisco	CA	37.73	-123.03
San Gabriel	CA	34.09	-118.10
San Geronimo	CA	38.01	-122.66
San Jacinto	CA	33.80	-117.00
San Joaquin	CA	36.61	-120.19
San Jose	CA	37.30	-121.81
San Juan Bautista	CA	36.85	-121.54
San Juan Capistrano	CA	33.50	-117.65
San Leandro	CA	37.70	-122.16
San Lorenzo	CA	37.68	-122.14
San Lucas	CA	36.13	-121.02
San Luis Obispo	CA	35.27	-120.67
San Marcos	CA	33.13	-117.17
San Marino	CA	34.12	-118.11
San Martin	CA	37.08	-121.60
San Mateo	CA	37.56	-122.31
San Miguel	CA	35.75	-120.69
San Pablo	CA	37.96	-122.34
San Pasqual	CA	34.14	-118.10
San Rafael	CA	37.98	-122.51
San Ramon	CA	37.77	-121.93
San Simeon	CA	35.62	-121.14
Sand City	CA	36.62	-121.85
Sanger	CA	36.70	-119.56
Santa Ana	CA	33.74	-117.88
Santa Barbara	CA	34.40	-119.71
Santa Clara	CA	37.36	-121.97
Santa Clarita	CA	34.42	-118.50
Santa Cruz	CA	36.97	-122.04
Santa Fe Springs	CA	33.93	-118.06
Santa Margarita	CA	35.39	-120.61
Santa Maria	CA	34.93	-120.44
Santa Monica	CA	34.01	-118.50
Santa Nella	CA	37.10	-121.02
Santa Paula	CA	34.35	-119.07
Santa Rosa	CA	38.45	-122.71
Santa Rosa Valley	CA	34.25	-118.90
Santa Susana	CA	34.26	-118.66
Santa Venetia	CA	38.01	-122.50
Santa Ynez	CA	34.62	-120.10
Santee	CA	32.85	-116.99
Saranap	CA	37.89	-122.08
Saratoga	CA	37.27	-122.03
Saticoy	CA	34.28	-119.14
Sattley	CA	39.63	-120.44
Sausalito	CA	37.86	-122.49
Scotia	CA	40.48	-124.10
Scotts Valley	CA	37.06	-122.01
Sea Ranch	CA	38.73	-123.46
Seacliff	CA	36.98	-121.92
Seal Beach	CA	33.75	-118.07
Searles Valley	CA	35.77	-117.40
Seaside	CA	36.63	-121.82
Sebastopol	CA	38.40	-122.83
Seeley	CA	32.79	-115.68
Selma	CA	36.57	-119.61
Sequoia Crest	CA	36.19	-118.63
Sereno del Mar	CA	38.38	-123.07
Seville	CA	36.48	-119.23
Shafter	CA	35.48	-119.20
Shandon	CA	35.65	-120.38
Shasta	CA	40.59	-122.48
Shasta Lake	CA	40.68	-122.38
Shaver Lake	CA	37.10	-119.33
Sheep Ranch	CA	38.21	-120.46
Shell Ridge	CA	37.91	-122.03
Shelter Cove	CA	40.04	-124.06
Sheridan	CA	38.97	-121.35
Shingle Springs	CA	38.67	-120.94
Shingletown	CA	40.51	-121.86
Shoshone	CA	35.97	-116.31
Sierra Brooks	CA	39.64	-120.22
Sierra City	CA	39.57	-120.63
Sierra Madre	CA	34.17	-118.05
Sierra Village	CA	38.08	-120.16
Sierraville	CA	39.58	-120.36
Signal Hill	CA	33.80	-118.17
Silver City	CA	36.47	-118.65
Silver Lakes	CA	34.75	-117.34
Silverado	CA	33.75	-117.63
Silverado Resort	CA	38.36	-122.26
Simi Valley	CA	34.27	-118.75
Sisquoc	CA	34.86	-120.29
Sky Valley	CA	33.89	-116.36
Sleepy Hollow	CA	38.01	-122.59
Smartsville	CA	39.21	-121.29
Smith Corner	CA	35.48	-119.28
Smith River	CA	41.92	-124.15
Snelling	CA	37.52	-120.44
Soda Bay	CA	39.00	-122.78
Soda Springs	CA	39.32	-120.38
Solana Beach	CA	32.99	-117.26
Soledad	CA	36.43	-121.32
Solvang	CA	34.59	-120.14
Somis	CA	34.27	-119.00
Sonoma	CA	38.29	-122.46
Sonoma State University	CA	38.34	-122.67
Sonora	CA	37.98	-120.38
Soquel	CA	37.00	-121.95
Soulsbyville	CA	37.99	-120.26
South Dos Palos	CA	36.97	-120.65
South El Monte	CA	34.05	-118.05
South Gate	CA	33.94	-118.19
South Lake Tahoe	CA	38.93	-119.98
South Monrovia Island	CA	34.12	-118.00
South Oroville	CA	39.48	-121.54
South Pasadena	CA	34.11	-118.16
South San Francisco	CA	37.66	-122.38
South San Gabriel	CA	34.05	-118.10
South San Jose Hills	CA	34.01	-117.90
South Taft	CA	35.13	-119.46
South Whittier	CA	33.93	-118.03
Spaulding	CA	40.66	-120.79
Spreckels	CA	36.62	-121.65
Spring Garden	CA	39.89	-120.79
Spring Valley	CA	32.73	-116.98
Spring Valley Lake	CA	34.50	-117.27
Springville	CA	36.12	-118.82
Squaw Valley	CA	36.72	-119.20
Squirrel Mountain Valley	CA	35.62	-118.40
St. Helena	CA	38.51	-122.47
Stallion Springs	CA	35.09	-118.66
Stanford	CA	37.43	-122.17
Stanton	CA	33.80	-117.99
Stebbins	CA	35.41	-119.31
Stevenson Ranch	CA	34.39	-118.58
Stevinson	CA	37.32	-120.85
Stinson Beach	CA	37.90	-122.65
Stirling City	CA	39.90	-121.54
Stockton	CA	37.98	-121.31
Stones Landing	CA	40.69	-120.73
Stonyford	CA	39.37	-122.54
Stratford	CA	36.19	-119.82
Strathmore	CA	36.15	-119.06
Strawberry	CA	37.89	-122.51
Sugarloaf Saw Mill	CA	35.83	-118.62
Sugarloaf Village	CA	35.83	-118.64
Suisun City	CA	38.25	-122.01
Sultana	CA	36.55	-119.34
Summerland	CA	34.42	-119.59
Sun Village	CA	34.56	-117.96
Sunny Slopes	CA	37.57	-118.68
Sunnyside	CA	36.73	-119.69
Sunnyside-Tahoe City	CA	39.15	-120.17
Sunnyvale	CA	37.39	-122.03
Sunol	CA	37.59	-121.88
Susanville	CA	40.43	-120.63
Sutter	CA	39.16	-121.75
Sutter Creek	CA	38.39	-120.80
Swall Meadows	CA	37.51	-118.64
Taft	CA	35.13	-119.42
Taft Heights	CA	35.13	-119.47
Taft Mosswood	CA	37.91	-121.28
Tahoe Vista	CA	39.25	-120.06
Tahoma	CA	39.06	-120.14
Talmage	CA	39.13	-123.16
Tamalpais-Homestead Valley	CA	37.88	-122.54
Tancred	CA	38.76	-122.15
Tara Hills	CA	37.99	-122.32
Tarina	CA	35.38	-118.82
Tarpey Village	CA	36.79	-119.70
Taylorsville	CA	40.06	-120.84
Tecopa	CA	35.82	-116.21
Tehachapi	CA	35.14	-118.45
Tehama	CA	40.02	-122.13
Temecula	CA	33.49	-117.13
Temelec	CA	38.26	-122.50
Temescal Valley	CA	33.76	-117.47
Temple City	CA	34.10	-118.06
Templeton	CA	35.56	-120.72
Tennant	CA	41.58	-121.92
Terminous	CA	38.12	-121.49
Terra Bella	CA	35.96	-119.04
Teviston	CA	35.93	-119.28
Thermal	CA	33.63	-116.13
Thermalito	CA	39.51	-121.60
Thornton	CA	38.23	-121.43
Thousand Oaks	CA	34.19	-118.87
Thousand Palms	CA	33.82	-116.35
Three Rivers	CA	36.44	-118.88
Three Rocks	CA	36.51	-120.39
Tiburon	CA	37.89	-122.46
Timber Cove	CA	38.54	-123.26
Tipton	CA	36.06	-119.31
Tobin	CA	39.94	-121.30
Tomales	CA	38.25	-122.91
Tonyville	CA	36.25	-119.09
Tooleville	CA	36.29	-119.12
Topanga	CA	34.10	-118.61
Topaz	CA	38.64	-119.50
Toro Canyon	CA	34.42	-119.56
Torrance	CA	33.83	-118.36
Trabuco Canyon	CA	33.68	-117.59
Tracy	CA	37.73	-121.45
Tranquillity	CA	36.65	-120.25
Traver	CA	36.45	-119.48
Tres Pinos	CA	36.79	-121.31
Trinidad	CA	41.06	-124.14
Trinity Center	CA	40.98	-122.71
Trinity Village	CA	40.88	-123.51
Trona	CA	35.82	-117.35
Trowbridge	CA	38.93	-121.51
Truckee	CA	39.35	-120.19
Tulare	CA	36.20	-119.34
Tulelake	CA	41.95	-121.47
Tuolumne City	CA	37.96	-120.24
Tupman	CA	35.30	-119.36
Turlock	CA	37.51	-120.86
Tustin	CA	33.73	-117.81
Tuttle	CA	37.30	-120.38
Tuttletown	CA	38.01	-120.44
Twain	CA	40.04	-121.04
Twain Harte	CA	38.04	-120.23
Twentynine Palms	CA	34.15	-116.07
Twin Lakes	CA	38.16	-119.34
Ukiah	CA	39.15	-123.21
Union City	CA	37.60	-122.02
University of California-Davis	CA	38.54	-121.76
University of California-Merced	CA	37.36	-120.42
University of California-Santa Barbara	CA	34.42	-119.85
Upland	CA	34.12	-117.66
Upper Lake	CA	39.17	-122.91
Vacaville	CA	38.36	-121.97
Val Verde	CA	34.45	-118.67
Valinda	CA	34.04	-117.93
Valle Vista	CA	33.74	-116.89
Vallecito	CA	38.08	-120.47
Vallejo	CA	38.11	-122.26
Valley Acres	CA	35.21	-119.41
Valley Center	CA	33.23	-117.02
Valley Ford	CA	38.32	-122.91
Valley Home	CA	37.83	-120.91
Valley Ranch	CA	39.74	-120.56
Valley Springs	CA	38.19	-120.83
Valley Wells	CA	35.88	-117.34
Vandenberg AFB	CA	34.73	-120.51
Vandenberg Village	CA	34.71	-120.46
Verdi	CA	39.53	-120.02
Vernon	CA	34.00	-118.21
Victor	CA	38.14	-121.20
Victorville	CA	34.53	-117.35
View Park-Windsor Hills	CA	33.99	-118.35
Villa Park	CA	33.82	-117.81
Vina	CA	39.93	-122.05
Vincent	CA	34.10	-117.92
Vine Hill	CA	38.01	-122.09
Vineyard	CA	38.47	-121.32
Virginia Lakes	CA	38.04	-119.26
Visalia	CA	36.33	-119.33
Vista	CA	33.19	-117.24
Vista Santa Rosa	CA	33.62	-116.21
Volcano	CA	38.45	-120.62
Volta	CA	37.08	-120.91
Walker	CA	38.52	-119.47
Wallace	CA	38.20	-120.96
Walnut	CA	34.04	-117.86
Walnut Creek	CA	37.90	-122.04
Walnut Grove	CA	38.25	-121.53
Walnut Park	CA	33.97	-118.22
Warm Springs	CA	33.71	-117.33
Warner Valley	CA	40.40	-121.34
Wasco	CA	35.59	-119.37
Washington	CA	39.36	-120.79
Waterford	CA	37.64	-120.75
Waterloo	CA	38.04	-121.18
Watsonville	CA	36.92	-121.77
Waukena	CA	36.14	-119.51
Wautec	CA	41.35	-123.86
Wawona	CA	37.54	-119.64
Weaverville	CA	40.74	-122.93
Weed	CA	41.41	-122.38
Weedpatch	CA	35.24	-118.91
Weitchpec	CA	41.19	-123.69
Weldon	CA	35.64	-118.31
Weott	CA	40.32	-123.92
West Athens	CA	33.92	-118.30
West Bishop	CA	37.36	-118.48
West Carson	CA	33.82	-118.29
West Covina	CA	34.06	-117.91
West Goshen	CA	36.35	-119.46
West Hollywood	CA	34.09	-118.37
West Menlo Park	CA	37.43	-122.20
West Modesto	CA	37.62	-121.03
West Park	CA	36.71	-119.85
West Point	CA	38.41	-120.54
West Puente Valley	CA	34.05	-117.97
West Rancho Dominguez	CA	33.90	-118.27
West Sacramento	CA	38.55	-121.55
West Whittier-Los Nietos	CA	33.98	-118.07
Westhaven-Moonstone	CA	41.04	-124.09
Westlake Village	CA	34.14	-118.82
Westley	CA	37.55	-121.20
Westminster	CA	33.75	-117.99
Westmont	CA	33.94	-118.30
Westmorland	CA	33.04	-115.62
Westside	CA	36.40	-120.13
Westwood	CA	40.31	-121.00
Wheatland	CA	39.03	-121.39
Whitehawk	CA	39.72	-120.55
Whitewater	CA	33.94	-116.69
Whitley Gardens	CA	35.66	-120.51
Whitmore	CA	40.61	-121.94
Whittier	CA	33.97	-118.02
Wildomar	CA	33.62	-117.26
Wilkerson	CA	37.28	-118.39
Williams	CA	39.15	-122.14
Williams Canyon	CA	33.73	-117.64
Willits	CA	39.41	-123.35
Willow Creek	CA	40.94	-123.64
Willowbrook	CA	33.92	-118.24
Willows	CA	39.51	-122.20
Wilseyville	CA	38.38	-120.49
Wilsonia	CA	36.73	-118.96
Wilton	CA	38.41	-121.21
Winchester	CA	33.71	-117.08
Windsor	CA	38.54	-122.81
Winter Gardens	CA	32.84	-116.93
Winterhaven	CA	32.74	-114.64
Winters	CA	38.53	-121.98
Winton	CA	37.39	-120.62
Wofford Heights	CA	35.71	-118.47
Woodacre	CA	38.01	-122.64
Woodbridge	CA	38.17	-121.31
Woodcrest	CA	33.88	-117.37
Woodlake	CA	36.41	-119.10
Woodland	CA	38.67	-121.75
Woodlands	CA	35.03	-120.55
Woodside	CA	37.42	-122.26
Woodville	CA	36.09	-119.20
Woodville Farm Labor Camp	CA	36.08	-119.15
Woody	CA	35.71	-118.81
Wrightwood	CA	34.35	-117.63
Yankee Hill	CA	39.70	-121.51
Yermo	CA	34.91	-116.82
Yettem	CA	36.49	-119.26
Yolo	CA	38.74	-121.81
Yorba Linda	CA	33.89	-117.77
Yosemite Lakes	CA	37.19	-119.77
Yosemite Valley	CA	37.74	-119.58
Yosemite West	CA	37.65	-119.72
Yountville	CA	38.39	-122.37
Yreka	CA	41.72	-122.63
Yuba City	CA	39.13	-121.64
Yucaipa	CA	34.03	-117.04
Yucca Valley	CA	34.12	-116.42
Zayante	CA	37.09	-122.04
Acres Green	CO	39.56	-104.90
Aetna Estates	CO	39.74	-104.67
Aguilar	CO	37.40	-104.66
Air Force Academy	CO	38.99	-104.86
Akron	CO	40.16	-103.22
Alamosa	CO	37.47	-105.88
Alamosa East	CO	37.48	-105.84
Allenspark	CO	40.23	-105.52
Alma	CO	39.29	-106.07
Alpine	CO	37.69	-106.59
Altona	CO	40.12	-105.30
Amherst	CO	40.68	-102.17
Antonito	CO	37.08	-106.01
Applewood	CO	39.75	-105.17
Arapahoe	CO	38.85	-102.18
Arboles	CO	37.02	-107.42
Aristocrat Ranchettes	CO	40.11	-104.76
Arriba	CO	39.28	-103.27
Arvada	CO	39.83	-105.15
Aspen	CO	39.20	-106.84
Aspen Park	CO	39.54	-105.30
Atwood	CO	40.55	-103.27
Ault	CO	40.59	-104.74
Aurora	CO	39.70	-104.72
Avon	CO	39.64	-106.52
Avondale	CO	38.24	-104.35
Bark Ranch	CO	40.12	-105.44
Basalt	CO	39.37	-107.05
Battlement Mesa	CO	39.45	-108.00
Bayfield	CO	37.23	-107.60
Bennett	CO	39.74	-104.43
Berkley	CO	39.81	-105.03
Berthoud	CO	40.28	-104.97
Bethune	CO	39.30	-102.42
Beulah Valley	CO	38.07	-104.98
Black Forest	CO	39.06	-104.68
Black Hawk	CO	39.80	-105.49
Blanca	CO	37.44	-105.51
Blende	CO	38.25	-104.57
Blue River	CO	39.45	-106.04
Blue Sky	CO	40.30	-103.81
Blue Valley	CO	39.70	-105.49
Bonanza	CO	38.30	-106.14
Bonanza Mountain Estates	CO	39.98	-105.48
Boone	CO	38.25	-104.26
Boulder	CO	40.02	-105.25
Bow Mar	CO	39.63	-105.05
Brandon	CO	38.45	-102.44
Branson	CO	37.02	-103.88
Breckenridge	CO	39.50	-106.04
Brick Center	CO	39.59	-104.46
Briggsdale	CO	40.64	-104.32
Brighton	CO	39.97	-104.79
Brook Forest	CO	39.57	-105.39
Brookside	CO	38.41	-105.19
Broomfield	CO	39.95	-105.05
Brush	CO	40.26	-103.64
Buena Vista	CO	38.83	-106.14
Burlington	CO	39.30	-102.27
Byers	CO	39.71	-104.21
Calhan	CO	39.03	-104.30
Campo	CO	37.10	-102.58
Capulin	CO	37.28	-106.10
Carbonate	CO	39.75	-107.34
Carbondale	CO	39.40	-107.22
Cascade-Chipita Park	CO	38.95	-105.00
Castle Pines	CO	39.46	-104.87
Castle Pines Village	CO	39.44	-104.90
Castle Rock	CO	39.38	-104.85
Cathedral	CO	38.08	-107.03
Catherine	CO	39.40	-107.14
Cattle Creek	CO	39.47	-107.26
CaÃ±on City	CO	38.44	-105.22
Cedaredge	CO	38.89	-107.93
Centennial	CO	39.59	-104.86
Center	CO	37.75	-106.11
Central	CO	39.79	-105.51
Chacra	CO	39.58	-107.45
Cheraw	CO	38.11	-103.51
Cherry Creek	CO	39.61	-104.86
Cherry Hills Village	CO	39.64	-104.95
Cheyenne Wells	CO	38.82	-102.35
Cimarron Hills	CO	38.86	-104.70
City of Creede	CO	37.85	-106.93
Clifton	CO	39.08	-108.46
Coal Creek	CO	39.90	-105.37
Coaldale	CO	38.36	-105.81
Cokedale	CO	37.14	-104.62
Collbran	CO	39.24	-107.96
Colona	CO	38.33	-107.78
Colorado City	CO	37.94	-104.84
Colorado Springs	CO	38.87	-104.76
Columbine	CO	39.59	-105.07
Columbine Valley	CO	39.60	-105.03
Comanche Creek	CO	39.61	-104.34
Commerce City	CO	39.88	-104.79
Conejos	CO	37.09	-106.02
Cope	CO	39.66	-102.85
Copper Mountain	CO	39.48	-106.20
Cortez	CO	37.35	-108.58
Cotopaxi	CO	38.37	-105.69
Craig	CO	40.52	-107.56
Crawford	CO	38.71	-107.61
Crested Butte	CO	38.87	-106.98
Crestone	CO	37.99	-105.70
Cripple Creek	CO	38.75	-105.18
Crisman	CO	40.04	-105.37
Crook	CO	40.86	-102.80
Crowley	CO	38.19	-103.86
Dacono	CO	40.06	-104.95
Dakota Ridge	CO	39.62	-105.14
De Beque	CO	39.31	-108.20
Deer Trail	CO	39.62	-104.04
Del Norte	CO	37.68	-106.35
Delta	CO	38.76	-108.09
Denver	CO	39.76	-104.88
Derby	CO	39.84	-104.92
Dillon	CO	39.63	-106.04
Dinosaur	CO	40.24	-109.01
Divide	CO	38.95	-105.16
Dolores	CO	37.47	-108.50
Dotsero	CO	39.65	-107.05
Dove Creek	CO	37.77	-108.91
Dove Valley	CO	39.57	-104.83
Downieville-Lawson-Dumont	CO	39.77	-105.61
Durango	CO	37.27	-107.88
Eads	CO	38.48	-102.78
Eagle	CO	39.64	-106.82
East Pleasant View	CO	39.73	-105.16
Eaton	CO	40.53	-104.71
Echo Hills	CO	39.67	-105.41
Eckley	CO	40.11	-102.49
Edgewater	CO	39.75	-105.06
Edwards	CO	39.61	-106.62
El Jebel	CO	39.41	-107.09
El Moro	CO	37.25	-104.45
Elbert	CO	39.22	-104.54
Eldora	CO	39.96	-105.58
Eldorado Springs	CO	39.94	-105.25
Elizabeth	CO	39.37	-104.60
Ellicott	CO	38.83	-104.38
Empire	CO	39.76	-105.68
Englewood	CO	39.65	-104.99
Erie	CO	40.04	-105.04
Estes Park	CO	40.37	-105.53
Evans	CO	40.35	-104.75
Evergreen	CO	39.64	-105.34
Fairmount	CO	39.79	-105.17
Fairplay	CO	39.22	-106.00
Federal Heights	CO	39.86	-105.02
Firestone	CO	40.16	-104.95
Flagler	CO	39.30	-103.06
Fleming	CO	40.68	-102.84
Florence	CO	38.38	-105.10
Florissant	CO	38.94	-105.29
Floyd Hill	CO	39.72	-105.43
Fort Carson	CO	38.69	-104.75
Fort Collins	CO	40.55	-105.06
Fort Garland	CO	37.43	-105.44
Fort Lupton	CO	40.08	-104.81
Fort Morgan	CO	40.25	-103.79
Fountain	CO	38.69	-104.68
Four Square Mile	CO	39.68	-104.89
Fowler	CO	38.13	-104.03
Foxfield	CO	39.59	-104.79
Franktown	CO	39.39	-104.74
Fraser	CO	39.92	-105.81
Frederick	CO	40.11	-104.97
Frisco	CO	39.58	-106.09
Fruita	CO	39.16	-108.73
Fruitvale	CO	39.09	-108.48
Fulford	CO	39.52	-106.66
Garden City	CO	40.39	-104.69
Gardner	CO	37.79	-105.16
Garfield	CO	38.55	-106.29
Genesee	CO	39.69	-105.27
Genoa	CO	39.28	-103.50
Georgetown	CO	39.72	-105.69
Gerrard	CO	37.68	-106.58
Gilcrest	CO	40.28	-104.78
Glendale	CO	40.09	-105.37
Gleneagle	CO	39.04	-104.83
Glenwood Springs	CO	39.55	-107.34
Gold Hill	CO	40.06	-105.42
Golden	CO	39.74	-105.21
Goldfield	CO	38.72	-105.13
Granada	CO	38.06	-102.31
Granby	CO	40.06	-105.92
Grand Junction	CO	39.09	-108.57
Grand Lake	CO	40.26	-105.83
Grand View Estates	CO	39.54	-104.82
Greeley	CO	40.41	-104.77
Green Mountain Falls	CO	38.93	-105.02
Greenwood Village	CO	39.62	-104.91
Grover	CO	40.87	-104.23
Guffey	CO	38.76	-105.51
Gunbarrel	CO	40.06	-105.17
Gunnison	CO	38.55	-106.92
Gypsum	CO	39.62	-106.96
Hartman	CO	38.12	-102.22
Hartsel	CO	39.02	-105.80
Hasty	CO	38.10	-102.97
Haswell	CO	38.45	-103.16
Haxtun	CO	40.64	-102.63
Hayden	CO	40.49	-107.26
Heeney	CO	39.87	-106.30
Hidden Lake	CO	40.11	-105.48
Highlands Ranch	CO	39.54	-104.97
Hillrose	CO	40.32	-103.52
Hoehne	CO	37.28	-104.39
Holly	CO	38.06	-102.12
Holly Hills	CO	39.67	-104.92
Holyoke	CO	40.58	-102.30
Hooper	CO	37.75	-105.88
Hot Sulphur Springs	CO	40.07	-106.10
Hotchkiss	CO	38.80	-107.71
Howard	CO	38.41	-105.84
Hudson	CO	40.09	-104.59
Hugo	CO	39.14	-103.47
Idaho Springs	CO	39.75	-105.50
Idalia	CO	39.70	-102.29
Idledale	CO	39.67	-105.24
Ignacio	CO	37.12	-107.64
Iliff	CO	40.76	-103.07
Indian Hills	CO	39.63	-105.25
Inverness	CO	39.58	-104.87
Jackson Lake	CO	40.37	-104.06
Jamestown	CO	40.12	-105.39
Jansen	CO	37.16	-104.55
Joes	CO	39.66	-102.68
Johnson Village	CO	38.81	-106.11
Johnstown	CO	40.31	-104.91
Julesburg	CO	40.98	-102.26
Keenesburg	CO	40.16	-104.56
Ken Caryl	CO	39.58	-105.11
Kersey	CO	40.40	-104.58
Keystone	CO	39.57	-105.93
Kim	CO	37.25	-103.35
Kiowa	CO	39.34	-104.46
Kirk	CO	39.61	-102.59
Kit Carson	CO	38.76	-102.80
Kittredge	CO	39.66	-105.30
Kremmling	CO	40.06	-106.38
La Jara	CO	37.27	-105.96
La Junta	CO	37.98	-103.55
La Junta Gardens	CO	38.00	-103.55
La Salle	CO	40.35	-104.71
La Veta	CO	37.51	-105.01
Lafayette	CO	39.99	-105.10
Laird	CO	40.08	-102.10
Lake City	CO	38.02	-107.31
Lakeside	CO	39.78	-105.06
Lakewood	CO	39.70	-105.12
Lamar	CO	38.08	-102.61
Laporte	CO	40.64	-105.14
Larkspur	CO	39.23	-104.89
Las Animas	CO	38.07	-103.22
Lazear	CO	38.78	-107.78
Lazy Acres	CO	40.09	-105.33
Leadville	CO	39.25	-106.29
Leadville North	CO	39.26	-106.31
Lewis	CO	37.50	-108.66
Leyner	CO	40.05	-105.11
Limon	CO	39.27	-103.69
Lincoln Park	CO	38.43	-105.21
Littleton	CO	39.59	-105.02
Lochbuie	CO	40.01	-104.73
Log Lane Village	CO	40.27	-103.83
Loghill Village	CO	38.20	-107.78
Loma	CO	39.21	-108.81
Lone Tree	CO	39.53	-104.87
Longmont	CO	40.17	-105.10
Louisville	CO	39.97	-105.14
Louviers	CO	39.48	-105.00
Loveland	CO	40.42	-105.06
Lynn	CO	37.42	-104.64
Lyons	CO	40.22	-105.27
Manassa	CO	37.17	-105.94
Mancos	CO	37.35	-108.29
Manitou Springs	CO	38.86	-104.91
Manzanola	CO	38.11	-103.87
Marble	CO	39.07	-107.19
Marvel	CO	37.11	-108.13
Matheson	CO	39.17	-103.98
Maybell	CO	40.52	-108.09
Maysville	CO	38.53	-106.22
McClave	CO	38.13	-102.85
McCoy	CO	39.91	-106.73
Mead	CO	40.23	-104.99
Meeker	CO	40.05	-107.89
Meridian	CO	39.55	-104.85
Meridian Village	CO	39.53	-104.83
Merino	CO	40.48	-103.35
Midland	CO	38.85	-105.15
Milliken	CO	40.31	-104.86
Minturn	CO	39.54	-106.38
Moffat	CO	38.01	-105.91
Monte Vista	CO	37.58	-106.15
Montezuma	CO	39.58	-105.87
Montrose	CO	38.47	-107.86
Monument	CO	39.07	-104.84
Morgan Heights	CO	40.29	-103.83
Morrison	CO	39.64	-105.21
Mount Crested Butte	CO	38.91	-106.96
Mountain Meadows	CO	40.03	-105.38
Mountain View	CO	39.77	-105.06
Mountain Village	CO	37.93	-107.86
Mulford	CO	39.41	-107.17
Nathrop	CO	38.75	-106.08
Naturita	CO	38.22	-108.57
Nederland	CO	39.96	-105.51
New Castle	CO	39.58	-107.53
Niwot	CO	40.10	-105.16
No Name	CO	39.56	-107.29
Norrie	CO	39.33	-106.66
North La Junta	CO	38.00	-103.52
North Washington	CO	39.81	-104.98
Northglenn	CO	39.91	-104.98
Norwood	CO	38.13	-108.29
Nucla	CO	38.27	-108.55
Nunn	CO	40.71	-104.79
Oak Creek	CO	40.27	-106.96
Olathe	CO	38.61	-107.98
Olney Springs	CO	38.17	-103.94
Ophir	CO	37.86	-107.83
Orchard	CO	40.33	-104.12
Orchard City	CO	38.82	-107.97
Orchard Mesa	CO	39.04	-108.52
Ordway	CO	38.22	-103.76
Otis	CO	40.15	-102.96
Ouray	CO	38.03	-107.67
Ovid	CO	40.96	-102.39
Padroni	CO	40.78	-103.17
Pagosa Springs	CO	37.26	-107.00
Palisade	CO	39.11	-108.36
Palmer Lake	CO	39.12	-104.91
Paoli	CO	40.61	-102.47
Paonia	CO	38.87	-107.59
Parachute	CO	39.45	-108.05
Paragon Estates	CO	39.98	-105.19
Park Center	CO	38.49	-105.23
Parker	CO	39.51	-104.78
Parshall	CO	40.06	-106.18
Peetz	CO	40.96	-103.11
Penrose	CO	38.42	-105.00
Peoria	CO	39.65	-104.14
Perry Park	CO	39.26	-104.97
Peyton	CO	39.03	-104.49
Phippsburg	CO	40.23	-106.95
Piedra	CO	37.44	-107.17
Pierce	CO	40.65	-104.78
Pine Brook Hill	CO	40.04	-105.31
Pine Valley	CO	39.69	-105.41
Pitkin	CO	38.61	-106.51
Placerville	CO	38.01	-108.04
Platteville	CO	40.22	-104.83
Poncha Springs	CO	38.52	-106.07
Ponderosa Park	CO	39.40	-104.64
Portland	CO	38.09	-107.70
Pritchett	CO	37.37	-102.86
Pueblo	CO	38.27	-104.61
Pueblo West	CO	38.32	-104.78
Ramah	CO	39.12	-104.17
Rangely	CO	40.09	-108.78
Raymer (New Raymer)	CO	40.61	-103.84
Red Cliff	CO	39.51	-106.37
Red Feather Lakes	CO	40.81	-105.58
Redlands	CO	39.08	-108.66
Redstone	CO	39.18	-107.24
Redvale	CO	38.18	-108.41
Rico	CO	37.69	-108.03
Ridgway	CO	38.16	-107.75
Rifle	CO	39.54	-107.77
Rock Creek Park	CO	38.70	-104.83
Rockvale	CO	38.36	-105.16
Rocky Ford	CO	38.05	-103.72
Rollinsville	CO	39.92	-105.51
Romeo	CO	37.17	-105.99
Roxborough Park	CO	39.45	-105.07
Rye	CO	37.92	-104.93
Saddle Ridge	CO	40.31	-103.80
Saguache	CO	38.09	-106.14
Salida	CO	38.53	-106.00
Salt Creek	CO	38.24	-104.59
San Acacio	CO	37.21	-105.57
San Luis	CO	37.20	-105.42
Sanford	CO	37.26	-105.90
Sawpit	CO	37.99	-108.00
Security-Widefield	CO	38.75	-104.72
Sedalia	CO	39.44	-104.97
Sedgwick	CO	40.94	-102.53
Segundo	CO	37.12	-104.74
Seibert	CO	39.30	-102.87
Seven Hills	CO	40.03	-105.33
Severance	CO	40.51	-104.84
Shaw Heights	CO	39.86	-105.04
Sheridan	CO	39.65	-105.02
Sheridan Lake	CO	38.47	-102.29
Sherrelwood	CO	39.84	-105.00
Sierra Ridge	CO	39.53	-104.82
Silt	CO	39.55	-107.65
Silver Cliff	CO	38.13	-105.40
Silver Plume	CO	39.70	-105.73
Silverthorne	CO	39.66	-106.09
Silverton	CO	37.81	-107.66
Simla	CO	39.14	-104.08
Smeltertown	CO	38.55	-106.01
Snowmass Village	CO	39.22	-106.94
Snyder	CO	40.33	-103.59
Somerset	CO	38.93	-107.46
South Fork	CO	37.67	-106.64
Southern Ute	CO	37.07	-107.59
Springfield	CO	37.40	-102.62
St. Ann Highlands	CO	39.99	-105.46
St. Mary's	CO	39.82	-105.65
Starkville	CO	37.12	-104.52
Steamboat Springs	CO	40.48	-106.82
Stepping Stone	CO	39.51	-104.82
Sterling	CO	40.62	-103.19
Sterling Ranch	CO	39.49	-105.05
Stonegate	CO	39.53	-104.80
Stonewall Gap	CO	37.16	-105.03
Strasburg	CO	39.72	-104.32
Stratmoor	CO	38.77	-104.78
Stratton	CO	39.30	-102.60
Sugar City	CO	38.23	-103.66
Sugarloaf	CO	40.02	-105.41
Sunshine	CO	40.06	-105.37
Superior	CO	39.93	-105.16
Swink	CO	38.01	-103.63
Tabernash	CO	39.98	-105.84
Tall Timber	CO	40.02	-105.35
Telluride	CO	37.94	-107.82
The Pinery	CO	39.45	-104.75
Thornton	CO	39.92	-104.94
Timnath	CO	40.53	-104.96
Todd Creek	CO	39.98	-104.87
Towaoc	CO	37.21	-108.73
Towner	CO	38.47	-102.08
Trail Side	CO	40.25	-103.84
Trinidad	CO	37.17	-104.49
Twin Lakes	CO	39.10	-106.32
Two Buttes	CO	37.56	-102.40
Upper Bear Creek	CO	39.63	-105.41
Upper Witter Gulch	CO	39.66	-105.43
Vail	CO	39.64	-106.36
Valdez	CO	37.13	-104.67
Valmont	CO	40.03	-105.21
Vernon	CO	39.94	-102.31
Victor	CO	38.71	-105.14
Vilas	CO	37.37	-102.45
Vineland	CO	38.24	-104.46
Vona	CO	39.30	-102.74
Walden	CO	40.73	-106.28
Walsenburg	CO	37.63	-104.78
Walsh	CO	37.39	-102.28
Ward	CO	40.07	-105.51
Watkins	CO	39.70	-104.58
Welby	CO	39.84	-104.97
Weldona	CO	40.35	-103.97
Wellington	CO	40.70	-105.01
West Pleasant View	CO	39.73	-105.18
Westcliffe	CO	38.13	-105.47
Westcreek	CO	39.15	-105.16
Westminster	CO	39.88	-105.06
Weston	CO	37.15	-104.87
Wheat Ridge	CO	39.77	-105.10
Wiggins	CO	40.23	-104.07
Wiley	CO	38.15	-102.72
Williamsburg	CO	38.38	-105.17
Windsor	CO	40.48	-104.92
Winter Park	CO	39.88	-105.78
Wolcott	CO	39.70	-106.68
Woodland Park	CO	39.00	-105.06
Woodmoor	CO	39.10	-104.84
Woody Creek	CO	39.27	-106.89
Wray	CO	40.08	-102.23
Yampa	CO	40.15	-106.91
Yuma	CO	40.12	-102.72
Ansonia	CT	41.34	-73.07
Ball Pond	CT	41.46	-73.53
Baltic	CT	41.61	-72.08
Bantam	CT	41.72	-73.24
Bethel	CT	41.36	-73.41
Bethlehem Village	CT	41.64	-73.20
Bigelow Corners	CT	41.47	-73.51
Blue Hills	CT	41.81	-72.70
Bogus Hill	CT	41.51	-73.46
Botsford	CT	41.36	-73.27
Branchville	CT	41.27	-73.44
Branford Center	CT	41.28	-72.82
Bridgeport	CT	41.19	-73.20
Bridgewater	CT	41.53	-73.36
Bristol	CT	41.68	-72.94
Broad Brook	CT	41.91	-72.54
Brookfield Center	CT	41.46	-73.39
Brooklyn	CT	41.79	-71.95
Byram	CT	41.00	-73.65
Canaan	CT	42.04	-73.33
Candlewood Isle	CT	41.49	-73.45
Candlewood Knolls	CT	41.48	-73.46
Candlewood Lake Club	CT	41.49	-73.44
Candlewood Orchards	CT	41.47	-73.44
Candlewood Shores	CT	41.48	-73.44
Cannondale	CT	41.22	-73.43
Canton Valley	CT	41.83	-72.90
Cheshire Village	CT	41.50	-72.90
Chester Center	CT	41.40	-72.46
Chimney Point	CT	41.50	-73.44
Clinton	CT	41.28	-72.53
Colchester	CT	41.58	-72.33
Coleytown	CT	41.18	-73.34
Collinsville	CT	41.82	-72.92
Compo	CT	41.12	-73.35
Conning Towers-Nautilus Park	CT	41.39	-72.06
Cornwall	CT	41.84	-73.33
Cornwall Bridge	CT	41.81	-73.38
Cos Cob	CT	41.05	-73.59
Coventry Lake	CT	41.78	-72.33
Crystal Lake	CT	41.93	-72.38
Danbury	CT	41.40	-73.48
Daniels Farm	CT	41.28	-73.21
Danielson	CT	41.81	-71.88
Darien Downtown	CT	41.08	-73.47
Dayville	CT	41.84	-71.88
Deep River Center	CT	41.38	-72.44
Derby	CT	41.33	-73.08
Dodgingtown	CT	41.38	-73.35
Durham	CT	41.47	-72.68
East Brooklyn	CT	41.79	-71.91
East Hampton	CT	41.57	-72.48
East Hartford	CT	41.76	-72.61
East Haven	CT	41.29	-72.86
East Village	CT	41.36	-73.19
Essex Village	CT	41.36	-72.39
Fairfield University	CT	41.16	-73.26
Falls Village	CT	41.96	-73.36
Fenwick	CT	41.27	-72.35
Gales Ferry	CT	41.42	-72.08
Gaylordsville	CT	41.64	-73.48
Georgetown	CT	41.24	-73.44
Glastonbury Center	CT	41.70	-72.60
Glenville	CT	41.04	-73.66
Greens Farms	CT	41.12	-73.32
Greenwich	CT	41.03	-73.63
Groton	CT	41.33	-72.07
Groton Long Point	CT	41.31	-72.01
Guilford Center	CT	41.28	-72.68
Hartford	CT	41.77	-72.68
Hawleyville	CT	41.43	-73.35
Hazardville	CT	41.99	-72.53
Heritage Village	CT	41.49	-73.23
Higganum	CT	41.49	-72.56
Indian Field	CT	41.02	-73.61
Inglenook	CT	41.52	-73.47
Jewett City	CT	41.61	-71.98
Kellogg Point	CT	41.47	-73.46
Kensington	CT	41.63	-72.77
Knollcrest	CT	41.50	-73.47
Lake Bungee	CT	41.96	-72.07
Lake Chaffee	CT	41.94	-72.20
Lake Pocotopaug	CT	41.60	-72.50
Lakes East	CT	41.33	-73.49
Lakes West	CT	41.34	-73.51
Lakeside Woods	CT	41.55	-73.48
Lakeville	CT	41.96	-73.44
Litchfield	CT	41.75	-73.19
Long Hill	CT	41.27	-73.23
Lordship	CT	41.15	-73.11
Madison Center	CT	41.28	-72.60
Mamanasco Lake	CT	41.32	-73.53
Manchester	CT	41.78	-72.52
Mansfield Center	CT	41.77	-72.19
Mashantucket	CT	41.46	-71.97
Mechanicsville	CT	41.95	-71.89
Meriden	CT	41.54	-72.79
Middletown	CT	41.55	-72.66
Milford	CT	41.22	-73.06
Mill Plain	CT	41.15	-73.27
Moodus	CT	41.50	-72.44
Moosup	CT	41.72	-71.88
Murray	CT	41.20	-73.29
Mystic	CT	41.36	-71.96
Naugatuck	CT	41.49	-73.05
New Britain	CT	41.68	-72.79
New Canaan	CT	41.14	-73.49
New Hartford Center	CT	41.88	-72.97
New Haven	CT	41.31	-72.92
New London	CT	41.33	-72.10
New Milford	CT	41.58	-73.40
New Preston	CT	41.69	-73.33
Newington	CT	41.69	-72.73
Newtown	CT	41.41	-73.31
Niantic	CT	41.32	-72.20
Noank	CT	41.34	-72.00
Norfolk	CT	41.99	-73.19
Noroton	CT	41.06	-73.49
Noroton Heights	CT	41.07	-73.50
North Granby	CT	42.02	-72.84
North Grosvenor Dale	CT	41.99	-71.90
North Haven	CT	41.38	-72.86
Northford	CT	41.40	-72.78
Northwest Harwinton	CT	41.78	-73.08
Norwalk	CT	41.09	-73.42
Norwich	CT	41.55	-72.09
Oakville	CT	41.59	-73.09
Old Greenwich	CT	41.02	-73.57
Old Hill	CT	41.15	-73.38
Old Mystic	CT	41.38	-71.99
Old Saybrook Center	CT	41.29	-72.36
Orange	CT	41.28	-73.02
Oronoque	CT	41.26	-73.11
Oxoboxo River	CT	41.44	-72.13
Pawcatuck	CT	41.37	-71.86
Pemberwick	CT	41.02	-73.66
Plainfield Village	CT	41.68	-71.92
Plantsville	CT	41.58	-72.89
Plattsville	CT	41.23	-73.26
Pleasant Valley	CT	41.91	-72.99
Poplar Plains	CT	41.17	-73.38
Poquonock Bridge	CT	41.34	-72.01
Portland	CT	41.58	-72.62
Putnam	CT	41.92	-71.91
Quasset Lake	CT	41.92	-71.98
Quinebaug	CT	42.01	-71.93
Quinnipiac University	CT	41.42	-72.89
Redding Center	CT	41.31	-73.38
Ridgebury	CT	41.36	-73.54
Ridgefield	CT	41.27	-73.49
Riverside	CT	41.03	-73.58
Riverton	CT	41.96	-73.02
Rock Ridge	CT	41.03	-73.65
Rockville	CT	41.87	-72.45
Route 7 Gateway	CT	41.32	-73.48
Sacred Heart University	CT	41.22	-73.24
Sail Harbor	CT	41.52	-73.46
Salmon Brook	CT	41.96	-72.79
Sandy Hook	CT	41.41	-73.24
Saugatuck	CT	41.11	-73.37
Saybrook Manor	CT	41.28	-72.41
Sharon	CT	41.88	-73.46
Shelton	CT	41.30	-73.14
Sherman	CT	41.57	-73.50
Sherwood Manor	CT	42.01	-72.57
Simsbury Center	CT	41.88	-72.81
Somers	CT	41.99	-72.45
South Coventry	CT	41.76	-72.30
South Wilton	CT	41.17	-73.42
South Windham	CT	41.68	-72.18
South Woodstock	CT	41.93	-71.96
Southport	CT	41.13	-73.29
Southwood Acres	CT	41.96	-72.57
Stafford Springs	CT	41.97	-72.31
Stamford	CT	41.08	-73.55
Staples	CT	41.16	-73.33
Stepney	CT	41.32	-73.27
Stonington	CT	41.33	-71.90
Storrs	CT	41.81	-72.25
Stratford Downtown	CT	41.20	-73.13
Suffield Depot	CT	41.99	-72.64
Tariffville	CT	41.91	-72.77
Tashua	CT	41.28	-73.25
Taylor Corners	CT	41.45	-73.53
Terramuggus	CT	41.63	-72.47
Terryville	CT	41.68	-73.01
Thomaston	CT	41.68	-73.08
Thompsonville	CT	41.99	-72.60
Tokeneke	CT	41.05	-73.46
Topstone	CT	41.30	-73.45
Torrington	CT	41.83	-73.13
Trumbull Center	CT	41.24	-73.18
Wallingford Center	CT	41.45	-72.82
Waterbury	CT	41.56	-73.04
Waterford	CT	41.35	-72.13
Watertown	CT	41.60	-73.12
Wauregan	CT	41.75	-71.91
Weatogue	CT	41.85	-72.83
West Cornwall	CT	41.86	-73.36
West Hartford	CT	41.77	-72.75
West Haven	CT	41.27	-72.97
West Mountain	CT	41.30	-73.54
West Simsbury	CT	41.88	-72.85
Westbrook Center	CT	41.28	-72.44
Weston	CT	41.20	-73.38
Westport Village	CT	41.14	-73.36
Wethersfield	CT	41.70	-72.67
Willimantic	CT	41.72	-72.21
Wilton Center	CT	41.19	-73.43
Windsor Locks	CT	41.93	-72.65
Winsted	CT	41.93	-73.07
Witches Woods	CT	41.95	-72.07
Woodbury Center	CT	41.54	-73.20
Woodmont	CT	41.22	-73.00
Washington	DC	38.90	-77.02
Arden	DE	39.81	-75.49
Ardencroft	DE	39.81	-75.49
Ardentown	DE	39.81	-75.48
Bear	DE	39.62	-75.68
Bellefonte	DE	39.77	-75.50
Bethany Beach	DE	38.54	-75.06
Bethel	DE	38.57	-75.62
Blades	DE	38.64	-75.60
Bowers	DE	39.06	-75.40
Bridgeville	DE	38.73	-75.60
Brookside	DE	39.67	-75.71
Camden	DE	39.10	-75.56
Cheswold	DE	39.22	-75.59
Claymont	DE	39.80	-75.46
Clayton	DE	39.27	-75.63
Dagsboro	DE	38.55	-75.25
Delaware City	DE	39.57	-75.59
Delmar	DE	38.47	-75.54
Dewey Beach	DE	38.70	-75.08
Dover	DE	39.16	-75.52
Dover Base Housing	DE	39.12	-75.48
Edgemoor	DE	39.75	-75.51
Ellendale	DE	38.81	-75.42
Elsmere	DE	39.74	-75.59
Farmington	DE	38.87	-75.58
Felton	DE	39.01	-75.58
Fenwick Island	DE	38.46	-75.05
Frankford	DE	38.52	-75.23
Frederica	DE	39.01	-75.47
Georgetown	DE	38.69	-75.39
Glasgow	DE	39.60	-75.75
Greenville	DE	39.77	-75.60
Greenwood	DE	38.81	-75.59
Harrington	DE	38.92	-75.57
Hartly	DE	39.17	-75.71
Henlopen Acres	DE	38.73	-75.08
Highland Acres	DE	39.12	-75.52
Hockessin	DE	39.78	-75.68
Houston	DE	38.92	-75.50
Kent Acres	DE	39.13	-75.52
Kenton	DE	39.23	-75.66
Laurel	DE	38.57	-75.57
Leipsic	DE	39.24	-75.52
Lewes	DE	38.78	-75.14
Lincoln	DE	38.87	-75.42
Little Creek	DE	39.17	-75.45
Long Neck	DE	38.62	-75.16
Magnolia	DE	39.07	-75.48
Middletown	DE	39.44	-75.72
Milford	DE	38.91	-75.42
Millsboro	DE	38.59	-75.31
Millville	DE	38.54	-75.13
Milton	DE	38.78	-75.31
New Castle	DE	39.67	-75.57
Newark	DE	39.68	-75.76
Newport	DE	39.71	-75.60
North Star	DE	39.75	-75.73
Ocean View	DE	38.53	-75.11
Odessa	DE	39.46	-75.66
Pike Creek	DE	39.75	-75.69
Pike Creek Valley	DE	39.73	-75.70
Port Penn	DE	39.52	-75.58
Rehoboth Beach	DE	38.72	-75.08
Rising Sun-Lebanon	DE	39.10	-75.51
Riverview	DE	39.03	-75.52
Rodney Village	DE	39.13	-75.54
Seaford	DE	38.66	-75.61
Selbyville	DE	38.46	-75.21
Slaughter Beach	DE	38.92	-75.31
Smyrna	DE	39.30	-75.61
South Bethany	DE	38.52	-75.06
St. Georges	DE	39.56	-75.65
Townsend	DE	39.40	-75.70
Viola	DE	39.04	-75.57
Wilmington	DE	39.74	-75.53
Wilmington Manor	DE	39.69	-75.58
Woodside	DE	39.07	-75.57
Woodside East	DE	39.07	-75.54
Wyoming	DE	39.11	-75.56
Acacia Villas	FL	26.65	-80.11
Alachua	FL	29.77	-82.48
Alafaya	FL	28.53	-81.19
Alford	FL	30.70	-85.40
Allentown	FL	30.77	-87.08
Altamonte Springs	FL	28.66	-81.39
Altha	FL	30.57	-85.13
Altoona	FL	28.97	-81.65
Alturas	FL	27.84	-81.68
Alva	FL	26.72	-81.62
Andrews	FL	29.55	-82.89
Anna Maria	FL	27.53	-82.73
Apalachicola	FL	29.73	-84.99
Apollo Beach	FL	27.76	-82.40
Apopka	FL	28.70	-81.53
Arcadia	FL	27.22	-81.86
Archer	FL	29.56	-82.57
Aripeka	FL	28.43	-82.67
Asbury Lake	FL	30.05	-81.79
Astatula	FL	28.71	-81.73
Astor	FL	29.16	-81.53
Atlantic Beach	FL	30.34	-81.40
Atlantis	FL	26.60	-80.10
Auburndale	FL	28.11	-81.80
Aucilla	FL	30.48	-83.76
Avalon	FL	30.54	-87.10
Ave Maria	FL	26.32	-81.44
Aventura	FL	25.96	-80.13
Avon Park	FL	27.59	-81.51
Azalea Park	FL	28.55	-81.30
Babson Park	FL	27.83	-81.53
Bagdad	FL	30.58	-87.04
Bal Harbour	FL	25.89	-80.12
Baldwin	FL	30.31	-81.97
Balm	FL	27.75	-82.29
Bardmoor	FL	27.86	-82.75
Bartow	FL	27.89	-81.82
Bascom	FL	30.93	-85.12
Bay Harbor Islands	FL	25.89	-80.13
Bay Hill	FL	28.46	-81.51
Bay Lake	FL	28.39	-81.58
Bay Pines	FL	27.82	-82.78
Bayonet Point	FL	28.33	-82.68
Bayport	FL	28.54	-82.64
Bayshore Gardens	FL	27.43	-82.58
Beacon Square	FL	28.21	-82.75
Bear Creek	FL	27.76	-82.73
Bee Ridge	FL	27.28	-82.47
Bell	FL	29.76	-82.86
Bellair-Meadowbrook Terrace	FL	30.18	-81.73
Belle Glade	FL	26.69	-80.67
Belle Isle	FL	28.46	-81.35
Belleair	FL	27.94	-82.81
Belleair Beach	FL	27.93	-82.84
Belleair Bluffs	FL	27.92	-82.82
Belleair Shore	FL	27.92	-82.85
Belleview	FL	29.06	-82.06
Bellview	FL	30.46	-87.31
Berkshire Lakes	FL	26.16	-81.73
Berrydale	FL	30.90	-87.03
Beverly Beach	FL	29.52	-81.15
Beverly Hills	FL	28.92	-82.45
Big Coppitt Key	FL	24.58	-81.65
Big Pine Key	FL	24.69	-81.36
Biscayne Park	FL	25.88	-80.18
Bithlo	FL	28.58	-81.09
Black Diamond	FL	28.91	-82.49
Black Hammock	FL	28.71	-81.18
Bloomingdale	FL	27.88	-82.26
Blountstown	FL	30.44	-85.05
Boca Raton	FL	26.37	-80.10
Bokeelia	FL	26.68	-82.14
Bonifay	FL	30.78	-85.69
Bonita Springs	FL	26.36	-81.78
Boulevard Gardens	FL	26.13	-80.18
Bowling Green	FL	27.64	-81.82
Boynton Beach	FL	26.53	-80.08
Bradenton	FL	27.49	-82.58
Bradenton Beach	FL	27.46	-82.70
Bradfordville	FL	30.57	-84.20
Bradley Junction	FL	27.79	-81.98
Brandon	FL	27.94	-82.30
Branford	FL	29.96	-82.92
Brent	FL	30.47	-87.25
Briny Breezes	FL	26.51	-80.05
Bristol	FL	30.43	-84.98
Broadview Park	FL	26.10	-80.21
Bronson	FL	29.45	-82.64
Brooker	FL	29.89	-82.33
Brookridge	FL	28.55	-82.49
Brooksville	FL	28.52	-82.40
Brownsdale	FL	30.89	-87.22
Brownsville	FL	25.82	-80.24
Buckhead Ridge	FL	27.13	-80.89
Buckingham	FL	26.65	-81.75
Buenaventura Lakes	FL	28.33	-81.35
Bunnell	FL	29.42	-81.32
Burnt Store Marina	FL	26.77	-82.05
Bushnell	FL	28.69	-82.11
Butler Beach	FL	29.80	-81.26
Cabana Colony	FL	26.86	-80.09
Callahan	FL	30.57	-81.83
Callaway	FL	30.13	-85.55
Campbell	FL	28.26	-81.45
Campbellton	FL	30.96	-85.41
Canal Point	FL	26.86	-80.62
Cape Canaveral	FL	28.39	-80.60
Cape Coral	FL	26.64	-82.00
Capitola	FL	30.44	-84.08
Captiva	FL	26.50	-82.19
Carrabelle	FL	29.85	-84.67
Carrollwood	FL	28.06	-82.52
Caryville	FL	30.78	-85.81
Casselberry	FL	28.66	-81.32
Cedar Grove	FL	30.18	-85.63
Cedar Key	FL	29.15	-83.04
Celebration	FL	28.31	-81.55
Center Hill	FL	28.62	-82.01
Century	FL	30.98	-87.26
Chaires	FL	30.44	-84.13
Charleston Park	FL	26.71	-81.58
Charlotte Harbor	FL	26.96	-82.06
Charlotte Park	FL	26.90	-82.05
Chattahoochee	FL	30.70	-84.83
Cheval	FL	28.15	-82.52
Chiefland	FL	29.49	-82.87
Chipley	FL	30.78	-85.54
Chokoloskee	FL	25.81	-81.36
Christmas	FL	28.56	-80.99
Chuluota	FL	28.64	-81.12
Chumuckla	FL	30.79	-87.23
Cinco Bayou	FL	30.42	-86.61
Citrus Hills	FL	28.89	-82.43
Citrus Park	FL	28.07	-82.56
Citrus Springs	FL	28.99	-82.46
Clarcona	FL	28.63	-81.50
Clearwater	FL	27.98	-82.77
Clermont	FL	28.53	-81.72
Cleveland	FL	26.95	-81.99
Clewiston	FL	26.75	-80.94
Cloud Lake	FL	26.67	-80.07
Cobbtown	FL	30.88	-87.13
Cocoa	FL	28.38	-80.76
Cocoa Beach	FL	28.33	-80.63
Cocoa West	FL	28.36	-80.77
Coconut Creek	FL	26.28	-80.18
Coleman	FL	28.80	-82.07
Combee Settlement	FL	28.06	-81.90
Connerton	FL	28.31	-82.46
Conway	FL	28.50	-81.33
Cooper City	FL	26.05	-80.28
Coral Gables	FL	25.68	-80.26
Coral Springs	FL	26.27	-80.26
Coral Terrace	FL	25.75	-80.30
Cortez	FL	27.47	-82.67
Cottondale	FL	30.79	-85.37
Country Club	FL	25.94	-80.31
Country Walk	FL	25.63	-80.43
Crawfordville	FL	30.20	-84.36
Crescent Beach	FL	29.73	-81.24
Crescent City	FL	29.43	-81.51
Crestview	FL	30.75	-86.58
Crooked Lake Park	FL	27.83	-81.59
Cross City	FL	29.64	-83.12
Crystal Lake	FL	28.04	-81.90
Crystal River	FL	28.90	-82.60
Crystal Springs	FL	28.18	-82.15
Cudjoe Key	FL	24.68	-81.50
Cutler Bay	FL	25.58	-80.33
Cypress Gardens	FL	28.00	-81.69
Cypress Lake	FL	26.54	-81.90
Cypress Quarters	FL	27.25	-80.81
Dade City	FL	28.36	-82.19
Dade City North	FL	28.38	-82.19
Dania Beach	FL	26.06	-80.16
Davenport	FL	28.16	-81.61
Davie	FL	26.08	-80.28
Day	FL	30.20	-83.29
Daytona Beach	FL	29.19	-81.10
Daytona Beach Shores	FL	29.17	-80.98
De Leon Springs	FL	29.12	-81.35
DeBary	FL	28.88	-81.32
DeFuniak Springs	FL	30.71	-86.12
DeLand	FL	29.02	-81.29
DeLand Southwest	FL	29.01	-81.31
Deerfield Beach	FL	26.31	-80.13
Delray Beach	FL	26.46	-80.09
Deltona	FL	28.91	-81.21
Desoto Acres	FL	27.38	-82.52
Desoto Lakes	FL	27.38	-82.50
Destin	FL	30.40	-86.47
Dickerson City	FL	30.48	-87.07
Dixonville	FL	30.98	-87.05
Doctor Phillips	FL	28.44	-81.49
Doral	FL	25.82	-80.36
Dover	FL	27.99	-82.23
Duck Key	FL	24.77	-80.91
Dundee	FL	28.02	-81.60
Dunedin	FL	28.03	-82.82
Dunnellon	FL	29.06	-82.43
Eagle Lake	FL	27.97	-81.76
East Bronson	FL	29.46	-82.59
East Lake	FL	28.12	-82.69
East Lake-Orient Park	FL	28.00	-82.36
East Milton	FL	30.62	-86.96
East Palatka	FL	29.65	-81.60
East Williston	FL	29.39	-82.42
Eastpoint	FL	29.76	-84.86
Eatonville	FL	28.61	-81.39
Ebro	FL	30.44	-85.88
Edgewater	FL	28.95	-80.94
Edgewood	FL	28.48	-81.37
Eglin AFB	FL	30.46	-86.55
Egypt Lake-Leto	FL	28.02	-82.51
El Portal	FL	25.86	-80.20
Elfers	FL	28.21	-82.72
Ellenton	FL	27.53	-82.53
Englewood	FL	26.97	-82.35
Ensley	FL	30.53	-87.27
Estero	FL	26.43	-81.80
Esto	FL	30.98	-85.64
Eustis	FL	28.86	-81.68
Everglades	FL	25.86	-81.39
Fairview Shores	FL	28.60	-81.40
Fanning Springs	FL	29.59	-82.93
Feather Sound	FL	27.91	-82.69
Fellsmere	FL	27.72	-80.61
Fern Park	FL	28.65	-81.35
Fernandina Beach	FL	30.66	-81.45
Ferndale	FL	28.62	-81.69
Ferry Pass	FL	30.52	-87.19
Fidelis	FL	30.93	-87.03
Fish Hawk	FL	27.85	-82.22
Fisher Island	FL	25.76	-80.14
Five Points	FL	30.22	-82.64
Flagler Beach	FL	29.47	-81.13
Flagler Estates	FL	29.65	-81.46
Fleming Island	FL	30.10	-81.71
Floral City	FL	28.71	-82.31
Florida City	FL	25.44	-80.47
Florida Gulf Coast University	FL	26.47	-81.76
Florida Ridge	FL	27.58	-80.38
Floridatown	FL	30.58	-87.16
Forest City	FL	28.66	-81.44
Fort Braden	FL	30.43	-84.54
Fort Denaud	FL	26.72	-81.55
Fort Green	FL	27.63	-81.94
Fort Green Springs	FL	27.59	-81.94
Fort Lauderdale	FL	26.14	-80.15
Fort Meade	FL	27.77	-81.81
Fort Myers	FL	26.62	-81.83
Fort Myers Beach	FL	26.43	-81.91
Fort Myers Shores	FL	26.71	-81.74
Fort Pierce	FL	27.43	-80.34
Fort Pierce North	FL	27.47	-80.36
Fort Pierce South	FL	27.41	-80.35
Fort Walton Beach	FL	30.42	-86.62
Fort White	FL	29.92	-82.71
Fountainebleau	FL	25.77	-80.35
Four Corners	FL	28.33	-81.65
Franklin Park	FL	26.13	-80.18
Freeport	FL	30.50	-86.13
Frostproof	FL	27.75	-81.53
Fruit Cove	FL	30.10	-81.62
Fruitland Park	FL	28.85	-81.94
Fruitville	FL	27.33	-82.46
Fuller Heights	FL	27.93	-82.00
Fussels Corner	FL	28.06	-81.86
Gainesville	FL	29.68	-82.35
Garcon Point	FL	30.48	-87.09
Garden Grove	FL	28.47	-82.43
Gardner	FL	27.36	-81.79
Gateway	FL	26.58	-81.75
Geneva	FL	28.74	-81.12
Gibsonton	FL	27.83	-82.38
Gifford	FL	27.68	-80.43
Gladeview	FL	25.84	-80.24
Glen Ridge	FL	26.67	-80.08
Glen St. Mary	FL	30.28	-82.16
Glencoe	FL	29.02	-80.97
Glenvar Heights	FL	25.71	-80.32
Golden Beach	FL	25.96	-80.12
Golden Gate	FL	26.18	-81.70
Golden Glades	FL	25.91	-80.20
Goldenrod	FL	28.61	-81.29
Golf	FL	26.50	-80.11
Gonzalez	FL	30.59	-87.29
Goodland	FL	25.93	-81.65
Gotha	FL	28.53	-81.52
Goulding	FL	30.44	-87.23
Goulds	FL	25.56	-80.39
Graceville	FL	30.96	-85.51
Grand Ridge	FL	30.70	-85.02
Grant-Valkaria	FL	27.93	-80.57
Green Cove Springs	FL	29.99	-81.68
Greenacres	FL	26.63	-80.14
Greenbriar	FL	28.01	-82.75
Greensboro	FL	30.57	-84.72
Greenville	FL	30.47	-83.64
Greenwood	FL	30.87	-85.16
Grenelefe	FL	28.05	-81.55
Gretna	FL	30.58	-84.71
Grove City	FL	26.91	-82.33
Groveland	FL	28.61	-81.83
Gulf Breeze	FL	30.37	-87.17
Gulf Gate	FL	27.26	-82.51
Gulf Stream	FL	26.49	-80.06
Gulfport	FL	27.75	-82.71
Gun Club Estates	FL	26.68	-80.11
Haines City	FL	28.11	-81.62
Hallandale Beach	FL	25.98	-80.14
Hampton	FL	29.86	-82.14
Harbor Bluffs	FL	27.91	-82.83
Harbour Heights	FL	26.99	-82.01
Harlem	FL	26.73	-80.95
Harlem Heights	FL	26.52	-81.93
Harold	FL	30.67	-86.85
Hastings	FL	29.71	-81.50
Havana	FL	30.63	-84.41
Haverhill	FL	26.69	-80.12
Hawthorne	FL	29.59	-82.09
Heathrow	FL	28.78	-81.37
Heritage Bay	FL	26.28	-81.66
Heritage Pines	FL	28.43	-82.62
Hernando	FL	28.95	-82.39
Hernando Beach	FL	28.47	-82.67
Hialeah	FL	25.87	-80.30
Hialeah Gardens	FL	25.89	-80.36
High Point	FL	28.55	-82.52
High Springs	FL	29.80	-82.59
Highland Beach	FL	26.41	-80.06
Highland City	FL	27.96	-81.88
Highland Park	FL	27.86	-81.57
Hill 'n Dale	FL	28.51	-82.29
Hillcrest Heights	FL	27.82	-81.54
Hilliard	FL	30.69	-81.92
Hillsboro Beach	FL	26.28	-80.08
Hillsboro Pines	FL	26.33	-80.19
Hobe Sound	FL	27.07	-80.14
Holden Heights	FL	28.52	-81.40
Holden Lakes	FL	28.50	-81.38
Holiday	FL	28.19	-82.74
Holley	FL	30.45	-86.90
Holly Hill	FL	29.25	-81.05
Hollywood	FL	26.03	-80.16
Holmes Beach	FL	27.51	-82.72
Homeland	FL	27.82	-81.83
Homestead	FL	25.47	-80.44
Homestead Base	FL	25.49	-80.39
Homosassa	FL	28.78	-82.61
Homosassa Springs	FL	28.81	-82.54
Horizon West	FL	28.44	-81.61
Horseshoe Beach	FL	29.44	-83.29
Hosford	FL	30.40	-84.81
Howey-in-the-Hills	FL	28.70	-81.78
Hudson	FL	28.36	-82.69
Hunters Creek	FL	28.36	-81.44
Hurlburt Field	FL	30.43	-86.72
Hutchinson Island South	FL	27.31	-80.22
Hypoluxo	FL	26.57	-80.05
Immokalee	FL	26.42	-81.42
Indialantic	FL	28.09	-80.57
Indian Creek	FL	25.88	-80.14
Indian Harbour Beach	FL	28.16	-80.60
Indian Lake Estates	FL	27.80	-81.36
Indian River Estates	FL	27.36	-80.30
Indian River Shores	FL	27.71	-80.38
Indian Rocks Beach	FL	27.90	-82.85
Indian Shores	FL	27.85	-82.84
Indiantown	FL	27.04	-80.49
Inglis	FL	29.03	-82.66
Interlachen	FL	29.62	-81.89
Inverness	FL	28.84	-82.34
Inverness Highlands North	FL	28.86	-82.38
Inverness Highlands South	FL	28.80	-82.34
Inwood	FL	28.04	-81.77
Iona	FL	26.52	-81.96
Islamorada, Village of Islands	FL	24.98	-80.54
Island Walk	FL	26.25	-81.71
Istachatta	FL	28.66	-82.27
Ives Estates	FL	25.96	-80.18
Jacksonville	FL	30.34	-81.66
Jacksonville Beach	FL	30.27	-81.39
Jacob City	FL	30.89	-85.41
Jan Phyl Village	FL	28.02	-81.79
Jasmine Estates	FL	28.30	-82.69
Jasper	FL	30.46	-82.93
Jay	FL	30.95	-87.15
Jennings	FL	30.60	-83.11
Jensen Beach	FL	27.24	-80.24
June Park	FL	28.07	-80.69
Juno Beach	FL	26.88	-80.06
Juno Ridge	FL	26.85	-80.06
Jupiter	FL	26.92	-80.12
Jupiter Farms	FL	26.92	-80.22
Jupiter Inlet Colony	FL	26.95	-80.08
Jupiter Island	FL	27.03	-80.10
Kathleen	FL	28.12	-82.04
Kendale Lakes	FL	25.71	-80.41
Kendall	FL	25.67	-80.35
Kendall West	FL	25.71	-80.44
Kenneth City	FL	27.82	-82.71
Kensington Park	FL	27.36	-82.49
Kenwood Estates	FL	26.63	-80.12
Key Biscayne	FL	25.69	-80.17
Key Colony Beach	FL	24.72	-81.02
Key Largo	FL	25.12	-80.41
Key Vista	FL	28.19	-82.77
Key West	FL	24.57	-81.78
Keystone	FL	28.13	-82.61
Keystone Heights	FL	29.78	-82.04
Kissimmee	FL	28.30	-81.42
La Crosse	FL	29.85	-82.40
LaBelle	FL	26.72	-81.45
Lacoochee	FL	28.47	-82.17
Lady Lake	FL	28.92	-81.93
Laguna Beach	FL	30.25	-85.95
Lake Alfred	FL	28.11	-81.72
Lake Belvedere Estates	FL	26.69	-80.14
Lake Buena Vista	FL	28.38	-81.52
Lake Butler	FL	28.48	-81.54
Lake City	FL	30.19	-82.64
Lake Clarke Shores	FL	26.65	-80.08
Lake Hamilton	FL	28.05	-81.63
Lake Harbor	FL	26.69	-80.81
Lake Hart	FL	28.38	-81.23
Lake Helen	FL	28.98	-81.23
Lake Kathryn	FL	29.00	-81.49
Lake Kerr	FL	29.35	-81.79
Lake Lindsey	FL	28.63	-82.36
Lake Lorraine	FL	30.44	-86.57
Lake Mack-Forest Hills	FL	29.00	-81.41
Lake Magdalene	FL	28.08	-82.48
Lake Mary	FL	28.76	-81.33
Lake Mary Jane	FL	28.38	-81.17
Lake Mystic	FL	30.39	-84.99
Lake Panasoffkee	FL	28.78	-82.12
Lake Park	FL	26.80	-80.07
Lake Placid	FL	27.30	-81.37
Lake Sarasota	FL	27.29	-82.43
Lake Wales	FL	27.92	-81.60
Lake Worth Beach	FL	26.62	-80.06
Lakeland	FL	28.06	-81.95
Lakeland Highlands	FL	27.96	-81.95
Lakeside	FL	30.14	-81.77
Lakewood Park	FL	27.54	-80.39
Lakewood Ranch	FL	27.42	-82.39
Lamont	FL	30.38	-83.81
Land O' Lakes	FL	28.21	-82.45
Lantana	FL	26.58	-80.06
Largo	FL	27.91	-82.77
Lauderdale Lakes	FL	26.17	-80.20
Lauderdale-by-the-Sea	FL	26.19	-80.10
Lauderhill	FL	26.16	-80.22
Laurel	FL	27.15	-82.46
Laurel Hill	FL	30.96	-86.46
Lawtey	FL	30.05	-82.07
Layton	FL	24.83	-80.81
Lazy Lake	FL	26.16	-80.15
Lealman	FL	27.82	-82.68
Lecanto	FL	28.83	-82.50
Lee	FL	30.41	-83.30
Leesburg	FL	28.72	-81.90
Lehigh Acres	FL	26.61	-81.64
Leisure City	FL	25.49	-80.44
Lely	FL	26.11	-81.73
Lely Resort	FL	26.10	-81.70
Lemon Grove	FL	27.59	-81.65
Liberty Triangle	FL	29.08	-82.22
Lighthouse Point	FL	26.28	-80.09
Limestone	FL	27.37	-81.90
Limestone Creek	FL	26.94	-80.14
Lisbon	FL	28.88	-81.77
Live Oak	FL	30.30	-82.99
Lloyd	FL	30.48	-84.03
Lochmoor Waterway Estates	FL	26.64	-81.91
Lockhart	FL	28.63	-81.43
Longboat Key	FL	27.40	-82.64
Longwood	FL	28.70	-81.35
Loughman	FL	28.24	-81.57
Lower Grand Lagoon	FL	30.14	-85.75
Loxahatchee Groves	FL	26.72	-80.28
Lutz	FL	28.14	-82.45
Lynn Haven	FL	30.23	-85.64
Macclenny	FL	30.28	-82.13
Madeira Beach	FL	27.80	-82.79
Madison	FL	30.47	-83.41
Maitland	FL	28.63	-81.37
Malabar	FL	27.99	-80.58
Malone	FL	30.96	-85.16
Manalapan	FL	26.57	-80.04
Manasota Key	FL	26.92	-82.35
Manatee Road	FL	29.51	-82.92
Mango	FL	27.99	-82.31
Mangonia Park	FL	26.76	-80.08
Marathon	FL	24.73	-81.03
Marco Island	FL	25.93	-81.70
Marco Shores-Hammock Bay	FL	26.00	-81.70
Margate	FL	26.25	-80.21
Marianna	FL	30.76	-85.26
Marineland	FL	29.67	-81.21
Marion Oaks	FL	29.00	-82.20
Mary Esther	FL	30.41	-86.66
Masaryktown	FL	28.44	-82.46
Mascotte	FL	28.60	-81.91
Matlacha	FL	26.64	-82.08
Matlacha Isles-Matlacha Shores	FL	26.63	-82.06
Mayo	FL	30.05	-83.18
McGregor	FL	26.56	-81.91
McIntosh	FL	29.45	-82.22
Meadow Oaks	FL	28.35	-82.60
Meadow Woods	FL	28.37	-81.33
Medley	FL	25.86	-80.36
Medulla	FL	27.96	-81.98
Melbourne	FL	28.11	-80.66
Melbourne Beach	FL	28.07	-80.56
Melbourne Village	FL	28.09	-80.67
Memphis	FL	27.54	-82.56
Merritt Island	FL	28.31	-80.68
Mexico Beach	FL	29.95	-85.42
Miami	FL	25.78	-80.21
Miami Beach	FL	25.81	-80.15
Miami Gardens	FL	25.95	-80.24
Miami Lakes	FL	25.91	-80.32
Miami Shores	FL	25.87	-80.18
Miami Springs	FL	25.82	-80.29
Micanopy	FL	29.51	-82.28
Micco	FL	27.86	-80.51
Miccosukee	FL	30.59	-84.05
Middleburg	FL	30.05	-81.90
Midway	FL	30.41	-87.01
Milton	FL	30.63	-87.05
Mims	FL	28.69	-80.84
Minneola	FL	28.60	-81.73
Miramar	FL	25.97	-80.34
Miramar Beach	FL	30.38	-86.34
Molino	FL	30.70	-87.32
Monticello	FL	30.54	-83.87
Montura	FL	26.64	-81.09
Montverde	FL	28.60	-81.67
Moon Lake	FL	28.30	-82.61
Moore Haven	FL	26.83	-81.10
Morriston	FL	29.28	-82.44
Mount Carmel	FL	30.99	-87.12
Mount Dora	FL	28.81	-81.63
Mount Plymouth	FL	28.80	-81.53
Mulat	FL	30.56	-87.13
Mulberry	FL	27.91	-81.99
Munson	FL	30.83	-86.89
Myrtle Grove	FL	30.41	-87.30
Naples	FL	26.15	-81.80
Naples Manor	FL	26.09	-81.72
Naples Park	FL	26.26	-81.81
Naranja	FL	25.52	-80.42
Nassau Village-Ratliff	FL	30.51	-81.81
Navarre	FL	30.42	-86.89
Navarre Beach	FL	30.38	-86.89
Neptune Beach	FL	30.31	-81.39
New Port Richey	FL	28.25	-82.72
New Port Richey East	FL	28.26	-82.69
New Smyrna Beach	FL	29.03	-80.95
Newberry	FL	29.65	-82.59
Niceville	FL	30.53	-86.48
Nobleton	FL	28.65	-82.26
Nocatee	FL	30.09	-81.41
Nokomis	FL	27.12	-82.44
Noma	FL	30.98	-85.62
North Bay Village	FL	25.85	-80.15
North Brooksville	FL	28.58	-82.33
North DeLand	FL	29.05	-81.30
North Fort Myers	FL	26.72	-81.85
North Key Largo	FL	25.26	-80.32
North Lauderdale	FL	26.21	-80.22
North Merritt Island	FL	28.46	-80.71
North Miami	FL	25.90	-80.17
North Miami Beach	FL	25.93	-80.17
North Palm Beach	FL	26.82	-80.06
North Port	FL	27.06	-82.20
North Redington Beach	FL	27.82	-82.82
North River Shores	FL	27.22	-80.28
North Sarasota	FL	27.36	-82.52
North Weeki Wachee	FL	28.55	-82.55
Northdale	FL	28.10	-82.53
Oak Hill	FL	28.88	-80.83
Oak Ridge	FL	28.47	-81.42
Oakland	FL	28.55	-81.64
Oakland Park	FL	26.18	-80.15
Oakleaf Plantation	FL	30.17	-81.84
Ocala	FL	29.18	-82.15
Ocala Estates	FL	29.20	-82.31
Ocean Breeze	FL	27.24	-80.23
Ocean City	FL	30.44	-86.61
Ocean Ridge	FL	26.53	-80.05
Ocklawaha	FL	29.05	-81.93
Ocoee	FL	28.58	-81.53
Odessa	FL	28.18	-82.55
Ojus	FL	25.95	-80.17
Okahumpka	FL	28.75	-81.90
Okeechobee	FL	27.24	-80.83
Old Miakka	FL	27.32	-82.28
Oldsmar	FL	28.05	-82.67
Olga	FL	26.71	-81.69
Olympia Heights	FL	25.73	-80.34
On Top of the World	FL	29.11	-82.29
Ona	FL	27.48	-81.91
Opa-locka	FL	25.90	-80.26
Orange City	FL	28.94	-81.28
Orange Park	FL	30.17	-81.70
Orangetree	FL	26.29	-81.58
Orchid	FL	27.77	-80.42
Oriole Beach	FL	30.37	-87.10
Orlando	FL	28.41	-81.25
Orlovista	FL	28.54	-81.46
Ormond Beach	FL	29.29	-81.10
Ormond-by-the-Sea	FL	29.34	-81.07
Osprey	FL	27.19	-82.48
Otter Creek	FL	29.32	-82.78
Oviedo	FL	28.66	-81.19
Pace	FL	30.62	-87.16
Page Park	FL	26.58	-81.86
Pahokee	FL	26.82	-80.66
Paisley	FL	28.98	-81.53
Palatka	FL	29.64	-81.68
Palm Bay	FL	27.96	-80.66
Palm Beach	FL	26.69	-80.04
Palm Beach Gardens	FL	26.85	-80.17
Palm Beach Shores	FL	26.78	-80.03
Palm City	FL	27.18	-80.29
Palm Coast	FL	29.54	-81.24
Palm Harbor	FL	28.08	-82.76
Palm River-Clair Mel	FL	27.92	-82.38
Palm Shores	FL	28.19	-80.66
Palm Springs	FL	26.64	-80.10
Palm Springs North	FL	25.93	-80.33
Palm Valley	FL	30.20	-81.39
Palmer Ranch	FL	27.22	-82.46
Palmetto	FL	27.53	-82.57
Palmetto Bay	FL	25.62	-80.32
Palmetto Estates	FL	25.62	-80.36
Palmona Park	FL	26.69	-81.89
Panacea	FL	30.03	-84.39
Panama City	FL	30.17	-85.67
Panama City Beach	FL	30.23	-85.88
Paradise Heights	FL	28.62	-81.54
Parker	FL	30.13	-85.60
Parkland	FL	26.32	-80.25
Pasadena Hills	FL	28.28	-82.24
Patrick AFB	FL	28.23	-80.61
Paxton	FL	30.97	-86.31
Pea Ridge	FL	30.60	-87.10
Pebble Creek	FL	28.16	-82.34
Pelican Bay	FL	26.23	-81.81
Pelican Marsh	FL	26.25	-81.79
Pembroke Park	FL	25.99	-80.18
Pembroke Pines	FL	26.01	-80.34
Penney Farms	FL	29.98	-81.81
Pensacola	FL	30.44	-87.19
Pensacola Station	FL	30.35	-87.32
Perry	FL	30.11	-83.58
Pierson	FL	29.24	-81.46
Pine Air	FL	26.66	-80.11
Pine Castle	FL	28.45	-81.37
Pine Hills	FL	28.58	-81.47
Pine Island	FL	28.57	-82.65
Pine Island Center	FL	26.62	-82.13
Pine Lakes	FL	28.94	-81.43
Pine Level	FL	30.89	-87.17
Pine Manor	FL	26.57	-81.88
Pine Ridge	FL	28.93	-82.48
Pinecraft	FL	27.32	-82.50
Pinecrest	FL	25.67	-80.30
Pineland	FL	26.66	-82.15
Pinellas Park	FL	27.86	-82.71
Pinewood	FL	25.87	-80.22
Pioneer	FL	26.73	-81.22
Pittman	FL	29.00	-81.65
Plant City	FL	28.02	-82.12
Plantation	FL	26.13	-80.26
Plantation Island	FL	25.85	-81.38
Plantation Mobile Home Park	FL	26.70	-80.13
Poinciana	FL	28.12	-81.48
Point Baker	FL	30.69	-87.05
Polk City	FL	28.18	-81.83
Pomona Park	FL	29.50	-81.59
Pompano Beach	FL	26.24	-80.13
Ponce Inlet	FL	29.09	-80.93
Ponce de Leon	FL	30.72	-85.94
Port Charlotte	FL	26.99	-82.11
Port LaBelle	FL	26.76	-81.38
Port Orange	FL	29.11	-81.01
Port Richey	FL	28.28	-82.73
Port Salerno	FL	27.15	-80.19
Port St. Joe	FL	29.82	-85.31
Port St. John	FL	28.48	-80.81
Port St. Lucie	FL	27.28	-80.39
Pretty Bayou	FL	30.20	-85.70
Princeton	FL	25.54	-80.40
Progress Village	FL	27.89	-82.36
Punta Gorda	FL	26.90	-82.07
Punta Rassa	FL	26.50	-82.00
Quail Ridge	FL	28.35	-82.55
Quincy	FL	30.57	-84.59
Raiford	FL	30.06	-82.24
Rainbow Lakes Estates	FL	29.16	-82.51
Rainbow Park	FL	29.17	-82.36
Rainbow Springs	FL	29.10	-82.44
Raleigh	FL	29.45	-82.47
Reddick	FL	29.37	-82.20
Redington Beach	FL	27.81	-82.81
Redington Shores	FL	27.83	-82.83
Richmond Heights	FL	25.63	-80.37
Richmond West	FL	25.61	-80.43
Ridge Manor	FL	28.49	-82.19
Ridge Wood Heights	FL	27.29	-82.51
Ridgecrest	FL	27.89	-82.81
Rio	FL	27.22	-80.24
Rio Pinar	FL	28.52	-81.26
River Park	FL	27.32	-80.33
River Ridge	FL	28.27	-82.63
Riverview	FL	27.82	-82.30
Riviera Beach	FL	26.78	-80.08
Rockledge	FL	28.32	-80.74
Roeville	FL	30.69	-86.99
Roosevelt Gardens	FL	26.14	-80.18
Roseland	FL	27.84	-80.49
Rotonda	FL	26.89	-82.28
Royal Palm Beach	FL	26.70	-80.23
Royal Palm Estates	FL	26.68	-80.13
Ruskin	FL	27.71	-82.42
Safety Harbor	FL	28.01	-82.70
Samoset	FL	27.48	-82.54
Samsula-Spruce Creek	FL	29.05	-81.06
San Antonio	FL	28.34	-82.28
San Carlos Park	FL	26.48	-81.82
San Castle	FL	26.57	-80.06
Sanford	FL	28.79	-81.28
Sanibel	FL	26.45	-82.11
Sarasota	FL	27.34	-82.54
Sarasota Springs	FL	27.31	-82.48
Satellite Beach	FL	28.18	-80.60
Sawgrass	FL	30.19	-81.37
Schall Circle	FL	26.72	-80.11
Scottsmoor	FL	28.77	-80.87
Sea Ranch Lakes	FL	26.20	-80.10
Sebastian	FL	27.79	-80.48
Sebring	FL	27.47	-81.45
Seffner	FL	28.00	-82.27
Seminole	FL	27.84	-82.79
Seminole Manor	FL	26.58	-80.10
Seville	FL	29.34	-81.51
Sewall's Point	FL	27.20	-80.20
Shady Hills	FL	28.40	-82.55
Shalimar	FL	30.44	-86.58
Sharpes	FL	28.44	-80.76
Siesta Key	FL	27.27	-82.55
Silver Lake	FL	28.83	-81.80
Silver Springs	FL	29.22	-82.06
Silver Springs Shores	FL	29.11	-82.01
Silver Springs Shores East	FL	29.05	-81.88
Sky Lake	FL	28.46	-81.39
Sneads	FL	30.71	-84.93
Solana	FL	26.94	-82.03
Sopchoppy	FL	30.06	-84.49
Sorrento	FL	28.81	-81.56
South Apopka	FL	28.66	-81.51
South Bay	FL	26.69	-80.74
South Beach	FL	27.58	-80.33
South Bradenton	FL	27.46	-82.58
South Brooksville	FL	28.51	-82.44
South Daytona	FL	29.17	-81.01
South Gate Ridge	FL	27.28	-82.50
South Highpoint	FL	27.91	-82.71
South Miami	FL	25.71	-80.30
South Miami Heights	FL	25.59	-80.39
South Palm Beach	FL	26.59	-80.04
South Pasadena	FL	27.75	-82.74
South Patrick Shores	FL	28.20	-80.61
South Sarasota	FL	27.29	-82.53
South Venice	FL	27.04	-82.42
Southchase	FL	28.38	-81.39
Southeast Arcadia	FL	27.19	-81.85
Southgate	FL	27.30	-82.51
Southwest Ranches	FL	26.05	-80.37
Spring Hill	FL	28.48	-82.53
Spring Lake	FL	28.50	-82.29
Spring Ridge	FL	29.82	-82.72
Springfield	FL	30.17	-85.61
Springhill	FL	30.75	-86.92
St. Augustine	FL	29.90	-81.31
St. Augustine Beach	FL	29.84	-81.27
St. Augustine Shores	FL	29.81	-81.31
St. Augustine South	FL	29.84	-81.32
St. Cloud	FL	28.24	-81.28
St. George Island	FL	29.65	-84.89
St. James City	FL	26.54	-82.10
St. Leo	FL	28.34	-82.26
St. Lucie Village	FL	27.50	-80.34
St. Marks	FL	30.17	-84.21
St. Pete Beach	FL	27.72	-82.74
St. Petersburg	FL	27.76	-82.64
Stacey Street	FL	26.70	-80.12
Starke	FL	29.95	-82.11
Steinhatchee	FL	29.69	-83.38
Stock Island	FL	24.56	-81.74
Stuart	FL	27.20	-80.24
Sugarmill Woods	FL	28.74	-82.51
Sumatra	FL	30.02	-84.98
Sun City Center	FL	27.71	-82.36
Suncoast Estates	FL	26.71	-81.87
Sunny Isles Beach	FL	25.94	-80.12
Sunrise	FL	26.17	-80.26
Sunset	FL	25.71	-80.35
Surfside	FL	25.88	-80.13
Sweetwater	FL	25.78	-80.39
Taft	FL	28.43	-81.37
Tallahassee	FL	30.45	-84.25
Tamarac	FL	26.20	-80.26
Tamiami	FL	25.76	-80.40
Tampa	FL	27.97	-82.48
Tangelo Park	FL	28.46	-81.45
Tangerine	FL	28.76	-81.64
Tarpon Springs	FL	28.15	-82.78
Tavares	FL	28.77	-81.76
Tavernier	FL	25.03	-80.50
Taylor Creek	FL	27.21	-80.79
Temple Terrace	FL	28.04	-82.38
Tequesta	FL	26.96	-80.11
The Acreage	FL	26.77	-80.28
The Crossings	FL	25.67	-80.40
The Hammocks	FL	25.67	-80.45
The Meadows	FL	27.36	-82.47
The Villages	FL	28.90	-81.99
Thonotosassa	FL	28.05	-82.30
Three Lakes	FL	25.64	-80.40
Three Oaks	FL	26.47	-81.80
Tice	FL	26.68	-81.82
Tierra Verde	FL	27.66	-82.72
Tiger Point	FL	30.38	-87.05
Tildenville	FL	28.54	-81.61
Timber Pines	FL	28.47	-82.60
Titusville	FL	28.57	-80.82
Town 'n' Country	FL	28.01	-82.58
Treasure Island	FL	27.76	-82.77
Trenton	FL	29.61	-82.81
Trilby	FL	28.46	-82.19
Trinity	FL	28.18	-82.65
Tropical Park	FL	28.38	-80.71
Tyndall AFB	FL	30.09	-85.60
Umatilla	FL	28.93	-81.66
Union Park	FL	28.57	-81.24
University	FL	28.59	-81.20
Upper Grand Lagoon	FL	30.18	-85.75
Valparaiso	FL	30.49	-86.51
Valrico	FL	27.92	-82.23
Vamo	FL	27.22	-82.50
Venice	FL	27.12	-82.42
Venice Gardens	FL	27.07	-82.41
Verandah	FL	26.70	-81.74
Vernon	FL	30.61	-85.70
Vero Beach	FL	27.65	-80.39
Vero Beach South	FL	27.61	-80.42
Vero Lake Estates	FL	27.75	-80.53
Verona Walk	FL	26.09	-81.68
Viera East	FL	28.26	-80.71
Viera West	FL	28.25	-80.74
Vilano Beach	FL	29.93	-81.30
Villas	FL	26.55	-81.87
Vineyards	FL	26.23	-81.73
Virginia Gardens	FL	25.81	-80.30
Wabasso	FL	27.75	-80.44
Wabasso Beach	FL	27.75	-80.40
Wacissa	FL	30.35	-84.00
Wahneta	FL	27.96	-81.73
Waldo	FL	29.79	-82.17
Wallace	FL	30.67	-87.20
Warm Mineral Springs	FL	27.05	-82.27
Warrington	FL	30.38	-87.29
Washington Park	FL	26.13	-80.18
Watergate	FL	26.34	-80.21
Watertown	FL	30.19	-82.60
Wauchula	FL	27.55	-81.81
Waukeenah	FL	30.40	-83.98
Wausau	FL	30.63	-85.59
Waverly	FL	27.99	-81.63
Webster	FL	28.60	-82.05
Wedgefield	FL	28.49	-81.08
Weeki Wachee Gardens	FL	28.54	-82.62
Wekiwa Springs	FL	28.70	-81.42
Welaka	FL	29.49	-81.66
Wellington	FL	26.65	-80.27
Wesley Chapel	FL	28.21	-82.32
West Bradenton	FL	27.50	-82.61
West Canaveral Groves	FL	28.39	-80.85
West DeLand	FL	29.02	-81.33
West Lealman	FL	27.82	-82.74
West Little River	FL	25.86	-80.24
West Melbourne	FL	28.05	-80.66
West Miami	FL	25.76	-80.30
West Palm Beach	FL	26.75	-80.13
West Park	FL	25.98	-80.18
West Pensacola	FL	30.43	-87.27
West Perrine	FL	25.61	-80.36
West Samoset	FL	27.47	-82.56
West Vero Corridor	FL	27.63	-80.48
Westchase	FL	28.06	-82.61
Westchester	FL	25.75	-80.35
Westgate	FL	26.70	-80.10
Westlake	FL	26.75	-80.30
Weston	FL	26.10	-80.40
Westview	FL	25.88	-80.24
Westville	FL	30.77	-85.84
Westwood Lakes	FL	25.72	-80.37
Wewahitchka	FL	30.13	-85.19
Whiskey Creek	FL	26.57	-81.89
White City	FL	27.37	-80.34
White Springs	FL	30.33	-82.76
Whitfield	FL	30.87	-87.07
Wildwood	FL	28.81	-82.01
Williamsburg	FL	28.40	-81.45
Williston	FL	29.39	-82.44
Williston Highlands	FL	29.33	-82.54
Willow Oak	FL	27.92	-82.02
Wilton Manors	FL	26.16	-80.14
Wimauma	FL	27.67	-82.31
Windermere	FL	28.50	-81.54
Winding Cypress	FL	26.06	-81.68
Windsor	FL	27.79	-80.41
Winter Beach	FL	27.71	-80.42
Winter Garden	FL	28.54	-81.59
Winter Haven	FL	28.05	-81.73
Winter Park	FL	28.60	-81.35
Winter Springs	FL	28.69	-81.27
Wiscon	FL	28.54	-82.47
Woodlawn Beach	FL	30.39	-87.00
Woodville	FL	30.32	-84.27
World Golf Village	FL	29.97	-81.49
Worthington Springs	FL	29.93	-82.41
Wright	FL	30.44	-86.64
Yalaha	FL	28.74	-81.82
Yankeetown	FL	29.03	-82.76
Yeehaw Junction	FL	27.70	-80.88
Yulee	FL	30.64	-81.57
Zellwood	FL	28.72	-81.57
Zephyrhills	FL	28.24	-82.18
Zephyrhills North	FL	28.25	-82.17
Zephyrhills South	FL	28.22	-82.19
Zephyrhills West	FL	28.23	-82.21
Zolfo Springs	FL	27.49	-81.79
Abbeville	GA	31.99	-83.31
Acworth	GA	34.06	-84.68
Adairsville	GA	34.37	-84.92
Adel	GA	31.12	-83.43
Adrian	GA	32.53	-82.59
Ailey	GA	32.19	-82.58
Alamo	GA	32.15	-82.78
Alapaha	GA	31.38	-83.22
Albany	GA	31.58	-84.18
Aldora	GA	33.05	-84.18
Allenhurst	GA	31.78	-81.61
Allentown	GA	32.59	-83.23
Alma	GA	31.54	-82.48
Alpharetta	GA	34.07	-84.27
Alston	GA	32.09	-82.48
Alto	GA	34.46	-83.57
Ambrose	GA	31.60	-83.01
Americus	GA	32.07	-84.22
Andersonville	GA	32.20	-84.15
Antioch	GA	32.68	-85.05
Appling	GA	33.57	-82.31
Arabi	GA	31.82	-83.72
Aragon	GA	34.05	-85.06
Arcade	GA	34.07	-83.53
Argyle	GA	31.07	-82.65
Arlington	GA	31.44	-84.73
Arnoldsville	GA	33.91	-83.22
Ashburn	GA	31.71	-83.65
Athens-Clarke County	GA	33.95	-83.37
Atlanta	GA	33.76	-84.42
Attapulgus	GA	30.75	-84.48
Auburn	GA	34.02	-83.83
Augusta-Richmond County	GA	33.37	-82.07
Austell	GA	33.82	-84.64
Avalon	GA	34.50	-83.20
Avera	GA	33.19	-82.53
Avondale Estates	GA	33.77	-84.26
Axson	GA	31.28	-82.73
Baconton	GA	31.38	-84.16
Bainbridge	GA	30.91	-84.57
Baldwin	GA	34.50	-83.54
Ball Ground	GA	34.34	-84.37
Barnesville	GA	33.05	-84.15
Bartow	GA	32.88	-82.47
Barwick	GA	30.89	-83.74
Baxley	GA	31.76	-82.35
Bellville	GA	32.16	-81.98
Belvedere Park	GA	33.75	-84.26
Bemiss	GA	30.93	-83.22
Berkeley Lake	GA	33.98	-84.19
Berlin	GA	31.07	-83.62
Berry College	GA	34.29	-85.19
Bethlehem	GA	33.94	-83.71
Between	GA	33.82	-83.80
Bishop	GA	33.82	-83.44
Blackshear	GA	31.29	-82.25
Blairsville	GA	34.88	-83.95
Blakely	GA	31.38	-84.93
Bloomingdale	GA	32.12	-81.31
Blue Ridge	GA	34.87	-84.32
Bluffton	GA	31.52	-84.87
Blythe	GA	33.30	-82.21
Bogart	GA	33.95	-83.53
Bolingbroke	GA	32.94	-83.80
Bonanza	GA	33.46	-84.34
Boston	GA	30.79	-83.79
Bostwick	GA	33.74	-83.51
Bowdon	GA	33.54	-85.25
Bowersville	GA	34.37	-83.08
Bowman	GA	34.21	-83.03
Box Springs	GA	32.54	-84.66
Boykin	GA	31.10	-84.68
Braselton	GA	34.11	-83.81
Braswell	GA	33.98	-84.96
Bremen	GA	33.71	-85.15
Brinson	GA	30.98	-84.74
Bristol	GA	31.45	-82.21
Bronwood	GA	31.83	-84.36
Brookhaven	GA	33.86	-84.34
Brooklet	GA	32.39	-81.67
Brooks	GA	33.29	-84.45
Broxton	GA	31.63	-82.89
Brunswick	GA	31.14	-81.47
Buchanan	GA	33.80	-85.18
Buckhead	GA	31.86	-81.26
Buena Vista	GA	32.32	-84.52
Buford	GA	34.12	-83.99
Butler	GA	32.56	-84.24
Byromville	GA	32.20	-83.91
Byron	GA	32.65	-83.75
Cadwell	GA	32.34	-83.04
Cairo	GA	30.88	-84.21
Calhoun	GA	34.50	-84.93
Calvary	GA	30.72	-84.36
Camak	GA	33.45	-82.65
Camilla	GA	31.23	-84.21
Candler-McAfee	GA	33.73	-84.27
Canon	GA	34.34	-83.11
Canoochee	GA	32.69	-82.17
Canton	GA	34.25	-84.49
Carl	GA	34.00	-83.81
Carlton	GA	34.04	-83.04
Carnesville	GA	34.38	-83.23
Carrollton	GA	33.58	-85.08
Cartersville	GA	34.16	-84.80
Cataula	GA	32.67	-84.87
Cave Spring	GA	34.11	-85.34
Cecil	GA	31.05	-83.39
Cedar Springs	GA	31.19	-85.03
Cedartown	GA	34.02	-85.25
Centerville	GA	32.64	-83.69
Centralhatchee	GA	33.37	-85.10
Chamblee	GA	33.88	-84.30
Chatsworth	GA	34.78	-84.78
Chattahoochee Hills	GA	33.58	-84.75
Chattanooga Valley	GA	34.92	-85.34
Chauncey	GA	32.11	-83.07
Cherry Log	GA	34.79	-84.38
Chester	GA	32.39	-83.16
Chickamauga	GA	34.88	-85.29
Clarkesville	GA	34.61	-83.53
Clarkston	GA	33.81	-84.24
Claxton	GA	32.16	-81.91
Clayton	GA	34.88	-83.40
Clermont	GA	34.48	-83.77
Cleveland	GA	34.60	-83.76
Climax	GA	30.88	-84.43
Clyattville	GA	30.68	-83.31
Cobbtown	GA	32.28	-82.14
Cochran	GA	32.39	-83.35
Cogdell	GA	31.17	-82.72
Cohutta	GA	34.96	-84.97
Colbert	GA	34.04	-83.21
Coleman	GA	31.67	-84.89
College Park	GA	33.64	-84.46
Collins	GA	32.18	-82.11
Colquitt	GA	31.17	-84.73
Columbus	GA	32.51	-84.87
Comer	GA	34.06	-83.13
Commerce	GA	34.21	-83.48
Concord	GA	33.09	-84.44
Conley	GA	33.64	-84.33
Conyers	GA	33.66	-83.98
Coolidge	GA	31.01	-83.87
Cordele	GA	31.96	-83.77
Cornelia	GA	34.52	-83.53
Country Club Estates	GA	31.21	-81.46
Covington	GA	33.61	-83.85
Crawford	GA	33.88	-83.16
Crawfordville	GA	33.55	-82.90
Crescent	GA	31.52	-81.37
Crooked Creek	GA	33.27	-83.28
Culloden	GA	32.86	-84.09
Cumming	GA	34.21	-84.13
Cusseta-Chattahoochee County	GA	32.35	-84.79
Cuthbert	GA	31.77	-84.79
Dacula	GA	33.98	-83.90
Dahlonega	GA	34.53	-83.98
Daisy	GA	32.15	-81.84
Dallas	GA	33.92	-84.84
Dalton	GA	34.77	-84.97
Damascus	GA	31.30	-84.72
Danielsville	GA	34.13	-83.22
Danville	GA	32.61	-83.25
Darien	GA	31.34	-81.42
Dasher	GA	30.74	-83.22
Davisboro	GA	32.98	-82.60
Dawson	GA	31.77	-84.44
Dawsonville	GA	34.43	-84.12
De Soto	GA	31.95	-84.06
Dearing	GA	33.42	-82.39
Decatur	GA	33.77	-84.30
Deenwood	GA	31.25	-82.37
Deepstep	GA	33.02	-82.97
Demorest	GA	34.56	-83.54
Denton	GA	31.72	-82.69
Dewy Rose	GA	34.17	-82.94
Dexter	GA	32.43	-83.06
Dillard	GA	34.97	-83.38
Dixie	GA	30.79	-83.67
Dixie Union	GA	31.35	-82.46
Dock Junction	GA	31.20	-81.52
Doerun	GA	31.32	-83.92
Donalsonville	GA	31.04	-84.88
Dooling	GA	32.23	-83.93
Doraville	GA	33.91	-84.27
Douglas	GA	31.51	-82.85
Douglasville	GA	33.74	-84.70
Druid Hills	GA	33.78	-84.33
Du Pont	GA	30.99	-82.87
Dublin	GA	32.54	-82.93
Dudley	GA	32.53	-83.08
Duluth	GA	34.00	-84.15
Dunwoody	GA	33.94	-84.31
Dutch Island	GA	32.00	-81.03
Eagle Grove	GA	34.29	-83.00
East Dublin	GA	32.55	-82.87
East Ellijay	GA	34.67	-84.49
East Griffin	GA	33.24	-84.23
East Newnan	GA	33.35	-84.78
East Point	GA	33.67	-84.47
Eastman	GA	32.20	-83.17
Eatonton	GA	33.33	-83.39
Echols County	GA	30.71	-82.90
Edge Hill	GA	33.15	-82.62
Edison	GA	31.56	-84.74
Elberton	GA	34.11	-82.87
Ellaville	GA	32.24	-84.31
Ellenton	GA	31.18	-83.59
Ellerslie	GA	32.63	-84.79
Ellijay	GA	34.69	-84.48
Emerson	GA	34.13	-84.75
Empire	GA	32.34	-83.28
Enigma	GA	31.40	-83.32
Ephesus	GA	33.41	-85.26
Epworth	GA	34.95	-84.38
Eton	GA	34.83	-84.77
Euharlee	GA	34.14	-84.93
Eulonia	GA	31.53	-81.44
Evans	GA	33.57	-82.14
Everett	GA	31.40	-81.64
Experiment	GA	33.29	-84.27
Faceville	GA	30.75	-84.64
Fair Oaks	GA	33.92	-84.54
Fairburn	GA	33.55	-84.59
Fairfield Plantation	GA	33.64	-84.93
Fairmount	GA	34.44	-84.70
Fairplay	GA	33.62	-84.86
Fairview	GA	34.93	-85.29
Fargo	GA	30.69	-82.57
Fayetteville	GA	33.45	-84.47
Fitzgerald	GA	31.71	-83.25
Flemington	GA	31.85	-81.56
Flovilla	GA	33.25	-83.90
Flowery Branch	GA	34.17	-83.92
Folkston	GA	30.84	-82.01
Forest Park	GA	33.62	-84.36
Forsyth	GA	33.04	-83.93
Fort Gaines	GA	31.63	-85.06
Fort Oglethorpe	GA	34.93	-85.25
Fort Stewart	GA	31.88	-81.61
Fort Valley	GA	32.55	-83.88
Franklin	GA	33.28	-85.10
Franklin Springs	GA	34.28	-83.15
Funston	GA	31.20	-83.88
Gainesville	GA	34.29	-83.83
Garden City	GA	32.09	-81.18
Gardi	GA	31.54	-81.80
Garfield	GA	32.65	-82.10
Gay	GA	33.10	-84.58
Geneva	GA	32.58	-84.55
Georgetown	GA	31.98	-81.23
Georgetown-Quitman County	GA	31.86	-85.00
Gibson	GA	33.23	-82.60
Gillsville	GA	34.31	-83.64
Girard	GA	33.03	-81.72
Glenn	GA	33.15	-85.21
Glennville	GA	31.94	-81.93
Glenwood	GA	32.18	-82.67
Godfrey	GA	33.45	-83.50
Good Hope	GA	33.79	-83.62
Gordon	GA	32.89	-83.33
Gough	GA	33.08	-82.23
Graham	GA	31.82	-82.50
Grantville	GA	33.24	-84.83
Gray	GA	33.00	-83.54
Grayson	GA	33.89	-83.96
Greensboro	GA	33.56	-83.19
Greenville	GA	33.03	-84.72
Gresham Park	GA	33.71	-84.31
Griffin	GA	33.24	-84.27
Grovetown	GA	33.45	-82.21
Gumbranch	GA	31.84	-81.68
Gumlog	GA	34.50	-83.09
Guyton	GA	32.33	-81.39
Hagan	GA	32.15	-81.93
Hahira	GA	31.00	-83.38
Hamilton	GA	32.76	-84.88
Hampton	GA	33.38	-84.30
Hannahs Mill	GA	32.94	-84.34
Hapeville	GA	33.66	-84.41
Haralson	GA	33.23	-84.57
Hardwick	GA	33.05	-83.25
Harlem	GA	33.44	-82.32
Harrison	GA	32.83	-82.73
Hartwell	GA	34.35	-82.93
Hawkinsville	GA	32.30	-83.48
Hazlehurst	GA	31.86	-82.60
Helen	GA	34.71	-83.73
Henderson	GA	32.01	-81.27
Hephzibah	GA	33.29	-82.10
Heron Bay	GA	33.34	-84.19
Hiawassee	GA	34.95	-83.75
Hickox	GA	31.15	-81.99
Higgston	GA	32.22	-82.46
Hilltop	GA	33.11	-84.44
Hiltonia	GA	32.88	-81.66
Hinesville	GA	31.83	-81.62
Hiram	GA	33.89	-84.75
Hoboken	GA	31.18	-82.13
Hogansville	GA	33.17	-84.90
Holly Springs	GA	34.17	-84.48
Homeland	GA	30.86	-82.02
Homer	GA	34.34	-83.49
Homerville	GA	31.04	-82.74
Hortense	GA	31.33	-81.95
Hoschton	GA	34.09	-83.76
Howard	GA	32.60	-84.38
Hull	GA	34.02	-83.29
Ideal	GA	32.37	-84.19
Ila	GA	34.17	-83.29
Indian Springs	GA	34.96	-85.16
Iron City	GA	31.01	-84.81
Irondale	GA	33.48	-84.37
Irwinton	GA	32.81	-83.17
Isle of Hope	GA	31.99	-81.05
Ivey	GA	32.91	-83.30
Jackson	GA	33.29	-83.97
Jacksonville	GA	31.81	-82.98
Jakin	GA	31.09	-84.98
Jasper	GA	34.47	-84.44
Jefferson	GA	34.14	-83.60
Jeffersonville	GA	32.69	-83.34
Jekyll Island	GA	31.06	-81.42
Jenkinsburg	GA	33.32	-84.04
Jersey	GA	33.72	-83.80
Jesup	GA	31.59	-81.90
Johns Creek	GA	34.03	-84.20
Jonesboro	GA	33.52	-84.35
Juliette	GA	33.11	-83.81
Junction City	GA	32.60	-84.46
Kennesaw	GA	34.03	-84.62
Kennesaw State University	GA	34.04	-84.58
Keysville	GA	33.24	-82.23
Kings Bay Base	GA	30.80	-81.56
Kingsland	GA	30.85	-81.79
Kingston	GA	34.23	-84.94
Kite	GA	32.69	-82.51
Knoxville	GA	32.72	-84.00
LaFayette	GA	34.71	-85.28
LaGrange	GA	33.03	-85.04
Lake City	GA	33.61	-84.34
Lake Park	GA	30.69	-83.19
Lakeland	GA	31.04	-83.07
Lakeview	GA	34.98	-85.25
Lakeview Estates	GA	33.70	-84.04
Lavonia	GA	34.43	-83.11
Lawrenceville	GA	33.95	-83.99
Leary	GA	31.48	-84.51
Leesburg	GA	31.73	-84.17
Lenox	GA	31.26	-83.47
Leslie	GA	31.95	-84.09
Lexington	GA	33.87	-83.11
Lilburn	GA	33.89	-84.14
Lilly	GA	32.15	-83.88
Lincoln Park	GA	32.87	-84.34
Lincolnton	GA	33.79	-82.48
Lindale	GA	34.19	-85.18
Lithia Springs	GA	33.78	-84.65
Lithonia	GA	33.71	-84.11
Locust Grove	GA	33.35	-84.10
Loganville	GA	33.84	-83.90
Lone Oak	GA	33.17	-84.82
Lookout Mountain	GA	34.97	-85.36
Louisville	GA	32.99	-82.40
Lovejoy	GA	33.44	-84.32
Ludowici	GA	31.71	-81.74
Lula	GA	34.40	-83.66
Lumber City	GA	31.93	-82.68
Lumpkin	GA	32.05	-84.80
Luthersville	GA	33.21	-84.74
Lyerly	GA	34.40	-85.40
Lyons	GA	32.20	-82.32
Mableton	GA	33.81	-84.57
Macon-Bibb County	GA	32.81	-83.69
Madison	GA	33.58	-83.48
Manassas	GA	32.16	-82.02
Manchester	GA	32.86	-84.63
Manor	GA	31.10	-82.57
Mansfield	GA	33.52	-83.73
Marietta	GA	33.95	-84.54
Marshallville	GA	32.46	-83.94
Martin	GA	34.49	-83.20
Martinez	GA	33.52	-82.10
Matthews	GA	33.22	-82.30
Maxeys	GA	33.75	-83.17
Maysville	GA	34.26	-83.55
McCaysville	GA	34.98	-84.37
McDonough	GA	33.44	-84.15
McIntyre	GA	32.85	-83.20
McRae-Helena	GA	32.06	-82.90
Meansville	GA	33.05	-84.31
Meigs	GA	31.07	-84.09
Mendes	GA	31.99	-81.97
Menlo	GA	34.48	-85.48
Mershon	GA	31.46	-82.25
Metter	GA	32.39	-82.06
Midville	GA	32.82	-82.24
Midway	GA	31.80	-81.42
Milan	GA	32.02	-83.06
Milledgeville	GA	33.09	-83.24
Millen	GA	32.81	-81.94
Millwood	GA	31.27	-82.66
Milner	GA	33.12	-84.19
Milstead	GA	33.69	-83.99
Milton	GA	34.14	-84.31
Mineral Bluff	GA	34.91	-84.28
Mitchell	GA	33.22	-82.70
Molena	GA	33.01	-84.51
Monroe	GA	33.80	-83.72
Montezuma	GA	32.30	-84.02
Montgomery	GA	31.95	-81.10
Monticello	GA	33.30	-83.69
Montrose	GA	32.56	-83.15
Moody AFB	GA	30.97	-83.19
Moreland	GA	33.29	-84.77
Morgan	GA	31.54	-84.60
Morganton	GA	34.88	-84.24
Morrow	GA	33.58	-84.34
Morven	GA	30.94	-83.50
Moultrie	GA	31.18	-83.79
Mount Airy	GA	34.52	-83.50
Mount Vernon	GA	32.19	-82.60
Mount Zion	GA	33.64	-85.18
Mountain City	GA	34.92	-83.38
Mountain Park	GA	33.85	-84.13
Musella	GA	32.80	-84.03
Nahunta	GA	31.21	-81.98
Nashville	GA	31.21	-83.25
Naylor	GA	30.91	-83.07
Nelson	GA	34.38	-84.37
New England	GA	34.92	-85.48
Newborn	GA	33.52	-83.70
Newington	GA	32.59	-81.51
Newnan	GA	33.38	-84.77
Newton	GA	31.32	-84.34
Nicholls	GA	31.52	-82.64
Nicholson	GA	34.12	-83.43
Norcross	GA	33.94	-84.21
Norman Park	GA	31.27	-83.68
Norristown	GA	32.51	-82.50
North Decatur	GA	33.81	-84.29
North Druid Hills	GA	33.82	-84.33
North High Shoals	GA	33.83	-83.50
Norwood	GA	33.46	-82.71
Nunez	GA	32.49	-82.35
Oak Park	GA	32.36	-82.32
Oakwood	GA	34.22	-83.88
Ochlocknee	GA	30.98	-84.05
Ocilla	GA	31.60	-83.25
Oconee	GA	32.85	-82.96
Odum	GA	31.67	-82.02
Offerman	GA	31.41	-82.11
Oglethorpe	GA	32.29	-84.06
Ohoopee	GA	32.18	-82.22
Oliver	GA	32.52	-81.54
Omega	GA	31.34	-83.59
Orchard Hill	GA	33.19	-84.21
Oxford	GA	33.63	-83.87
Palmetto	GA	33.54	-84.67
Panthersville	GA	33.71	-84.27
Parrott	GA	31.89	-84.51
Patterson	GA	31.38	-82.14
Pavo	GA	30.96	-83.74
Peachtree City	GA	33.39	-84.57
Peachtree Corners	GA	33.97	-84.23
Pearson	GA	31.30	-82.85
Pelham	GA	31.13	-84.15
Pembroke	GA	32.14	-81.62
Pendergrass	GA	34.17	-83.68
Perkins	GA	32.92	-81.94
Perry	GA	32.47	-83.73
Phillipsburg	GA	31.44	-83.52
Pine Lake	GA	33.79	-84.21
Pine Mountain	GA	32.85	-84.85
Pinehurst	GA	32.20	-83.76
Pineview	GA	32.10	-83.51
Piney Grove	GA	32.62	-85.04
Pitts	GA	31.95	-83.54
Plains	GA	32.03	-84.39
Plainville	GA	34.41	-85.03
Pooler	GA	32.11	-81.26
Port Wentworth	GA	32.19	-81.21
Portal	GA	32.54	-81.93
Porterdale	GA	33.57	-83.89
Poulan	GA	31.51	-83.79
Powder Springs	GA	33.86	-84.68
Pulaski	GA	32.39	-81.95
Putney	GA	31.47	-84.11
Quitman	GA	30.78	-83.56
Ranger	GA	34.50	-84.71
Raoul	GA	34.46	-83.60
Ray City	GA	31.07	-83.19
Rayle	GA	33.79	-82.91
Rebecca	GA	31.81	-83.49
Redan	GA	33.74	-84.17
Reed Creek	GA	34.44	-82.91
Register	GA	32.36	-81.88
Reidsville	GA	32.09	-82.12
Remerton	GA	30.84	-83.31
Rentz	GA	32.38	-82.99
Resaca	GA	34.58	-84.94
Rest Haven	GA	34.14	-83.97
Reynolds	GA	32.56	-84.09
Rhine	GA	31.99	-83.20
Riceboro	GA	31.72	-81.44
Richland	GA	32.09	-84.66
Richmond Hill	GA	31.90	-81.31
Riddleville	GA	32.90	-82.66
Rincon	GA	32.29	-81.24
Ringgold	GA	34.91	-85.12
Riverdale	GA	33.56	-84.41
Roberta	GA	32.72	-84.01
Robins AFB	GA	32.61	-83.58
Rochelle	GA	31.95	-83.46
Rock Spring	GA	34.81	-85.24
Rockingham	GA	31.54	-82.42
Rockmart	GA	34.01	-85.04
Rocky Ford	GA	32.66	-81.84
Rome	GA	34.27	-85.19
Roopville	GA	33.46	-85.13
Rossville	GA	34.98	-85.29
Roswell	GA	34.04	-84.35
Royston	GA	34.29	-83.11
Russell	GA	33.98	-83.69
Rutledge	GA	33.63	-83.61
Sale City	GA	31.26	-84.02
Salem	GA	32.76	-84.19
Sandersville	GA	32.98	-82.81
Sandy Springs	GA	33.93	-84.37
Santa Claus	GA	32.17	-82.33
Sardis	GA	32.98	-81.76
Sasser	GA	31.72	-84.35
Satilla	GA	31.79	-82.56
Sautee-Nacoochee	GA	34.69	-83.68
Savannah	GA	32.02	-81.20
Scotland	GA	32.05	-82.82
Scottdale	GA	33.80	-84.27
Screven	GA	31.48	-82.02
Senoia	GA	33.31	-84.55
Seville	GA	31.96	-83.60
Shady Dale	GA	33.40	-83.59
Shannon	GA	34.34	-85.08
Sharon	GA	33.56	-82.80
Sharpsburg	GA	33.34	-84.65
Shellman	GA	31.76	-84.62
Shiloh	GA	32.81	-84.70
Siloam	GA	33.54	-83.08
Skidaway Island	GA	31.94	-81.05
Sky Valley	GA	34.98	-83.33
Smarr	GA	32.99	-83.88
Smithville	GA	31.90	-84.26
Smyrna	GA	33.86	-84.52
Snellville	GA	33.86	-84.01
Social Circle	GA	33.65	-83.71
Soperton	GA	32.38	-82.59
South Fulton	GA	33.64	-84.58
Sparks	GA	31.17	-83.44
Sparta	GA	33.28	-82.97
Springfield	GA	32.36	-81.30
St. Marys	GA	30.75	-81.57
St. Simons	GA	31.18	-81.39
Stapleton	GA	33.22	-82.47
Statesboro	GA	32.44	-81.78
Statham	GA	33.96	-83.60
Sterling	GA	31.26	-81.55
Stillmore	GA	32.44	-82.21
Stockbridge	GA	33.53	-84.23
Stockton	GA	30.95	-83.00
Stone Mountain	GA	33.80	-84.17
Stonecrest	GA	33.68	-84.15
Sugar Hill	GA	34.09	-84.03
Summertown	GA	32.75	-82.28
Summerville	GA	34.48	-85.35
Sumner	GA	31.51	-83.74
Sunny Side	GA	33.34	-84.29
Sunnyside	GA	31.24	-82.34
Sunset Village	GA	32.89	-84.41
Surrency	GA	31.72	-82.20
Suwanee	GA	34.05	-84.07
Swainsboro	GA	32.59	-82.33
Sycamore	GA	31.67	-83.64
Sylvania	GA	32.75	-81.64
Sylvester	GA	31.53	-83.83
Talahi Island	GA	32.03	-80.98
Talbotton	GA	32.68	-84.54
Talking Rock	GA	34.53	-84.49
Tallapoosa	GA	33.74	-85.29
Tallulah Falls	GA	34.73	-83.39
Talmo	GA	34.18	-83.72
Tarrytown	GA	32.32	-82.56
Tate City	GA	34.98	-83.55
Taylorsville	GA	34.09	-84.99
Tazewell	GA	32.37	-84.44
Temple	GA	33.73	-85.03
Tennille	GA	32.94	-82.81
The Rock	GA	32.96	-84.24
Thomaston	GA	32.89	-84.33
Thomasville	GA	30.84	-83.98
Thomson	GA	33.47	-82.50
Thunderbolt	GA	32.04	-81.05
Tifton	GA	31.46	-83.52
Tiger	GA	34.85	-83.43
Tignall	GA	33.87	-82.74
Toccoa	GA	34.58	-83.33
Toomsboro	GA	32.82	-83.08
Trenton	GA	34.87	-85.51
Trion	GA	34.55	-85.31
Tucker	GA	33.85	-84.20
Tunnel Hill	GA	34.86	-85.04
Turin	GA	33.32	-84.64
Twin City	GA	32.58	-82.16
Ty Ty	GA	31.47	-83.65
Tybee Island	GA	32.01	-80.86
Tyrone	GA	33.48	-84.59
Unadilla	GA	32.26	-83.74
Union City	GA	33.59	-84.56
Union Point	GA	33.62	-83.08
Unionville	GA	31.44	-83.51
Uvalda	GA	32.04	-82.51
Valdosta	GA	30.85	-83.28
Varnell	GA	34.90	-84.97
Vernonburg	GA	31.97	-81.12
Vidalia	GA	32.21	-82.40
Vidette	GA	33.04	-82.24
Vienna	GA	32.09	-83.79
Villa Rica	GA	33.73	-84.92
Vinings	GA	33.86	-84.47
Waco	GA	33.70	-85.19
Wadley	GA	32.86	-82.40
Waleska	GA	34.32	-84.55
Walnut Grove	GA	33.75	-83.85
Walthourville	GA	31.77	-81.62
Waresboro	GA	31.25	-82.47
Warm Springs	GA	32.89	-84.68
Warner Robins	GA	32.60	-83.65
Warrenton	GA	33.41	-82.67
Warthen	GA	33.09	-82.80
Warwick	GA	31.83	-83.92
Washington	GA	33.73	-82.74
Watkinsville	GA	33.86	-83.40
Waverly	GA	31.11	-81.73
Waverly Hall	GA	32.68	-84.73
Waycross	GA	31.21	-82.36
Waynesboro	GA	33.09	-82.01
Waynesville	GA	31.23	-81.78
Webster County	GA	32.05	-84.55
Wenona	GA	31.91	-83.75
West Brow	GA	34.91	-85.42
West Point	GA	32.90	-85.14
Whigham	GA	30.88	-84.33
White	GA	34.28	-84.75
White Plains	GA	33.48	-83.04
Whitemarsh Island	GA	32.03	-81.01
Whitesburg	GA	33.49	-84.91
Wildwood	GA	34.97	-85.42
Willacoochee	GA	31.34	-83.04
Williamson	GA	33.18	-84.36
Wilmington Island	GA	32.00	-80.98
Winder	GA	33.99	-83.72
Winterville	GA	33.97	-83.28
Woodbine	GA	30.96	-81.72
Woodbury	GA	32.99	-84.58
Woodland	GA	32.79	-84.56
Woodstock	GA	34.10	-84.51
Woodville	GA	33.67	-83.12
Woolsey	GA	33.36	-84.41
Wrens	GA	33.21	-82.39
Wrightsville	GA	32.73	-82.72
Yatesville	GA	32.91	-84.14
Yonah	GA	34.64	-83.74
Young Harris	GA	34.93	-83.85
Zebulon	GA	33.09	-84.34
Ahuimanu	HI	21.44	-157.84
Aiea	HI	21.39	-157.92
Ainaloa	HI	19.52	-154.99
Anahola	HI	22.15	-159.31
Black Sands	HI	19.41	-154.96
Captain Cook	HI	19.50	-155.89
Discovery Harbour	HI	19.04	-155.63
East Honolulu	HI	21.29	-157.72
East Kapolei	HI	21.36	-158.04
Eden Roc	HI	19.49	-155.10
Eleele	HI	21.91	-159.58
Ewa Beach	HI	21.31	-158.01
Ewa Gentry	HI	21.33	-158.03
Ewa Villages	HI	21.34	-158.04
Fern Acres	HI	19.51	-155.08
Fern Forest	HI	19.46	-155.13
Haena	HI	22.22	-159.56
Haiku-Pauwela	HI	20.92	-156.30
Halaula	HI	20.22	-155.78
Halawa	HI	21.38	-157.92
Haleiwa	HI	21.60	-158.10
Haliimaile	HI	20.86	-156.33
Hana	HI	20.77	-156.01
Hanalei	HI	22.20	-159.50
Hanamaulu	HI	22.00	-159.35
Hanapepe	HI	21.91	-159.59
Hauula	HI	21.61	-157.91
Hawaiian Acres	HI	19.53	-155.05
Hawaiian Beaches	HI	19.54	-154.93
Hawaiian Ocean View	HI	19.10	-155.77
Hawaiian Paradise Park	HI	19.59	-154.97
Hawi	HI	20.23	-155.84
Heeia	HI	21.42	-157.82
Helemano	HI	21.54	-158.02
Hickam Housing	HI	21.33	-157.95
Hilo	HI	19.69	-155.08
Holualoa	HI	19.67	-155.92
Honalo	HI	19.58	-155.90
Honaunau-Napoopoo	HI	19.47	-155.84
Honokaa	HI	20.08	-155.46
Honomu	HI	19.87	-155.11
Iroquois Point	HI	21.32	-157.98
Kaaawa	HI	21.54	-157.85
Kaanapali	HI	20.93	-156.69
Kahaluu	HI	21.46	-157.84
Kahaluu-Keauhou	HI	19.57	-155.96
Kahuku	HI	21.68	-157.94
Kahului	HI	20.87	-156.47
Kailua	HI	19.65	-156.00
Kaiminani	HI	19.76	-156.00
Kalaeloa	HI	21.31	-158.07
Kalaheo	HI	21.92	-159.52
Kalapana	HI	19.36	-154.98
Kalihiwai	HI	22.22	-159.45
Kaloko	HI	19.73	-155.95
Kamaili	HI	19.44	-154.92
Kaneohe	HI	21.41	-157.79
Kaneohe Base	HI	21.45	-157.75
Kapaa	HI	22.09	-159.35
Kapaau	HI	20.23	-155.80
Kapalua	HI	20.99	-156.64
Kapolei	HI	21.34	-158.07
Kaumakani	HI	21.92	-159.63
Kaunakakai	HI	21.09	-157.00
Kawela Bay	HI	21.70	-158.00
Keaau	HI	19.62	-155.05
Kealakekua	HI	19.53	-155.91
Kekaha	HI	21.97	-159.71
Keokea	HI	20.72	-156.36
Kihei	HI	20.77	-156.44
Kilauea	HI	22.21	-159.40
Ko Olina	HI	21.34	-158.12
Koloa	HI	21.90	-159.46
Kualapuu	HI	21.16	-157.06
Kukuihaele	HI	20.12	-155.56
Kula	HI	20.77	-156.33
Kurtistown	HI	19.59	-155.07
Lahaina	HI	20.89	-156.67
Laie	HI	21.65	-157.92
Lanai City	HI	20.83	-156.91
Launiupoko	HI	20.85	-156.64
Laupahoehoe	HI	19.97	-155.24
Lawai	HI	21.92	-159.50
Leilani Estates	HI	19.47	-154.92
Lihue	HI	21.97	-159.36
Maalaea	HI	20.80	-156.49
Mahinahina	HI	20.95	-156.66
Maili	HI	21.41	-158.17
Makaha	HI	21.47	-158.22
Makaha Valley	HI	21.48	-158.18
Makakilo	HI	21.36	-158.08
Makawao	HI	20.85	-156.32
Makena	HI	20.62	-156.43
Manele	HI	20.74	-156.90
Mauna Loa Estates	HI	19.43	-155.22
Maunaloa	HI	21.13	-157.21
Maunawili	HI	21.37	-157.77
Mililani Mauka	HI	21.48	-157.99
Mililani Town	HI	21.45	-158.01
Mokuleia	HI	21.58	-158.17
Mountain View	HI	19.53	-155.18
Naalehu	HI	19.07	-155.58
Nanakuli	HI	21.39	-158.15
Nanawale Estates	HI	19.50	-154.91
Napili-Honokowai	HI	20.97	-156.67
Ocean Pointe	HI	21.31	-158.03
Olinda	HI	20.83	-156.29
Olowalu	HI	20.83	-156.62
Omao	HI	21.94	-159.49
Orchidlands Estates	HI	19.56	-155.01
Paauilo	HI	20.03	-155.37
Pahala	HI	19.20	-155.48
Pahoa	HI	19.50	-154.95
Paia	HI	20.91	-156.37
Pakala Village	HI	21.95	-159.64
Papaikou	HI	19.79	-155.09
Paukaa	HI	19.76	-155.09
Pearl City	HI	21.40	-157.96
Pepeekeo	HI	19.83	-155.11
Poipu	HI	21.89	-159.46
Princeville	HI	22.22	-159.48
Puako	HI	19.96	-155.85
Puhi	HI	21.96	-159.39
Pukalani	HI	20.83	-156.34
Punaluu	HI	21.58	-157.89
Pupukea	HI	21.65	-158.06
Royal Hawaiian Estates	HI	19.44	-155.18
Royal Kunia	HI	21.41	-158.03
Schofield Barracks	HI	21.49	-158.06
Seaview	HI	19.41	-154.92
Tiki Gardens	HI	19.53	-155.00
Ualapue	HI	21.07	-156.83
Urban Honolulu	HI	21.32	-157.85
Volcano	HI	19.49	-155.28
Volcano Golf Course	HI	19.44	-155.28
Wahiawa	HI	21.50	-158.02
Waiahole-Waikane	HI	21.49	-157.87
Waialua	HI	21.57	-158.12
Waianae	HI	21.45	-158.18
Waihee-Waiehu	HI	20.92	-156.51
Waikapu	HI	20.84	-156.53
Waikele	HI	21.40	-158.01
Waikoloa Beach Resort	HI	19.93	-155.88
Waikoloa Village	HI	19.94	-155.81
Wailea	HI	20.68	-156.44
Wailua	HI	22.05	-159.34
Wailua Homesteads	HI	22.07	-159.38
Wailuku	HI	20.89	-156.50
Waimalu	HI	21.39	-157.93
Waimanalo	HI	21.34	-157.73
Waimanalo Beach	HI	21.33	-157.69
Waimea	HI	20.01	-155.63
Wainaku	HI	19.74	-155.10
Wainiha	HI	22.19	-159.55
Waiohinu	HI	19.07	-155.61
Waipahu	HI	21.38	-158.01
Waipio	HI	21.41	-158.00
Waipio Acres	HI	21.47	-158.02
West Loch Estate	HI	21.36	-158.02
Wheeler AFB	HI	21.48	-158.04
Whitmore Village	HI	21.51	-158.03
Ackley	IA	42.55	-93.05
Ackworth	IA	41.36	-93.47
Adair	IA	41.50	-94.64
Adel	IA	41.61	-94.01
Afton	IA	41.03	-94.20
Agency	IA	41.00	-92.31
Ainsworth	IA	41.29	-91.55
Akron	IA	42.83	-96.56
Albert City	IA	42.78	-94.95
Albia	IA	41.03	-92.80
Albion	IA	42.11	-92.99
Alburnett	IA	42.15	-91.62
Alden	IA	42.51	-93.38
Alexander	IA	42.80	-93.48
Algona	IA	43.08	-94.23
Alleman	IA	41.82	-93.61
Allerton	IA	40.71	-93.37
Allison	IA	42.75	-92.80
Alta	IA	42.67	-95.30
Alta Vista	IA	43.20	-92.42
Alton	IA	42.99	-96.01
Altoona	IA	41.65	-93.48
Alvord	IA	43.34	-96.30
Amana	IA	41.80	-91.88
Ames	IA	42.03	-93.62
Anamosa	IA	42.11	-91.28
Anderson	IA	40.80	-95.61
Andover	IA	41.98	-90.25
Andrew	IA	42.15	-90.59
Anita	IA	41.44	-94.77
Ankeny	IA	41.73	-93.60
Anthon	IA	42.39	-95.87
Aplington	IA	42.58	-92.88
Arcadia	IA	42.09	-95.04
Archer	IA	43.12	-95.74
Aredale	IA	42.83	-93.01
Argo	IA	41.63	-90.43
Argyle	IA	40.54	-91.57
Arion	IA	41.95	-95.46
Arispe	IA	40.95	-94.22
Arlington	IA	42.75	-91.67
Armstrong	IA	43.39	-94.48
Arnolds Park	IA	43.36	-95.13
Arthur	IA	42.34	-95.35
Asbury	IA	42.51	-90.78
Ashton	IA	43.31	-95.79
Aspinwall	IA	41.91	-95.13
Atalissa	IA	41.57	-91.17
Athelstan	IA	40.57	-94.54
Atkins	IA	41.99	-91.86
Atlantic	IA	41.39	-95.02
Auburn	IA	42.25	-94.88
Audubon	IA	41.72	-94.93
Augusta	IA	40.76	-91.28
Aurelia	IA	42.71	-95.44
Aurora	IA	42.62	-91.73
Avoca	IA	41.48	-95.34
Ayrshire	IA	43.04	-94.83
Badger	IA	42.61	-94.14
Bagley	IA	41.85	-94.43
Baldwin	IA	42.07	-90.84
Balltown	IA	42.64	-90.87
Bancroft	IA	43.29	-94.22
Bankston	IA	42.51	-90.96
Barnes City	IA	41.51	-92.47
Barnum	IA	42.51	-94.37
Bartlett	IA	40.89	-95.79
Bassett	IA	43.06	-92.52
Batavia	IA	40.99	-92.17
Battle Creek	IA	42.32	-95.60
Baxter	IA	41.83	-93.15
Bayard	IA	41.85	-94.56
Beacon	IA	41.28	-92.68
Beaconsfield	IA	40.81	-94.05
Beaman	IA	42.22	-92.82
Beaver	IA	42.04	-94.14
Beaverdale	IA	40.85	-91.20
Bedford	IA	40.67	-94.72
Belle Plaine	IA	41.90	-92.28
Bellevue	IA	42.26	-90.43
Belmond	IA	42.85	-93.61
Bennett	IA	41.74	-90.97
Bentley	IA	41.38	-95.62
Benton	IA	40.70	-94.36
Berkley	IA	41.95	-94.11
Bernard	IA	42.31	-90.83
Bertram	IA	41.95	-91.54
Bettendorf	IA	41.57	-90.48
Bevington	IA	41.36	-93.78
Big Rock	IA	41.77	-90.83
Birmingham	IA	40.88	-91.95
Blairsburg	IA	42.48	-93.64
Blairstown	IA	41.91	-92.08
Blakesburg	IA	40.96	-92.63
Blanchard	IA	40.58	-95.22
Blencoe	IA	41.93	-96.08
Blockton	IA	40.62	-94.48
Bloomfield	IA	40.75	-92.42
Blue Grass	IA	41.51	-90.77
Bode	IA	42.87	-94.29
Bolan	IA	43.37	-93.12
Bonaparte	IA	40.70	-91.80
Bondurant	IA	41.70	-93.46
Boone	IA	42.05	-93.87
Bouton	IA	41.85	-94.01
Boxholm	IA	42.17	-94.11
Boyden	IA	43.19	-96.00
Braddyville	IA	40.58	-95.03
Bradford	IA	42.64	-93.25
Bradgate	IA	42.80	-94.42
Brandon	IA	42.32	-92.00
Brayton	IA	41.54	-94.93
Breda	IA	42.18	-94.98
Bridgewater	IA	41.25	-94.67
Brighton	IA	41.17	-91.82
Bristow	IA	42.77	-92.91
Britt	IA	43.10	-93.80
Bronson	IA	42.41	-96.21
Brooklyn	IA	41.73	-92.44
Brunsville	IA	42.81	-96.27
Buck Grove	IA	41.92	-95.40
Buckeye	IA	42.42	-93.38
Buffalo	IA	41.46	-90.77
Buffalo Center	IA	43.39	-93.94
Burchinal	IA	43.06	-93.28
Burlington	IA	40.81	-91.12
Burr Oak	IA	43.46	-91.86
Burt	IA	43.20	-94.22
Bussey	IA	41.21	-92.88
Calamus	IA	41.83	-90.76
California Junction	IA	41.56	-95.99
Callender	IA	42.36	-94.30
Calmar	IA	43.18	-91.87
Calumet	IA	42.95	-95.55
Camanche	IA	41.79	-90.28
Cambridge	IA	41.90	-93.54
Cantril	IA	40.64	-92.07
Carbon	IA	41.05	-94.82
Carlisle	IA	41.51	-93.50
Carpenter	IA	43.42	-93.02
Carroll	IA	42.07	-94.86
Carson	IA	41.24	-95.42
Carter Lake	IA	41.29	-95.92
Cascade	IA	42.30	-91.00
Casey	IA	41.51	-94.52
Castalia	IA	43.11	-91.68
Castana	IA	42.07	-95.91
Cedar Falls	IA	42.52	-92.45
Cedar Rapids	IA	41.97	-91.68
Center Junction	IA	42.11	-91.09
Center Point	IA	42.18	-91.78
Centerville	IA	40.73	-92.87
Central City	IA	42.20	-91.52
Centralia	IA	42.47	-90.84
Chapin	IA	42.84	-93.22
Chariton	IA	41.02	-93.31
Charles City	IA	43.06	-92.67
Charlotte	IA	41.96	-90.47
Charter Oak	IA	42.07	-95.59
Chatsworth	IA	42.92	-96.51
Chelsea	IA	41.92	-92.39
Cherokee	IA	42.75	-95.55
Chester	IA	43.49	-92.36
Chillicothe	IA	41.09	-92.53
Churdan	IA	42.15	-94.48
Cincinnati	IA	40.63	-92.92
Clare	IA	42.59	-94.34
Clarence	IA	41.89	-91.06
Clarinda	IA	40.74	-95.03
Clarion	IA	42.73	-93.73
Clarksville	IA	42.78	-92.67
Clayton	IA	42.90	-91.15
Clear Lake	IA	43.14	-93.37
Clearfield	IA	40.80	-94.48
Cleghorn	IA	42.81	-95.71
Clemons	IA	42.11	-93.16
Clermont	IA	43.00	-91.65
Climbing Hill	IA	42.34	-96.08
Clinton	IA	41.84	-90.24
Clio	IA	40.64	-93.45
Clive	IA	41.61	-93.80
Clutier	IA	42.08	-92.40
Coalville	IA	42.44	-94.12
Coburg	IA	40.92	-95.27
Coggon	IA	42.28	-91.53
Coin	IA	40.66	-95.23
Colesburg	IA	42.64	-91.20
Colfax	IA	41.68	-93.24
College Springs	IA	40.62	-95.12
Collins	IA	41.90	-93.31
Colo	IA	42.01	-93.32
Columbus City	IA	41.26	-91.37
Columbus Junction	IA	41.28	-91.36
Colwell	IA	43.16	-92.59
Conesville	IA	41.38	-91.35
Conrad	IA	42.22	-92.87
Conroy	IA	41.73	-92.00
Conway	IA	40.75	-94.62
Coon Rapids	IA	41.87	-94.68
Coppock	IA	41.16	-91.71
Coralville	IA	41.70	-91.60
Corley	IA	41.58	-95.33
Corning	IA	40.99	-94.74
Correctionville	IA	42.48	-95.78
Corwith	IA	42.99	-93.96
Corydon	IA	40.76	-93.32
Cotter	IA	41.29	-91.46
Coulter	IA	42.73	-93.37
Council Bluffs	IA	41.24	-95.85
Craig	IA	42.90	-96.31
Crawfordsville	IA	41.21	-91.54
Crescent	IA	41.37	-95.86
Cresco	IA	43.37	-92.12
Creston	IA	41.06	-94.36
Cromwell	IA	41.04	-94.46
Crystal Lake	IA	43.22	-93.79
Cumberland	IA	41.27	-94.87
Cumming	IA	41.48	-93.76
Curlew	IA	42.98	-94.74
Cushing	IA	42.47	-95.68
Cylinder	IA	43.09	-94.55
Dakota City	IA	42.72	-94.20
Dallas Center	IA	41.69	-93.98
Dana	IA	42.11	-94.24
Danbury	IA	42.24	-95.72
Danville	IA	40.86	-91.31
Davenport	IA	41.56	-90.60
Davis City	IA	40.64	-93.81
Dawson	IA	41.84	-94.22
Dayton	IA	42.26	-94.07
De Soto	IA	41.54	-94.01
DeWitt	IA	41.82	-90.54
Decatur	IA	40.74	-93.83
Decorah	IA	43.30	-91.78
Dedham	IA	41.91	-94.82
Deep River	IA	41.58	-92.37
Defiance	IA	41.83	-95.34
Delaware	IA	42.47	-91.34
Delhi	IA	42.43	-91.33
Delmar	IA	42.00	-90.61
Deloit	IA	42.10	-95.32
Delphos	IA	40.66	-94.34
Delta	IA	41.32	-92.33
Denison	IA	42.02	-95.35
Denmark	IA	40.73	-91.34
Denver	IA	42.67	-92.33
Derby	IA	40.93	-93.46
Des Moines	IA	41.57	-93.61
Dexter	IA	41.52	-94.23
Diagonal	IA	40.81	-94.34
Diamondhead Lake	IA	41.55	-94.26
Dickens	IA	43.13	-95.02
Dike	IA	42.46	-92.63
Dixon	IA	41.74	-90.78
Dolliver	IA	43.46	-94.61
Donahue	IA	41.69	-90.67
Donnellson	IA	40.65	-91.56
Doon	IA	43.28	-96.23
Douds	IA	40.84	-92.07
Dougherty	IA	42.92	-93.04
Dow City	IA	41.93	-95.49
Downey	IA	41.61	-91.35
Dows	IA	42.66	-93.50
Drakesville	IA	40.80	-92.48
Dubuque	IA	42.50	-90.71
Dumont	IA	42.75	-92.97
Duncan	IA	43.11	-93.70
Duncombe	IA	42.47	-94.00
Dundee	IA	42.58	-91.55
Dunkerton	IA	42.57	-92.16
Dunlap	IA	41.85	-95.60
Durango	IA	42.56	-90.78
Durant	IA	41.60	-90.91
Dyersville	IA	42.48	-91.12
Dysart	IA	42.17	-92.31
Eagle Grove	IA	42.67	-93.90
Earlham	IA	41.49	-94.12
Earling	IA	41.78	-95.42
Earlville	IA	42.48	-91.27
Early	IA	42.46	-95.15
East Amana	IA	41.81	-91.85
East Peru	IA	41.23	-93.93
Eddyville	IA	41.16	-92.63
Edgewood	IA	42.64	-91.40
Elberon	IA	42.01	-92.32
Eldon	IA	40.92	-92.22
Eldora	IA	42.36	-93.10
Eldridge	IA	41.64	-90.58
Elgin	IA	42.96	-91.64
Elk Horn	IA	41.59	-95.06
Elk Run Heights	IA	42.47	-92.26
Elkader	IA	42.86	-91.40
Elkhart	IA	41.79	-93.52
Elkport	IA	42.74	-91.27
Elliott	IA	41.15	-95.16
Ellston	IA	40.84	-94.11
Ellsworth	IA	42.31	-93.58
Elma	IA	43.25	-92.44
Ely	IA	41.88	-91.59
Emerson	IA	41.02	-95.40
Emmetsburg	IA	43.11	-94.68
Epworth	IA	42.45	-90.93
Essex	IA	40.83	-95.31
Estherville	IA	43.40	-94.83
Evansdale	IA	42.47	-92.27
Everly	IA	43.17	-95.32
Exira	IA	41.59	-94.88
Exline	IA	40.65	-92.84
Fairbank	IA	42.64	-92.05
Fairfax	IA	41.93	-91.78
Fairfield	IA	41.01	-91.97
Fairport	IA	41.44	-90.92
Farley	IA	42.44	-91.01
Farmersburg	IA	42.96	-91.37
Farmington	IA	40.64	-91.74
Farnhamville	IA	42.28	-94.41
Farragut	IA	40.72	-95.48
Fayette	IA	42.84	-91.80
Fenton	IA	43.22	-94.43
Ferguson	IA	41.94	-92.86
Fertile	IA	43.26	-93.42
Floris	IA	40.86	-92.33
Floyd	IA	43.13	-92.74
Fonda	IA	42.58	-94.85
Fontanelle	IA	41.29	-94.56
Forest City	IA	43.26	-93.64
Fort Atkinson	IA	43.14	-91.93
Fort Dodge	IA	42.51	-94.18
Fort Madison	IA	40.62	-91.35
Fostoria	IA	43.24	-95.15
Franklin	IA	40.67	-91.51
Fraser	IA	42.13	-93.97
Fredericksburg	IA	42.96	-92.20
Frederika	IA	42.88	-92.31
Fredonia	IA	41.28	-91.34
Fremont	IA	41.21	-92.43
Fruitland	IA	41.35	-91.13
Frytown	IA	41.57	-91.73
Galt	IA	42.69	-93.60
Galva	IA	42.51	-95.42
Garber	IA	42.74	-91.26
Garden City	IA	42.25	-93.40
Garden Grove	IA	40.83	-93.61
Garnavillo	IA	42.87	-91.24
Garner	IA	43.10	-93.60
Garrison	IA	42.15	-92.14
Garwin	IA	42.09	-92.68
Geneva	IA	42.67	-93.13
George	IA	43.34	-96.00
Gibson	IA	41.48	-92.39
Gilbert	IA	42.11	-93.65
Gilbertville	IA	42.42	-92.21
Gillett Grove	IA	43.02	-95.04
Gilman	IA	41.88	-92.79
Gilmore City	IA	42.73	-94.44
Gladbrook	IA	42.19	-92.72
Glenwood	IA	41.04	-95.74
Glidden	IA	42.06	-94.73
Goldfield	IA	42.74	-93.92
Goodell	IA	42.92	-93.61
Goose Lake	IA	41.97	-90.38
Gowrie	IA	42.28	-94.29
Graettinger	IA	43.24	-94.75
Graf	IA	42.49	-90.87
Grafton	IA	43.33	-93.07
Grand Junction	IA	42.03	-94.24
Grand Mound	IA	41.82	-90.65
Grand River	IA	40.82	-93.96
Grandview	IA	41.28	-91.19
Granger	IA	41.76	-93.82
Grant	IA	41.14	-94.98
Granville	IA	42.99	-95.88
Gravity	IA	40.76	-94.74
Gray	IA	41.84	-94.99
Greeley	IA	42.58	-91.34
Green Mountain	IA	42.10	-92.82
Greene	IA	42.90	-92.80
Greenfield	IA	41.31	-94.46
Greenville	IA	43.02	-95.15
Grimes	IA	41.68	-93.80
Grinnell	IA	41.74	-92.72
Griswold	IA	41.23	-95.14
Grundy Center	IA	42.36	-92.77
Gruver	IA	43.39	-94.70
Guernsey	IA	41.65	-92.35
Guthrie Center	IA	41.68	-94.50
Guttenberg	IA	42.79	-91.11
Halbur	IA	42.01	-94.97
Hamburg	IA	40.61	-95.65
Hamilton	IA	41.17	-92.90
Hampton	IA	42.74	-93.20
Hancock	IA	41.39	-95.36
Hanlontown	IA	43.28	-93.38
Hansell	IA	42.76	-93.10
Harcourt	IA	42.26	-94.17
Hardy	IA	42.81	-94.05
Harlan	IA	41.65	-95.33
Harper	IA	41.36	-92.05
Harpers Ferry	IA	43.20	-91.15
Harris	IA	43.45	-95.44
Hartford	IA	41.46	-93.40
Hartley	IA	43.18	-95.48
Hartwick	IA	41.79	-92.35
Harvey	IA	41.32	-92.92
Hastings	IA	41.03	-95.49
Havelock	IA	42.83	-94.70
Haverhill	IA	41.94	-92.96
Hawarden	IA	43.00	-96.48
Hawkeye	IA	42.94	-91.95
Hayesville	IA	41.26	-92.25
Hayfield	IA	43.18	-93.69
Hazleton	IA	42.62	-91.91
Hedrick	IA	41.17	-92.31
Henderson	IA	41.14	-95.43
Hiawatha	IA	42.06	-91.69
High Amana	IA	41.80	-91.94
Hills	IA	41.56	-91.54
Hillsboro	IA	40.84	-91.71
Hinton	IA	42.62	-96.30
Holiday Lake	IA	41.82	-92.45
Holland	IA	42.40	-92.80
Holstein	IA	42.49	-95.54
Holy Cross	IA	42.60	-91.00
Homestead	IA	41.76	-91.87
Hopkinton	IA	42.34	-91.25
Hornick	IA	42.23	-96.10
Hospers	IA	43.07	-95.90
Houghton	IA	40.78	-91.61
Hubbard	IA	42.31	-93.30
Hudson	IA	42.43	-92.45
Hull	IA	43.19	-96.13
Humboldt	IA	42.72	-94.23
Humeston	IA	40.86	-93.50
Hutchins	IA	43.09	-93.89
Huxley	IA	41.90	-93.59
Ida Grove	IA	42.34	-95.47
Imogene	IA	40.88	-95.43
Independence	IA	42.46	-91.90
Indianola	IA	41.36	-93.57
Inwood	IA	43.31	-96.43
Ionia	IA	43.04	-92.46
Iowa City	IA	41.66	-91.53
Iowa Falls	IA	42.52	-93.27
Ireton	IA	42.97	-96.32
Irvington	IA	43.01	-94.20
Irwin	IA	41.79	-95.21
Jackson Junction	IA	43.10	-92.05
Jacksonville	IA	41.65	-95.15
Jamaica	IA	41.85	-94.31
Janesville	IA	42.65	-92.46
Jefferson	IA	42.02	-94.38
Jesup	IA	42.47	-92.07
Jewell Junction	IA	42.31	-93.64
Johnston	IA	41.69	-93.72
Joice	IA	43.36	-93.46
Jolley	IA	42.48	-94.72
Kalona	IA	41.49	-91.70
Kamrar	IA	42.39	-93.73
Kanawha	IA	42.93	-93.79
Kellerton	IA	40.71	-94.05
Kelley	IA	41.95	-93.66
Kellogg	IA	41.72	-92.91
Kensett	IA	43.35	-93.21
Kent	IA	40.95	-94.46
Kent Estates	IA	41.47	-91.06
Keokuk	IA	40.41	-91.40
Keomah Village	IA	41.29	-92.54
Keosauqua	IA	40.73	-91.96
Keota	IA	41.37	-91.95
Keswick	IA	41.45	-92.24
Keystone	IA	42.00	-92.20
Kimballton	IA	41.63	-95.07
Kingsley	IA	42.59	-95.97
Kingston	IA	40.98	-91.05
Kinross	IA	41.46	-91.99
Kirkman	IA	41.73	-95.27
Kirkville	IA	41.14	-92.50
Kiron	IA	42.19	-95.33
Klemme	IA	43.01	-93.60
Knierim	IA	42.46	-94.46
Knoxville	IA	41.32	-93.10
La Motte	IA	42.30	-90.62
La Porte City	IA	42.31	-92.19
Lacona	IA	41.19	-93.39
Ladora	IA	41.76	-92.19
Lake City	IA	42.27	-94.73
Lake Mills	IA	43.42	-93.53
Lake Panorama	IA	41.72	-94.40
Lake Park	IA	43.45	-95.32
Lake View	IA	42.30	-95.04
Lakeside	IA	42.62	-95.18
Lakota	IA	43.38	-94.10
Lambs Grove	IA	41.70	-93.08
Lamoni	IA	40.62	-93.93
Lamont	IA	42.60	-91.64
Lanesboro	IA	42.18	-94.69
Lansing	IA	43.36	-91.22
Larchwood	IA	43.45	-96.44
Larrabee	IA	42.86	-95.54
Latimer	IA	42.76	-93.37
Laurel	IA	41.88	-92.92
Laurens	IA	42.85	-94.85
Lawler	IA	43.07	-92.15
Lawton	IA	42.48	-96.19
Le Claire	IA	41.60	-90.38
Le Grand	IA	42.01	-92.78
Le Mars	IA	42.78	-96.17
Le Roy	IA	40.88	-93.59
Leando	IA	40.82	-92.07
Ledyard	IA	43.42	-94.16
Lehigh	IA	42.36	-94.05
Leighton	IA	41.34	-92.79
Leland	IA	43.33	-93.63
Lenox	IA	40.88	-94.56
Leon	IA	40.74	-93.76
Lester	IA	43.44	-96.33
Letts	IA	41.33	-91.24
Lewis	IA	41.31	-95.08
Libertyville	IA	40.96	-92.05
Lidderdale	IA	42.12	-94.78
Lime Springs	IA	43.45	-92.28
Lincoln	IA	42.26	-92.69
Linden	IA	41.64	-94.27
Lineville	IA	40.59	-93.52
Linn Grove	IA	42.89	-95.24
Lisbon	IA	41.92	-91.39
Liscomb	IA	42.19	-93.01
Little Cedar	IA	43.38	-92.73
Little Rock	IA	43.45	-95.88
Little Sioux	IA	41.81	-96.03
Livermore	IA	42.87	-94.18
Lockridge	IA	40.99	-91.75
Logan	IA	41.65	-95.79
Lohrville	IA	42.27	-94.55
Lone Rock	IA	43.22	-94.33
Lone Tree	IA	41.49	-91.43
Long Grove	IA	41.69	-90.58
Lorimor	IA	41.13	-94.06
Lost Nation	IA	41.97	-90.82
Loveland	IA	41.50	-95.89
Lovilia	IA	41.13	-92.91
Low Moor	IA	41.80	-90.35
Lowden	IA	41.86	-90.92
Lowell	IA	40.83	-91.44
Lu Verne	IA	42.91	-94.08
Luana	IA	43.06	-91.46
Lucas	IA	41.03	-93.46
Luther	IA	41.97	-93.82
Luxemburg	IA	42.60	-91.07
Luzerne	IA	41.91	-92.18
Lynnville	IA	41.57	-92.79
Lytton	IA	42.42	-94.86
Macedonia	IA	41.19	-95.43
Macksburg	IA	41.21	-94.19
Madrid	IA	41.88	-93.82
Magnolia	IA	41.69	-95.87
Maharishi Vedic City	IA	41.05	-92.01
Malcom	IA	41.71	-92.56
Mallard	IA	42.94	-94.68
Maloy	IA	40.67	-94.41
Malvern	IA	41.00	-95.58
Manchester	IA	42.49	-91.46
Manilla	IA	41.89	-95.23
Manly	IA	43.29	-93.20
Manning	IA	41.91	-95.06
Manson	IA	42.53	-94.54
Mapleton	IA	42.17	-95.79
Maquoketa	IA	42.06	-90.66
Marathon	IA	42.86	-94.98
Marble Rock	IA	42.96	-92.87
Marcus	IA	42.82	-95.81
Marengo	IA	41.80	-92.07
Marion	IA	42.05	-91.59
Marne	IA	41.45	-95.11
Marquette	IA	43.04	-91.19
Marshalltown	IA	42.03	-92.91
Martelle	IA	42.02	-91.36
Martensdale	IA	41.37	-93.74
Martinsburg	IA	41.18	-92.25
Marysville	IA	41.18	-92.95
Mason City	IA	43.15	-93.20
Masonville	IA	42.48	-91.59
Massena	IA	41.25	-94.77
Matlock	IA	43.24	-95.93
Maurice	IA	42.97	-96.18
Maxwell	IA	41.89	-93.40
Maynard	IA	42.77	-91.88
Maysville	IA	41.65	-90.72
McCallsburg	IA	42.16	-93.39
McCausland	IA	41.74	-90.45
McClelland	IA	41.33	-95.68
McGregor	IA	43.03	-91.19
McIntire	IA	43.44	-92.59
Mechanicsville	IA	41.91	-91.25
Mediapolis	IA	41.01	-91.16
Melbourne	IA	41.94	-93.10
Melcher-Dallas	IA	41.23	-93.24
Melrose	IA	40.98	-93.05
Melvin	IA	43.29	-95.61
Menlo	IA	41.52	-94.40
Meriden	IA	42.79	-95.63
Merrill	IA	42.72	-96.25
Meservey	IA	42.92	-93.47
Meyer	IA	43.46	-92.70
Middle Amana	IA	41.79	-91.90
Middletown	IA	40.83	-91.26
Miles	IA	42.05	-90.31
Milford	IA	43.34	-95.15
Miller	IA	43.19	-93.61
Millersburg	IA	41.57	-92.16
Millerton	IA	40.85	-93.31
Milo	IA	41.29	-93.44
Milton	IA	40.67	-92.16
Minburn	IA	41.76	-94.03
Minden	IA	41.47	-95.54
Mineola	IA	41.14	-95.69
Mingo	IA	41.77	-93.28
Missouri Valley	IA	41.56	-95.90
Mitchell	IA	43.32	-92.87
Mitchellville	IA	41.67	-93.37
Modale	IA	41.62	-96.01
Mona	IA	43.49	-92.95
Mondamin	IA	41.71	-96.02
Monmouth	IA	42.08	-90.88
Monona	IA	43.05	-91.39
Monroe	IA	41.52	-93.10
Montezuma	IA	41.58	-92.53
Monticello	IA	42.23	-91.19
Montour	IA	41.98	-92.72
Montpelier	IA	41.46	-90.81
Montrose	IA	40.53	-91.42
Mooar	IA	40.43	-91.44
Moorhead	IA	41.92	-95.85
Moorland	IA	42.44	-94.30
Moravia	IA	40.89	-92.82
Morley	IA	42.01	-91.25
Morning Sun	IA	41.09	-91.25
Morrison	IA	42.34	-92.67
Moscow	IA	41.57	-91.07
Moulton	IA	40.69	-92.68
Mount Auburn	IA	42.26	-92.09
Mount Ayr	IA	40.71	-94.24
Mount Pleasant	IA	40.96	-91.55
Mount Sterling	IA	40.62	-91.94
Mount Union	IA	41.06	-91.39
Mount Vernon	IA	41.92	-91.42
Moville	IA	42.49	-96.07
Murray	IA	41.04	-93.95
Muscatine	IA	41.42	-91.07
Mystic	IA	40.78	-92.94
Nashua	IA	42.95	-92.54
Nemaha	IA	42.51	-95.09
Neola	IA	41.45	-95.62
Nevada	IA	42.02	-93.47
New Albin	IA	43.50	-91.29
New Hampton	IA	43.06	-92.31
New Hartford	IA	42.57	-92.62
New Haven	IA	43.28	-92.64
New Liberty	IA	41.72	-90.88
New London	IA	40.92	-91.40
New Market	IA	40.73	-94.90
New Providence	IA	42.28	-93.17
New Sharon	IA	41.47	-92.65
New Vienna	IA	42.55	-91.11
New Virginia	IA	41.18	-93.73
Newell	IA	42.61	-95.00
Newhall	IA	41.99	-91.97
Newton	IA	41.70	-93.04
Nichols	IA	41.48	-91.31
Nodaway	IA	40.94	-94.90
Nora Springs	IA	43.14	-93.01
North Buena Vista	IA	42.67	-90.96
North English	IA	41.52	-92.08
North Liberty	IA	41.74	-91.61
North Washington	IA	43.12	-92.42
Northboro	IA	40.61	-95.29
Northwood	IA	43.44	-93.22
Norwalk	IA	41.48	-93.70
Norway	IA	41.90	-91.92
Numa	IA	40.69	-92.98
Oak Hills	IA	40.76	-91.15
Oakland	IA	41.31	-95.40
Oakland Acres	IA	41.72	-92.82
Oakville	IA	41.10	-91.04
Ocheyedan	IA	43.42	-95.54
Odebolt	IA	42.31	-95.25
Oelwein	IA	42.67	-91.91
Ogden	IA	42.04	-94.03
Okoboji	IA	43.39	-95.13
Olds	IA	41.13	-91.54
Olin	IA	42.00	-91.14
Ollie	IA	41.20	-92.09
Onawa	IA	42.03	-96.09
Onslow	IA	42.11	-91.02
Orange City	IA	43.00	-96.06
Orchard	IA	43.23	-92.78
Orient	IA	41.20	-94.42
Orleans	IA	43.45	-95.09
Osage	IA	43.28	-92.81
Osceola	IA	41.03	-93.79
Oskaloosa	IA	41.29	-92.64
Ossian	IA	43.15	-91.76
Osterdock	IA	42.73	-91.16
Otho	IA	42.42	-94.15
Oto	IA	42.28	-95.89
Otranto	IA	43.46	-92.99
Ottosen	IA	42.90	-94.38
Ottumwa	IA	41.02	-92.42
Owasa	IA	42.43	-93.20
Oxford	IA	41.72	-91.79
Oxford Junction	IA	41.98	-90.95
Oyens	IA	42.82	-96.06
Pacific Junction	IA	41.02	-95.80
Packwood	IA	41.13	-92.08
Palmer	IA	42.63	-94.60
Palo	IA	42.06	-91.80
Panama	IA	41.73	-95.48
Panora	IA	41.69	-94.36
Panorama Park	IA	41.56	-90.45
Park View	IA	41.69	-90.54
Parkersburg	IA	42.57	-92.78
Parnell	IA	41.58	-92.00
Paton	IA	42.16	-94.26
Patterson	IA	41.35	-93.88
Paullina	IA	42.98	-95.68
Pella	IA	41.40	-92.92
Peosta	IA	42.45	-90.84
Percival	IA	40.75	-95.81
Perry	IA	41.84	-94.09
Persia	IA	41.58	-95.57
Peterson	IA	42.92	-95.34
Pierson	IA	42.54	-95.87
Pilot Mound	IA	42.16	-94.02
Pisgah	IA	41.83	-95.93
Plainfield	IA	42.84	-92.54
Plainview	IA	41.67	-90.78
Plano	IA	40.76	-93.05
Pleasant Hill	IA	41.60	-93.51
Pleasant Plain	IA	41.15	-91.86
Pleasanton	IA	40.58	-93.74
Pleasantville	IA	41.39	-93.27
Plover	IA	42.88	-94.62
Plymouth	IA	43.25	-93.12
Pocahontas	IA	42.74	-94.67
Polk City	IA	41.78	-93.72
Pomeroy	IA	42.55	-94.68
Popejoy	IA	42.59	-93.43
Portland	IA	43.12	-93.14
Portsmouth	IA	41.65	-95.52
Postville	IA	43.08	-91.57
Prairie City	IA	41.60	-93.24
Prairieburg	IA	42.24	-91.43
Prescott	IA	41.02	-94.61
Preston	IA	42.05	-90.40
Primghar	IA	43.09	-95.62
Princeton	IA	41.67	-90.36
Promise City	IA	40.75	-93.15
Protivin	IA	43.22	-92.09
Pulaski	IA	40.69	-92.27
Quasqueton	IA	42.39	-91.76
Quimby	IA	42.63	-95.64
Radcliffe	IA	42.32	-93.43
Rake	IA	43.48	-93.92
Ralston	IA	42.04	-94.63
Randalia	IA	42.86	-91.89
Randall	IA	42.24	-93.60
Randolph	IA	40.87	-95.56
Rathbun	IA	40.80	-92.89
Raymond	IA	42.47	-92.23
Readlyn	IA	42.70	-92.23
Reasnor	IA	41.58	-93.02
Red Oak	IA	41.01	-95.22
Redding	IA	40.61	-94.38
Redfield	IA	41.59	-94.20
Reinbeck	IA	42.32	-92.59
Rembrandt	IA	42.83	-95.17
Remsen	IA	42.82	-95.97
Renwick	IA	42.83	-93.98
Rhodes	IA	41.93	-93.18
Riceville	IA	43.36	-92.55
Richland	IA	41.19	-91.99
Rickardsville	IA	42.58	-90.88
Ricketts	IA	42.13	-95.57
Ridgeway	IA	43.30	-91.99
Rinard	IA	42.34	-94.48
Ringsted	IA	43.30	-94.51
Rippey	IA	41.93	-94.20
River Sioux	IA	41.80	-96.05
Riverdale	IA	41.54	-90.46
Riverside	IA	41.48	-91.57
Riverton	IA	40.69	-95.57
Robins	IA	42.08	-91.67
Rochester	IA	41.67	-91.14
Rock Falls	IA	43.21	-93.09
Rock Rapids	IA	43.43	-96.17
Rock Valley	IA	43.20	-96.29
Rockford	IA	43.05	-92.95
Rockwell	IA	42.98	-93.19
Rockwell City	IA	42.40	-94.63
Rodman	IA	43.03	-94.53
Rodney	IA	42.20	-95.95
Roland	IA	42.17	-93.50
Rolfe	IA	42.81	-94.53
Rome	IA	40.98	-91.68
Rose Hill	IA	41.32	-92.46
Roseville	IA	43.03	-92.81
Rossie	IA	43.01	-95.19
Rowan	IA	42.74	-93.55
Rowley	IA	42.37	-91.84
Royal	IA	43.06	-95.28
Rudd	IA	43.13	-92.90
Runnells	IA	41.51	-93.36
Russell	IA	40.98	-93.20
Ruthven	IA	43.13	-94.90
Rutland	IA	42.76	-94.30
Ryan	IA	42.35	-91.48
Sabula	IA	42.07	-90.18
Sac City	IA	42.42	-95.00
Sageville	IA	42.55	-90.71
Salem	IA	40.85	-91.62
Salix	IA	42.31	-96.29
Sanborn	IA	43.18	-95.66
Sandusky	IA	40.45	-91.39
Sandyville	IA	41.37	-93.39
Saylorville	IA	41.68	-93.63
Scarville	IA	43.47	-93.62
Schaller	IA	42.50	-95.30
Schleswig	IA	42.16	-95.43
Scranton	IA	42.02	-94.55
Searsboro	IA	41.58	-92.70
Sergeant Bluff	IA	42.40	-96.35
Sexton	IA	43.07	-94.09
Seymour	IA	40.68	-93.12
Shambaugh	IA	40.66	-95.04
Shannon City	IA	40.90	-94.26
Sharpsburg	IA	40.80	-94.64
Sheffield	IA	42.89	-93.21
Shelby	IA	41.51	-95.45
Sheldahl	IA	41.86	-93.70
Sheldon	IA	43.18	-95.84
Shell Rock	IA	42.71	-92.58
Shellsburg	IA	42.09	-91.87
Shenandoah	IA	40.76	-95.37
Sherrill	IA	42.60	-90.78
Shueyville	IA	41.85	-91.65
Sibley	IA	43.40	-95.74
Sidney	IA	40.75	-95.64
Sigourney	IA	41.33	-92.20
Silver City	IA	41.11	-95.64
Sioux Center	IA	43.07	-96.17
Sioux City	IA	42.50	-96.39
Sioux Rapids	IA	42.89	-95.15
Slater	IA	41.88	-93.69
Sloan	IA	42.23	-96.22
Smithland	IA	42.23	-95.93
Soldier	IA	41.98	-95.78
Solon	IA	41.81	-91.50
Somers	IA	42.38	-94.43
South Amana	IA	41.77	-91.96
South English	IA	41.45	-92.09
Spencer	IA	43.15	-95.15
Sperry	IA	40.96	-91.16
Spillville	IA	43.20	-91.95
Spirit Lake	IA	43.42	-95.11
Spragueville	IA	42.07	-90.43
Spring Hill	IA	41.41	-93.65
Springbrook	IA	42.17	-90.48
Springville	IA	42.04	-91.46
St. Ansgar	IA	43.38	-92.92
St. Anthony	IA	42.12	-93.20
St. Benedict	IA	43.04	-94.06
St. Charles	IA	41.29	-93.81
St. Donatus	IA	42.36	-90.54
St. Joseph	IA	42.91	-94.23
St. Lucas	IA	43.07	-91.93
St. Marys	IA	41.31	-93.73
St. Olaf	IA	42.93	-91.39
St. Paul	IA	40.77	-91.52
Stacyville	IA	43.44	-92.78
Stanhope	IA	42.29	-93.80
Stanley	IA	42.64	-91.81
Stanton	IA	40.98	-95.10
Stanwood	IA	41.89	-91.15
State Center	IA	42.01	-93.17
Steamboat Rock	IA	42.41	-93.07
Stockport	IA	40.86	-91.83
Stockton	IA	41.59	-90.86
Stone City	IA	42.11	-91.35
Storm Lake	IA	42.64	-95.20
Story City	IA	42.19	-93.59
Stout	IA	42.53	-92.71
Stratford	IA	42.27	-93.93
Strawberry Point	IA	42.68	-91.53
Struble	IA	42.89	-96.19
Stuart	IA	41.50	-94.32
Sully	IA	41.58	-92.85
Sumner	IA	42.85	-92.10
Sun Valley Lake	IA	40.85	-94.07
Superior	IA	43.43	-94.95
Sutherland	IA	42.97	-95.50
Swaledale	IA	42.98	-93.32
Swan	IA	41.47	-93.31
Swea City	IA	43.38	-94.31
Swedesburg	IA	41.11	-91.55
Swisher	IA	41.84	-91.69
Tabor	IA	40.89	-95.67
Tama	IA	41.97	-92.57
Templeton	IA	41.92	-94.94
Tennant	IA	41.59	-95.44
Terril	IA	43.31	-94.97
Thayer	IA	41.03	-94.05
Thompson	IA	43.37	-93.77
Thor	IA	42.69	-94.05
Thornburg	IA	41.46	-92.33
Thornton	IA	42.94	-93.39
Thurman	IA	40.82	-95.75
Tiffin	IA	41.71	-91.65
Tingley	IA	40.85	-94.20
Tipton	IA	41.77	-91.13
Titonka	IA	43.24	-94.04
Toeterville	IA	43.44	-92.89
Toledo	IA	41.99	-92.58
Toronto	IA	41.90	-90.86
Traer	IA	42.19	-92.46
Trenton	IA	41.07	-91.64
Treynor	IA	41.23	-95.61
Tripoli	IA	42.81	-92.26
Truesdale	IA	42.73	-95.18
Truro	IA	41.21	-93.85
Turin	IA	42.02	-95.97
Twin Lakes	IA	42.48	-94.63
Udell	IA	40.78	-92.74
Underwood	IA	41.38	-95.68
Union	IA	42.24	-93.06
Unionville	IA	40.82	-92.70
University Heights	IA	41.66	-91.56
University Park	IA	41.29	-92.61
Urbana	IA	42.23	-91.89
Urbandale	IA	41.64	-93.78
Ute	IA	42.05	-95.71
Vail	IA	42.06	-95.20
Valeria	IA	41.73	-93.33
Van Horne	IA	42.01	-92.09
Van Meter	IA	41.52	-93.94
Van Wert	IA	40.87	-93.79
Varina	IA	42.66	-94.90
Ventura	IA	43.13	-93.47
Victor	IA	41.73	-92.29
Villisca	IA	40.93	-94.98
Vincent	IA	42.59	-94.02
Vining	IA	41.99	-92.39
Vinton	IA	42.16	-92.03
Volga	IA	42.80	-91.54
Wadena	IA	42.84	-91.66
Wahpeton	IA	43.37	-95.18
Walcott	IA	41.59	-90.78
Walford	IA	41.88	-91.83
Walker	IA	42.29	-91.78
Wall Lake	IA	42.27	-95.09
Wallingford	IA	43.32	-94.79
Walnut	IA	41.49	-95.22
Wapello	IA	41.18	-91.19
Washburn	IA	42.41	-92.27
Washington	IA	41.30	-91.69
Washta	IA	42.58	-95.72
Waterloo	IA	42.49	-92.35
Waterville	IA	43.21	-91.30
Watkins	IA	41.89	-91.98
Waucoma	IA	43.06	-92.03
Waukee	IA	41.59	-93.88
Waukon	IA	43.27	-91.48
Waverly	IA	42.72	-92.47
Wayland	IA	41.15	-91.66
Webb	IA	42.95	-95.01
Webster	IA	41.44	-92.17
Webster City	IA	42.46	-93.82
Weldon	IA	40.90	-93.74
Wellman	IA	41.47	-91.84
Wellsburg	IA	42.43	-92.93
Welton	IA	41.91	-90.60
Wesley	IA	43.09	-93.99
West Amana	IA	41.81	-91.97
West Bend	IA	42.96	-94.45
West Branch	IA	41.67	-91.34
West Burlington	IA	40.82	-91.18
West Chester	IA	41.34	-91.82
West Des Moines	IA	41.55	-93.78
West Liberty	IA	41.57	-91.26
West Okoboji	IA	43.35	-95.17
West Point	IA	40.71	-91.45
West Union	IA	42.96	-91.81
Westfield	IA	42.76	-96.61
Westgate	IA	42.77	-92.00
Weston	IA	41.34	-95.74
Westphalia	IA	41.72	-95.39
Westside	IA	42.08	-95.10
Westwood	IA	40.96	-91.63
Wever	IA	40.71	-91.23
What Cheer	IA	41.40	-92.36
Wheatland	IA	41.83	-90.84
Whiting	IA	42.13	-96.15
Whittemore	IA	43.06	-94.43
Whitten	IA	42.26	-93.01
Willey	IA	41.98	-94.82
Williams	IA	42.49	-93.54
Williamsburg	IA	41.67	-92.01
Williamson	IA	41.09	-93.26
Wilton	IA	41.59	-91.03
Windsor Heights	IA	41.60	-93.71
Winfield	IA	41.13	-91.44
Winterset	IA	41.35	-94.02
Winthrop	IA	42.47	-91.74
Wiota	IA	41.40	-94.89
Woden	IA	43.23	-93.91
Woodbine	IA	41.74	-95.71
Woodburn	IA	41.01	-93.60
Woodward	IA	41.85	-93.92
Woolstock	IA	42.56	-93.84
Worthington	IA	42.40	-91.12
Wyoming	IA	42.06	-91.01
Yale	IA	41.78	-94.36
Yarmouth	IA	41.02	-91.32
Yetter	IA	42.32	-94.84
Yorktown	IA	40.74	-95.15
Zearing	IA	42.16	-93.30
Zwingle	IA	42.30	-90.69
Aberdeen	ID	42.94	-112.84
Acequia	ID	42.67	-113.60
Albion	ID	42.41	-113.58
American Falls	ID	42.78	-112.85
Ammon	ID	43.47	-111.96
Arbon Valley	ID	42.89	-112.59
Arco	ID	43.63	-113.30
Arimo	ID	42.56	-112.17
Ashton	ID	44.07	-111.45
Athol	ID	47.95	-116.71
Avimor	ID	43.78	-116.26
Bancroft	ID	42.72	-111.88
Banks	ID	44.07	-116.13
Basalt	ID	43.31	-112.17
Bellevue	ID	43.47	-114.26
Bennington	ID	42.38	-111.32
Blackfoot	ID	43.19	-112.35
Blanchard	ID	48.01	-117.00
Bliss	ID	42.92	-114.95
Bloomington	ID	42.19	-111.40
Boise City	ID	43.60	-116.23
Bonners Ferry	ID	48.69	-116.32
Bovill	ID	46.86	-116.39
Bruneau	ID	42.87	-115.80
Buhl	ID	42.60	-114.76
Burley	ID	42.54	-113.79
Butte City	ID	43.61	-113.24
Caldwell	ID	43.65	-116.66
Cambridge	ID	44.57	-116.68
Carey	ID	43.31	-113.94
Cascade	ID	44.51	-116.04
Castleford	ID	42.52	-114.87
Challis	ID	44.51	-114.23
Chubbuck	ID	42.93	-112.46
Clark Fork	ID	48.15	-116.17
Clayton	ID	44.26	-114.38
Clifton	ID	42.19	-112.00
Coeur d'Alene	ID	47.70	-116.79
Conkling Park	ID	47.40	-116.77
Coolin	ID	48.48	-116.84
Cottonwood	ID	46.05	-116.35
Council	ID	44.73	-116.44
Craigmont	ID	46.24	-116.47
Crouch	ID	44.12	-115.98
Culdesac	ID	46.37	-116.67
Dalton Gardens	ID	47.73	-116.77
Dayton	ID	42.11	-111.98
De Smet	ID	47.14	-116.91
Deary	ID	46.80	-116.56
Declo	ID	42.52	-113.63
Dietrich	ID	42.91	-114.27
Donnelly	ID	44.73	-116.09
Dover	ID	48.26	-116.61
Downey	ID	42.43	-112.12
Driggs	ID	43.73	-111.10
Drummond	ID	44.00	-111.34
Dubois	ID	44.17	-112.23
Eagle	ID	43.69	-116.35
East Hope	ID	48.24	-116.29
Eden	ID	42.61	-114.21
Elk City	ID	45.82	-115.44
Elk River	ID	46.78	-116.18
Emmett	ID	43.87	-116.49
Fairfield	ID	43.35	-114.80
Ferdinand	ID	46.15	-116.39
Fernan Lake Village	ID	47.67	-116.75
Fernwood	ID	47.12	-116.39
Filer	ID	42.57	-114.61
Firth	ID	43.31	-112.18
Fort Hall	ID	43.01	-112.46
Franklin	ID	42.01	-111.80
Fruitland	ID	44.02	-116.92
Gannett	ID	43.35	-114.17
Garden City	ID	43.67	-116.29
Garden Valley	ID	44.08	-115.96
Genesee	ID	46.55	-116.93
Georgetown	ID	42.48	-111.36
Glenns Ferry	ID	42.95	-115.31
Gooding	ID	42.94	-114.71
Grace	ID	42.58	-111.73
Grand View	ID	42.99	-116.09
Grangeville	ID	45.93	-116.12
Greenleaf	ID	43.67	-116.82
Groveland	ID	43.22	-112.38
Hagerman	ID	42.82	-114.90
Hailey	ID	43.51	-114.30
Hamer	ID	43.93	-112.21
Hammett	ID	42.94	-115.47
Hansen	ID	42.53	-114.30
Harrison	ID	47.47	-116.81
Hauser	ID	47.76	-117.01
Hayden	ID	47.77	-116.80
Hayden Lake	ID	47.76	-116.76
Hazelton	ID	42.59	-114.14
Heyburn	ID	42.56	-113.76
Hidden Springs	ID	43.72	-116.26
Hollister	ID	42.35	-114.58
Homedale	ID	43.62	-116.94
Hope	ID	48.25	-116.30
Horseshoe Bend	ID	43.92	-116.20
Huetter	ID	47.70	-116.85
Idaho City	ID	43.83	-115.83
Idaho Falls	ID	43.49	-112.04
Inkom	ID	42.80	-112.25
Iona	ID	43.53	-111.93
Irwin	ID	43.40	-111.28
Island Park	ID	44.53	-111.34
Jerome	ID	42.72	-114.52
Juliaetta	ID	46.57	-116.71
Kamiah	ID	46.23	-116.03
Kellogg	ID	47.53	-116.13
Kendrick	ID	46.61	-116.66
Ketchum	ID	43.69	-114.38
Kimberly	ID	42.53	-114.37
Kooskia	ID	46.14	-115.97
Kootenai	ID	48.31	-116.52
Kuna	ID	43.52	-116.40
Laclede	ID	48.17	-116.75
Lapwai	ID	46.40	-116.80
Lava Hot Springs	ID	42.62	-112.01
Leadore	ID	44.68	-113.36
Letha	ID	43.89	-116.65
Lewiston	ID	46.39	-116.99
Lewisville	ID	43.70	-112.01
Lincoln	ID	43.52	-111.97
Lost River	ID	43.69	-113.64
Lowman	ID	44.07	-115.62
Mackay	ID	43.91	-113.61
Malad City	ID	42.19	-112.25
Malta	ID	42.31	-113.37
Marsing	ID	43.55	-116.81
McCall	ID	44.91	-116.11
McCammon	ID	42.65	-112.19
Melba	ID	43.37	-116.53
Menan	ID	43.72	-111.99
Meridian	ID	43.61	-116.40
Middleton	ID	43.71	-116.62
Midvale	ID	44.46	-116.74
Minidoka	ID	42.75	-113.49
Montpelier	ID	42.33	-111.30
Moore	ID	43.73	-113.37
Moreland	ID	43.22	-112.44
Moscow	ID	46.73	-117.00
Mountain Home	ID	43.13	-115.70
Mountain Home AFB	ID	43.05	-115.87
Moyie Springs	ID	48.72	-116.20
Mud Lake	ID	43.84	-112.48
Mullan	ID	47.47	-115.80
Murphy	ID	43.21	-116.55
Murtaugh	ID	42.49	-114.16
Nampa	ID	43.59	-116.57
New Meadows	ID	44.97	-116.29
New Plymouth	ID	43.97	-116.82
Newdale	ID	43.89	-111.60
Nezperce	ID	46.24	-116.24
Notus	ID	43.73	-116.80
Oakley	ID	42.24	-113.88
Oldtown	ID	48.18	-117.02
Onaway	ID	46.93	-116.89
Orofino	ID	46.48	-116.25
Osburn	ID	47.51	-116.00
Oxford	ID	42.26	-112.02
Paris	ID	42.23	-111.40
Parker	ID	43.96	-111.76
Parkline	ID	47.34	-116.69
Parma	ID	43.79	-116.94
Paul	ID	42.60	-113.78
Payette	ID	44.08	-116.93
Peck	ID	46.47	-116.43
Pierce	ID	46.50	-115.80
Pinehurst	ID	47.54	-116.23
Placerville	ID	43.94	-115.95
Plummer	ID	47.33	-116.88
Pocatello	ID	42.87	-112.46
Ponderay	ID	48.30	-116.54
Post Falls	ID	47.73	-116.94
Potlatch	ID	46.92	-116.90
Preston	ID	42.10	-111.88
Priest River	ID	48.18	-116.91
Princeton	ID	46.92	-116.83
Rathdrum	ID	47.79	-116.89
Reubens	ID	46.32	-116.54
Rexburg	ID	43.82	-111.79
Richfield	ID	43.05	-114.16
Rigby	ID	43.67	-111.91
Riggins	ID	45.42	-116.32
Ririe	ID	43.63	-111.77
Riverside	ID	43.20	-112.44
Roberts	ID	43.72	-112.13
Robie Creek	ID	43.67	-116.02
Rockford	ID	43.19	-112.53
Rockford Bay	ID	47.51	-116.89
Rockland	ID	42.57	-112.87
Rupert	ID	42.62	-113.67
Salmon	ID	45.17	-113.89
Sandpoint	ID	48.28	-116.56
Shelley	ID	43.38	-112.13
Shoshone	ID	42.94	-114.40
Silverton	ID	47.50	-115.96
Smelterville	ID	47.54	-116.18
Smiths Ferry	ID	44.30	-116.08
Soda Springs	ID	42.66	-111.59
Spencer	ID	44.37	-112.18
Spirit Lake	ID	47.97	-116.87
St. Anthony	ID	43.97	-111.68
St. Charles	ID	42.11	-111.39
St. Maries	ID	47.31	-116.57
Stanley	ID	44.21	-114.93
Star	ID	43.70	-116.49
State Line	ID	47.71	-117.04
Stites	ID	46.09	-115.98
Sugar City	ID	43.88	-111.75
Sun Valley	ID	43.68	-114.33
Swan Valley	ID	43.44	-111.32
Sweetwater	ID	46.37	-116.80
Tensed	ID	47.16	-116.92
Teton	ID	43.89	-111.67
Tetonia	ID	43.81	-111.16
Troy	ID	46.74	-116.77
Twin Falls	ID	42.56	-114.46
Tyhee	ID	42.95	-112.46
Ucon	ID	43.59	-111.96
Victor	ID	43.60	-111.11
Viola	ID	46.84	-117.02
Wallace	ID	47.47	-115.92
Wardner	ID	47.52	-116.14
Warm River	ID	44.12	-111.32
Weippe	ID	46.38	-115.94
Weiser	ID	44.25	-116.97
Wendell	ID	42.77	-114.70
Weston	ID	42.04	-111.98
White Bird	ID	45.76	-116.30
Wilder	ID	43.68	-116.91
Winchester	ID	46.24	-116.62
Worley	ID	47.40	-116.92
Yellow Pine	ID	44.96	-115.49
Abingdon	IL	40.80	-90.40
Adair	IL	40.42	-90.50
Adams	IL	39.87	-91.20
Addieville	IL	38.39	-89.49
Addison	IL	41.93	-88.01
Adeline	IL	42.14	-89.49
Albany	IL	41.79	-90.22
Albers	IL	38.54	-89.62
Albion	IL	38.38	-88.06
Alden	IL	42.46	-88.52
Aledo	IL	41.20	-90.75
Alexander	IL	39.72	-90.04
Alexis	IL	41.06	-90.56
Algonquin	IL	42.16	-88.32
Alhambra	IL	38.89	-89.74
Allendale	IL	38.53	-87.71
Allenville	IL	39.56	-88.54
Allerton	IL	39.92	-87.94
Alma	IL	38.72	-88.91
Alpha	IL	41.19	-90.38
Alsey	IL	39.56	-90.43
Alsip	IL	41.67	-87.74
Altamont	IL	39.06	-88.75
Alto Pass	IL	37.57	-89.32
Alton	IL	38.90	-90.15
Altona	IL	41.12	-90.16
Alvan (Alvin)	IL	40.31	-87.61
Amboy	IL	41.72	-89.34
Anchor	IL	40.57	-88.54
Andalusia	IL	41.44	-90.71
Andover	IL	41.29	-90.29
Andres	IL	41.37	-87.88
Anna	IL	37.46	-89.24
Annapolis	IL	39.14	-87.82
Annawan	IL	41.40	-89.89
Antioch	IL	42.48	-88.07
Apple Canyon Lake	IL	42.43	-90.16
Apple River	IL	42.50	-90.09
Arbury Hills	IL	41.54	-87.85
Arcola	IL	39.68	-88.30
Arenzville	IL	39.88	-90.37
Argenta	IL	39.99	-88.82
Argyle	IL	42.35	-88.94
Arlington	IL	41.47	-89.25
Arlington Heights	IL	42.10	-87.98
Armington	IL	40.34	-89.31
Aroma Park	IL	41.08	-87.80
Arrowsmith	IL	40.45	-88.63
Arthur	IL	39.71	-88.47
Ashkum	IL	40.88	-87.95
Ashland	IL	39.89	-90.01
Ashley	IL	38.33	-89.19
Ashmore	IL	39.53	-88.02
Ashton	IL	41.87	-89.22
Assumption	IL	39.52	-89.05
Astoria	IL	40.23	-90.36
Athens	IL	39.96	-89.72
Atkinson	IL	41.41	-90.01
Atlanta	IL	40.26	-89.23
Atwood	IL	39.80	-88.46
Auburn	IL	39.58	-89.74
Augusta	IL	40.23	-90.95
Aurora	IL	41.76	-88.29
Ava	IL	37.89	-89.50
Aviston	IL	38.63	-89.61
Avon	IL	40.66	-90.44
Baileyville	IL	42.20	-89.59
Baldwin	IL	38.18	-89.85
Banner	IL	40.51	-89.92
Bannockburn	IL	42.19	-87.87
Bardolph	IL	40.50	-90.56
Barrington	IL	42.15	-88.13
Barrington Hills	IL	42.14	-88.20
Barry	IL	39.70	-91.04
Barstow	IL	41.52	-90.36
Bartelso	IL	38.54	-89.46
Bartlett	IL	41.96	-88.18
Bartonville	IL	40.64	-89.66
Basco	IL	40.33	-91.20
Batavia	IL	41.85	-88.31
Batchtown	IL	39.03	-90.65
Bath	IL	40.19	-90.14
Bay View Gardens	IL	40.81	-89.53
Baylis	IL	39.73	-90.91
Beach Park	IL	42.44	-87.88
Beardstown	IL	40.01	-90.43
Beason	IL	40.14	-89.19
Beaverville	IL	40.95	-87.65
Beckemeyer	IL	38.61	-89.43
Bedford Park	IL	41.77	-87.77
Beecher	IL	41.35	-87.62
Beecher City	IL	39.19	-88.79
Belgium	IL	40.06	-87.63
Belknap	IL	37.32	-88.94
Belle Prairie City	IL	38.22	-88.56
Belle Rive	IL	38.23	-88.74
Belleville	IL	38.52	-89.99
Bellevue	IL	40.69	-89.67
Bellflower	IL	40.34	-88.53
Bellmont	IL	38.38	-87.91
Bellwood	IL	41.88	-87.88
Belvidere	IL	42.27	-88.89
Bement	IL	39.92	-88.57
Benld	IL	39.09	-89.80
Bensenville	IL	41.96	-87.94
Benson	IL	40.85	-89.12
Bentley	IL	40.34	-91.11
Benton	IL	38.01	-88.92
Berkeley	IL	41.89	-87.91
Berlin	IL	39.76	-89.90
Berwyn	IL	41.84	-87.79
Bethalto	IL	38.90	-90.04
Bethany	IL	39.64	-88.74
Beverly	IL	39.79	-90.99
Big Foot Prairie	IL	42.49	-88.60
Big Rock	IL	41.77	-88.53
Biggsville	IL	40.85	-90.86
Bingham	IL	39.11	-89.21
Bishop Hill	IL	41.20	-90.12
Bismarck	IL	40.26	-87.61
Blairsville	IL	37.81	-89.12
Blandinsville	IL	40.55	-90.87
Bloomfield	IL	40.02	-91.30
Bloomingdale	IL	41.95	-88.09
Bloomington	IL	40.48	-88.97
Blue Island	IL	41.66	-87.68
Blue Mound	IL	39.70	-89.12
Bluffs	IL	39.75	-90.54
Bluford	IL	38.33	-88.73
Bolingbrook	IL	41.69	-88.10
Bondville	IL	40.11	-88.37
Bone Gap	IL	38.44	-88.00
Bonfield	IL	41.15	-88.05
Bonnie	IL	38.20	-88.91
Bonnie Brae	IL	41.60	-88.03
Boody	IL	39.76	-89.05
Boulder Hill	IL	41.71	-88.33
Bourbonnais	IL	41.18	-87.88
Bowen	IL	40.23	-91.06
Braceville	IL	41.23	-88.27
Bradford	IL	41.18	-89.66
Bradley	IL	41.16	-87.85
Braidwood	IL	41.27	-88.22
Breese	IL	38.61	-89.52
Bridgeport	IL	38.71	-87.76
Bridgeview	IL	41.74	-87.81
Brighton	IL	39.04	-90.14
Brimfield	IL	40.84	-89.88
Broadlands	IL	39.91	-88.00
Broadview	IL	41.86	-87.86
Broadwell	IL	40.07	-89.44
Brocton	IL	39.72	-87.93
Brookfield	IL	41.83	-87.85
Brooklyn	IL	38.65	-90.17
Brookport	IL	37.13	-88.63
Broughton	IL	37.93	-88.46
Browning	IL	40.13	-90.37
Browns	IL	38.38	-87.98
Brownstown	IL	38.99	-88.96
Brussels	IL	38.95	-90.59
Bryant	IL	40.47	-90.09
Buckingham	IL	41.05	-88.17
Buckley	IL	40.60	-88.04
Buckner	IL	37.98	-89.02
Buda	IL	41.33	-89.68
Buffalo	IL	39.85	-89.41
Buffalo Grove	IL	42.17	-87.96
Buffalo Prairie	IL	41.34	-90.85
Bull Valley	IL	42.32	-88.36
Bulpitt	IL	39.59	-89.43
Buncombe	IL	37.47	-88.97
Bunker Hill	IL	39.04	-89.95
Burbank	IL	41.74	-87.77
Bureau Junction	IL	41.29	-89.36
Burlington	IL	42.05	-88.57
Burnham	IL	41.64	-87.54
Burnt Prairie	IL	38.25	-88.26
Burr Ridge	IL	41.75	-87.92
Burton	IL	39.91	-91.25
Burtons Bridge	IL	42.28	-88.23
Bush	IL	37.84	-89.13
Bushnell	IL	40.55	-90.50
Butler	IL	39.20	-89.53
Byron	IL	42.12	-89.27
Cabery	IL	41.00	-88.20
Cable	IL	41.28	-90.51
Cahokia Heights	IL	38.57	-90.16
Cairo	IL	37.01	-89.18
Caledonia	IL	42.37	-88.89
Calhoun	IL	38.65	-88.04
Calumet City	IL	41.60	-87.54
Calumet Park	IL	41.67	-87.66
Camargo	IL	39.80	-88.17
Cambria	IL	37.78	-89.12
Cambridge	IL	41.29	-90.19
Camden	IL	40.15	-90.77
Cameron	IL	40.89	-90.52
Camp Point	IL	40.04	-91.06
Campbell Hill	IL	37.93	-89.55
Campbell's Island	IL	41.54	-90.43
Campton Hills	IL	41.95	-88.42
Campus	IL	41.02	-88.31
Candlewick Lake	IL	42.35	-88.87
Canton	IL	40.56	-90.04
Cantrall	IL	39.94	-89.68
Capron	IL	42.40	-88.74
Carbon Cliff	IL	41.50	-90.39
Carbon Hill	IL	41.30	-88.30
Carbondale	IL	37.72	-89.22
Carlinville	IL	39.28	-89.88
Carlock	IL	40.58	-89.13
Carlyle	IL	38.62	-89.38
Carman	IL	40.74	-91.06
Carmi	IL	38.09	-88.17
Carol Stream	IL	41.92	-88.13
Carpentersville	IL	42.12	-88.29
Carrier Mills	IL	37.69	-88.63
Carrollton	IL	39.29	-90.41
Carterville	IL	37.76	-89.08
Carthage	IL	40.41	-91.13
Cary	IL	42.21	-88.25
Casey	IL	39.31	-87.99
Caseyville	IL	38.63	-90.03
Catlin	IL	40.07	-87.71
Cave-In-Rock	IL	37.47	-88.17
Cedar Point	IL	41.27	-89.13
Cedarville	IL	42.38	-89.64
Central City	IL	38.55	-89.13
Centralia	IL	38.52	-89.12
Cerro Gordo	IL	39.89	-88.73
Chadwick	IL	42.01	-89.89
Champaign	IL	40.11	-88.27
Chandlerville	IL	40.05	-90.15
Channahon	IL	41.43	-88.27
Channel Lake	IL	42.48	-88.15
Chapin	IL	39.77	-90.40
Charleston	IL	39.48	-88.18
Chatham	IL	39.67	-89.69
Chatsworth	IL	40.72	-88.30
Chebanse	IL	41.01	-87.91
Chemung	IL	42.42	-88.66
Chenoa	IL	40.74	-88.73
Cherry	IL	41.43	-89.21
Cherry Valley	IL	42.24	-88.98
Chester	IL	37.93	-89.83
Chesterfield	IL	39.26	-90.07
Chestnut	IL	40.05	-89.19
Chicago	IL	41.84	-87.68
Chicago Heights	IL	41.51	-87.63
Chicago Ridge	IL	41.70	-87.78
Chillicothe	IL	40.92	-89.50
Chrisman	IL	39.80	-87.67
Christopher	IL	37.97	-89.05
Cicero	IL	41.84	-87.76
Cisco	IL	40.01	-88.73
Cisne	IL	38.51	-88.44
Cissna Park	IL	40.57	-87.89
Claremont	IL	38.72	-87.97
Clarendon Hills	IL	41.80	-87.96
Clay City	IL	38.69	-88.35
Clayton	IL	40.03	-90.96
Cleveland	IL	41.50	-90.32
Clifton	IL	40.93	-87.93
Clinton	IL	40.15	-88.96
Coal City	IL	41.28	-88.28
Coal Valley	IL	41.44	-90.44
Coalton	IL	39.28	-89.30
Coatsburg	IL	40.03	-91.16
Cobden	IL	37.53	-89.25
Coffeen	IL	39.09	-89.39
Colchester	IL	40.43	-90.79
Coleta	IL	41.90	-89.80
Colfax	IL	40.57	-88.62
Collinsville	IL	38.68	-90.01
Colona	IL	41.47	-90.33
Colp	IL	37.81	-89.08
Columbia	IL	38.46	-90.22
Columbus	IL	39.99	-91.14
Como	IL	41.77	-89.77
Compton	IL	41.69	-89.09
Concord	IL	39.82	-90.37
Congerville	IL	40.62	-89.20
Cooksville	IL	40.54	-88.71
Coral	IL	42.22	-88.57
Cordova	IL	41.68	-90.32
Cornell	IL	40.99	-88.73
Cornland	IL	39.94	-89.40
Cortland	IL	41.94	-88.69
Coulterville	IL	38.19	-89.60
Country Club Hills	IL	41.56	-87.73
Countryside	IL	41.77	-87.88
Cowden	IL	39.25	-88.86
Coyne Center	IL	41.40	-90.56
Crab Orchard	IL	37.72	-88.81
Crainville	IL	37.75	-89.06
Creal Springs	IL	37.62	-88.84
Crescent City	IL	40.77	-87.86
Crest Hill	IL	41.57	-88.11
Creston	IL	41.93	-88.97
Crestwood	IL	41.65	-87.74
Crete	IL	41.44	-87.62
Creve Coeur	IL	40.64	-89.60
Crossville	IL	38.16	-88.06
Crystal Lake	IL	42.23	-88.33
Crystal Lawns	IL	41.57	-88.16
Cuba	IL	40.49	-90.19
Cullom	IL	40.88	-88.27
Curran	IL	39.74	-89.78
Custer Park	IL	41.24	-88.13
Cutler	IL	38.03	-89.57
Cypress	IL	37.37	-89.02
Dahlgren	IL	38.20	-88.68
Dakota	IL	42.39	-89.53
Dallas City	IL	40.64	-91.16
Dalton City	IL	39.72	-88.81
Dalzell	IL	41.36	-89.17
Damiansville	IL	38.51	-89.62
Dana	IL	40.96	-88.95
Danforth	IL	40.82	-87.98
Danvers	IL	40.53	-89.18
Danville	IL	40.14	-87.61
Darien	IL	41.75	-87.98
Darmstadt	IL	38.32	-89.73
Davis	IL	42.42	-89.41
Davis Junction	IL	42.11	-89.09
Dawson	IL	39.85	-89.46
Dayton	IL	41.39	-88.80
De Land	IL	40.12	-88.64
De Pue	IL	41.33	-89.30
De Soto	IL	37.82	-89.23
De Witt	IL	40.18	-88.79
DeKalb	IL	41.93	-88.75
Decatur	IL	39.86	-88.93
Deer Creek	IL	40.63	-89.33
Deer Grove	IL	41.61	-89.69
Deer Park	IL	42.17	-88.09
Deerfield	IL	42.17	-87.85
Delavan	IL	40.37	-89.55
Des Plaines	IL	42.03	-87.90
Detroit	IL	39.62	-90.68
Dewey	IL	40.32	-88.28
Diamond	IL	41.29	-88.25
Dieterich	IL	39.06	-88.38
Divernon	IL	39.57	-89.65
Dix	IL	38.44	-88.95
Dixmoor	IL	41.63	-87.67
Dixon	IL	41.84	-89.48
Dolton	IL	41.63	-87.60
Dongola	IL	37.36	-89.16
Donnellson	IL	39.03	-89.48
Donovan	IL	40.88	-87.61
Dorchester	IL	39.09	-89.89
Dover	IL	41.43	-89.40
Dowell	IL	37.94	-89.24
Downers Grove	IL	41.80	-88.02
Downs	IL	40.40	-88.89
Du Bois	IL	38.22	-89.21
Du Quoin	IL	38.00	-89.23
Dundas	IL	38.83	-88.09
Dunfermline	IL	40.49	-90.03
Dunlap	IL	40.85	-89.68
Dupo	IL	38.52	-90.22
Durand	IL	42.43	-89.33
Dwight	IL	41.10	-88.42
Eagarville	IL	39.11	-89.78
Eagle Lake	IL	41.37	-87.56
Earlville	IL	41.59	-88.92
East Alton	IL	38.88	-90.11
East Brooklyn	IL	41.17	-88.27
East Cape Girardeau	IL	37.29	-89.48
East Carondelet	IL	38.54	-90.24
East Dubuque	IL	42.49	-90.62
East Dundee	IL	42.10	-88.25
East Galesburg	IL	40.94	-90.31
East Gillespie	IL	39.14	-89.81
East Hazel Crest	IL	41.58	-87.65
East Lynn	IL	40.47	-87.80
East Moline	IL	41.52	-90.39
East Peoria	IL	40.67	-89.54
East St. Louis	IL	38.62	-90.13
Easton	IL	40.23	-89.84
Eddyville	IL	37.50	-88.59
Edgewood	IL	38.92	-88.66
Edgington	IL	41.39	-90.76
Edinburg	IL	39.66	-89.39
Edwardsville	IL	38.79	-89.99
Effingham	IL	39.12	-88.55
El Dara	IL	39.62	-90.99
El Paso	IL	40.74	-89.02
Elburn	IL	41.89	-88.46
Eldorado	IL	37.81	-88.44
Eldred	IL	39.29	-90.55
Elgin	IL	42.04	-88.33
Eliza	IL	41.29	-90.97
Elizabeth	IL	42.32	-90.22
Elizabethtown	IL	37.45	-88.30
Elk Grove Village	IL	42.00	-87.99
Elkhart	IL	40.01	-89.48
Elkville	IL	37.91	-89.24
Elliott	IL	40.47	-88.28
Ellis Grove	IL	38.01	-89.91
Ellisville	IL	40.63	-90.31
Ellsworth	IL	40.45	-88.72
Elmhurst	IL	41.90	-87.94
Elmwood	IL	40.78	-89.97
Elmwood Park	IL	41.92	-87.82
Elsah	IL	38.95	-90.36
Elvaston	IL	40.40	-91.25
Elwin	IL	39.78	-88.98
Elwood	IL	41.42	-88.12
Emden	IL	40.30	-89.49
Emington	IL	40.97	-88.36
Energy	IL	37.77	-89.02
Enfield	IL	38.10	-88.34
Equality	IL	37.74	-88.34
Erie	IL	41.66	-90.08
Essex	IL	41.18	-88.19
Eureka	IL	40.71	-89.28
Evanston	IL	42.05	-87.69
Evansville	IL	38.09	-89.93
Evergreen Park	IL	41.72	-87.70
Ewing	IL	38.09	-88.85
Exeter	IL	39.72	-90.50
Fairbury	IL	40.75	-88.52
Fairfield	IL	38.38	-88.37
Fairmont	IL	41.56	-88.06
Fairmont City	IL	38.65	-90.10
Fairmount	IL	40.05	-87.83
Fairview	IL	40.65	-90.18
Fairview Heights	IL	38.60	-90.00
Fall Creek	IL	39.78	-91.30
Farina	IL	38.83	-88.78
Farmer City	IL	40.25	-88.64
Farmersville	IL	39.44	-89.65
Farmington	IL	40.70	-90.00
Fayetteville	IL	38.38	-89.80
Ferris	IL	40.47	-91.17
Fidelity	IL	39.15	-90.16
Fieldon	IL	39.11	-90.50
Fillmore	IL	39.11	-89.28
Findlay	IL	39.52	-88.75
Fisher	IL	40.32	-88.35
Fithian	IL	40.11	-87.87
Flanagan	IL	40.88	-88.86
Flat Rock	IL	38.90	-87.67
Flora	IL	38.67	-88.47
Floraville	IL	38.38	-90.06
Florence	IL	39.63	-90.61
Flossmoor	IL	41.54	-87.69
Foosland	IL	40.36	-88.43
Ford Heights	IL	41.51	-87.58
Forest City	IL	40.37	-89.83
Forest Lake	IL	42.21	-88.05
Forest Park	IL	41.87	-87.82
Forest View	IL	41.81	-87.77
Forrest	IL	40.75	-88.41
Forreston	IL	42.13	-89.58
Forsyth	IL	39.93	-88.96
Fowler	IL	40.01	-91.26
Fox Lake	IL	42.43	-88.18
Fox Lake Hills	IL	42.41	-88.13
Fox River Grove	IL	42.20	-88.21
Frankfort	IL	41.51	-87.87
Frankfort Square	IL	41.52	-87.80
Franklin	IL	39.62	-90.05
Franklin Grove	IL	41.84	-89.30
Franklin Park	IL	41.94	-87.88
Franklinville	IL	42.28	-88.52
Freeburg	IL	38.44	-89.92
Freeman Spur	IL	37.86	-89.00
Freeport	IL	42.29	-89.63
Fulton	IL	41.87	-90.16
Fults	IL	38.16	-90.21
Gages Lake	IL	42.35	-87.98
Galatia	IL	37.84	-88.62
Galena	IL	42.42	-90.43
Galesburg	IL	40.95	-90.38
Galt	IL	41.79	-89.75
Galva	IL	41.17	-90.04
Garden Prairie	IL	42.25	-88.71
Gardner	IL	41.19	-88.31
Garrett	IL	39.80	-88.42
Gays	IL	39.46	-88.50
Geneseo	IL	41.45	-90.15
Geneva	IL	41.88	-88.33
Genoa	IL	42.09	-88.69
Georgetown	IL	39.98	-87.64
German Valley	IL	42.21	-89.48
Germantown	IL	38.56	-89.54
Germantown Hills	IL	40.77	-89.47
Gibson City	IL	40.47	-88.38
Gifford	IL	40.31	-88.02
Gilberts	IL	42.11	-88.37
Gillespie	IL	39.13	-89.82
Gilman	IL	40.76	-88.00
Gilson	IL	40.86	-90.20
Girard	IL	39.45	-89.78
Gladstone	IL	40.86	-90.96
Glasford	IL	40.57	-89.81
Glasgow	IL	39.55	-90.48
Glen Carbon	IL	38.76	-89.98
Glen Ellyn	IL	41.87	-88.06
Glencoe	IL	42.13	-87.76
Glendale Heights	IL	41.92	-88.08
Glenview	IL	42.09	-87.83
Glenwood	IL	41.54	-87.61
Godfrey	IL	38.95	-90.22
Godley	IL	41.24	-88.24
Golconda	IL	37.36	-88.49
Golden	IL	40.11	-91.02
Golden Gate	IL	38.36	-88.20
Golf	IL	42.06	-87.78
Good Hope	IL	40.56	-90.68
Goodenow	IL	41.39	-87.64
Goodfield	IL	40.63	-89.26
Goofy Ridge	IL	40.39	-89.94
Goreville	IL	37.56	-88.97
Gorham	IL	37.72	-89.48
Grafton	IL	38.98	-90.43
Grand Detour	IL	41.90	-89.41
Grand Ridge	IL	41.24	-88.83
Grand Tower	IL	37.64	-89.51
Grandview	IL	39.82	-89.62
Grandwood Park	IL	42.39	-87.99
Granite City	IL	38.73	-90.13
Grant Park	IL	41.24	-87.64
Grantfork	IL	38.83	-89.67
Granville	IL	41.27	-89.23
Grayslake	IL	42.34	-88.03
Grayville	IL	38.26	-88.00
Green Oaks	IL	42.30	-87.91
Green Valley	IL	40.41	-89.64
Greenfield	IL	39.34	-90.21
Greenup	IL	39.25	-88.16
Greenview	IL	40.08	-89.74
Greenville	IL	38.89	-89.39
Greenwood	IL	42.40	-88.38
Gridley	IL	40.74	-88.88
Griggsville	IL	39.71	-90.73
Gulfport	IL	40.81	-91.08
Gurnee	IL	42.37	-87.94
Hainesville	IL	42.34	-88.07
Hamburg	IL	39.23	-90.72
Hamel	IL	38.89	-89.84
Hamilton	IL	40.39	-91.36
Hamlet	IL	41.31	-90.73
Hammond	IL	39.80	-88.59
Hampshire	IL	42.12	-88.51
Hampton	IL	41.56	-90.40
Hanaford	IL	37.96	-88.83
Hanna City	IL	40.69	-89.81
Hanover	IL	42.26	-90.27
Hanover Park	IL	41.98	-88.14
Hardin	IL	39.16	-90.62
Harding	IL	41.52	-88.85
Harmon	IL	41.72	-89.55
Harmony	IL	42.16	-88.53
Harrisburg	IL	37.74	-88.55
Harrison	IL	37.80	-89.34
Harristown	IL	39.84	-89.06
Hartford	IL	38.81	-90.09
Hartland	IL	42.36	-88.51
Hartsburg	IL	40.25	-89.44
Harvard	IL	42.43	-88.62
Harvel	IL	39.36	-89.53
Harvey	IL	41.61	-87.65
Harwood Heights	IL	41.97	-87.81
Havana	IL	40.30	-90.06
Hawthorn Woods	IL	42.24	-88.07
Hazel Crest	IL	41.57	-87.69
Hebron	IL	42.47	-88.43
Hecker	IL	38.30	-89.99
Henderson	IL	41.02	-90.35
Hennepin	IL	41.25	-89.31
Henning	IL	40.31	-87.70
Henry	IL	41.12	-89.36
Heritage Lake	IL	40.55	-89.33
Herrick	IL	39.22	-88.98
Herrin	IL	37.80	-89.03
Herscher	IL	41.05	-88.10
Hettick	IL	39.36	-90.04
Heyworth	IL	40.31	-88.99
Hickory Hills	IL	41.72	-87.83
Hidalgo	IL	39.16	-88.15
Highland	IL	38.77	-89.69
Highland Park	IL	42.18	-87.81
Highwood	IL	42.21	-87.81
Hillcrest	IL	41.97	-89.06
Hillsboro	IL	39.18	-89.47
Hillsdale	IL	41.61	-90.17
Hillside	IL	41.87	-87.90
Hillview	IL	39.45	-90.54
Hinckley	IL	41.77	-88.64
Hindsboro	IL	39.68	-88.13
Hinsdale	IL	41.80	-87.93
Hodgkins	IL	41.77	-87.86
Hoffman	IL	38.54	-89.26
Hoffman Estates	IL	42.07	-88.15
Holcomb	IL	42.06	-89.10
Holiday Hills	IL	42.30	-88.23
Holiday Shores	IL	38.93	-89.94
Hollowayville	IL	41.36	-89.30
Homer	IL	40.03	-87.96
Homer Glen	IL	41.61	-87.95
Hometown	IL	41.73	-87.73
Homewood	IL	41.56	-87.66
Hoopeston	IL	40.46	-87.66
Hooppole	IL	41.52	-89.91
Hopedale	IL	40.42	-89.42
Hopewell	IL	40.98	-89.46
Hopkins Park	IL	41.07	-87.61
Hoyleton	IL	38.45	-89.27
Hudson	IL	40.61	-88.99
Huey	IL	38.61	-89.29
Hull	IL	39.71	-91.20
Humboldt	IL	39.60	-88.32
Hume	IL	39.80	-87.87
Huntley	IL	42.16	-88.44
Hurst	IL	37.84	-89.15
Hutsonville	IL	39.11	-87.66
Illinois City	IL	41.40	-90.90
Illiopolis	IL	39.85	-89.25
Ina	IL	38.15	-88.90
Indian Creek	IL	42.23	-87.98
Indian Head Park	IL	41.77	-87.90
Indianola	IL	39.93	-87.74
Industry	IL	40.33	-90.61
Ingalls Park	IL	41.52	-88.03
Inverness	IL	42.12	-88.10
Iola	IL	38.83	-88.63
Ipava	IL	40.35	-90.32
Iroquois	IL	40.83	-87.58
Irving	IL	39.21	-89.41
Irvington	IL	38.44	-89.16
Irwin	IL	41.05	-87.98
Island Lake	IL	42.28	-88.20
Itasca	IL	41.98	-88.02
Iuka	IL	38.62	-88.79
Ivesdale	IL	39.95	-88.46
Jacksonville	IL	39.73	-90.23
Janesville	IL	39.38	-88.24
Jeffersonville	IL	38.44	-88.40
Jeisyville	IL	39.58	-89.41
Jerome	IL	39.77	-89.68
Jerseyville	IL	39.12	-90.33
Jewett	IL	39.21	-88.24
Johnsburg	IL	42.38	-88.25
Johnsonville	IL	38.52	-88.54
Johnston City	IL	37.82	-88.93
Joliet	IL	41.52	-88.15
Jonesboro	IL	37.45	-89.27
Joppa	IL	37.21	-88.85
Joslin	IL	41.54	-90.22
Joy	IL	41.20	-90.88
Junction	IL	37.72	-88.24
Junction City	IL	38.58	-89.13
Justice	IL	41.75	-87.83
Kampsville	IL	39.30	-90.61
Kane	IL	39.19	-90.35
Kaneville	IL	41.83	-88.52
Kangley	IL	41.15	-88.87
Kankakee	IL	41.10	-87.86
Kansas	IL	39.55	-87.94
Kappa	IL	40.68	-89.01
Karnak	IL	37.29	-88.98
Kaskaskia	IL	37.92	-89.92
Keenes	IL	38.34	-88.64
Keensburg	IL	38.35	-87.87
Keithsburg	IL	41.10	-90.94
Kell	IL	38.49	-88.90
Kempton	IL	40.94	-88.24
Kenilworth	IL	42.09	-87.71
Kenney	IL	40.10	-89.09
Kewanee	IL	41.24	-89.93
Keyesport	IL	38.75	-89.27
Kilbourne	IL	40.15	-90.01
Kildeer	IL	42.18	-88.05
Kincaid	IL	39.59	-89.42
Kinderhook	IL	39.70	-91.15
Kings	IL	42.00	-89.11
Kingston	IL	42.10	-88.76
Kingston Mines	IL	40.56	-89.77
Kinmundy	IL	38.77	-88.85
Kinsman	IL	41.19	-88.57
Kirkland	IL	42.09	-88.85
Kirkwood	IL	40.87	-90.75
Knollwood	IL	42.28	-87.88
Knoxville	IL	40.91	-90.29
La Clede	IL	38.88	-88.71
La Fayette	IL	41.11	-89.97
La Grange	IL	41.81	-87.87
La Grange Park	IL	41.83	-87.87
La Harpe	IL	40.58	-90.97
La Moille	IL	41.53	-89.28
La Prairie	IL	40.15	-91.00
La Rose	IL	40.98	-89.23
LaPlace	IL	39.80	-88.71
LaSalle	IL	41.34	-89.10
Lacon	IL	41.02	-89.41
Ladd	IL	41.38	-89.21
Lake Barrington	IL	42.21	-88.17
Lake Bluff	IL	42.28	-87.85
Lake Camelot	IL	40.64	-89.75
Lake Carroll	IL	42.17	-89.86
Lake Catherine	IL	42.48	-88.13
Lake City	IL	39.75	-88.72
Lake Forest	IL	42.24	-87.86
Lake Holiday	IL	41.62	-88.66
Lake Ka-Ho	IL	39.10	-89.75
Lake Petersburg	IL	39.98	-89.86
Lake Summerset	IL	42.45	-89.39
Lake Villa	IL	42.42	-88.08
Lake Zurich	IL	42.20	-88.09
Lake in the Hills	IL	42.18	-88.32
Lake of the Woods	IL	40.21	-88.37
Lakemoor	IL	42.34	-88.20
Lakewood	IL	42.22	-88.39
Lakewood Shores	IL	41.28	-88.14
Lanark	IL	42.10	-89.83
Lane	IL	40.12	-88.86
Langleyville	IL	39.56	-89.36
Lansing	IL	41.57	-87.55
Latham	IL	39.97	-89.16
Lawrence	IL	42.44	-88.64
Lawrenceville	IL	38.73	-87.69
Le Roy	IL	40.34	-88.76
Leaf River	IL	42.12	-89.40
Lebanon	IL	38.60	-89.81
Lee	IL	41.80	-88.94
Lee Center	IL	41.75	-89.28
Leland	IL	41.62	-88.80
Leland Grove	IL	39.78	-89.68
Lemont	IL	41.67	-87.98
Lena	IL	42.38	-89.82
Lenzburg	IL	38.29	-89.82
Leonore	IL	41.19	-88.98
Lerna	IL	39.42	-88.29
Lewistown	IL	40.40	-90.16
Lexington	IL	40.65	-88.78
Liberty	IL	39.88	-91.11
Libertyville	IL	42.28	-87.97
Lily Lake	IL	41.96	-88.47
Lima	IL	40.18	-91.38
Limestone	IL	41.15	-87.96
Lincoln	IL	40.15	-89.37
Lincolnshire	IL	42.20	-87.92
Lincolnwood	IL	42.01	-87.73
Lindenhurst	IL	42.42	-88.03
Lisbon	IL	41.48	-88.46
Lisle	IL	41.79	-88.09
Litchfield	IL	39.18	-89.67
Literberry	IL	39.85	-90.20
Little York	IL	41.01	-90.75
Littleton	IL	40.23	-90.62
Liverpool	IL	40.39	-90.00
Livingston	IL	38.97	-89.76
Loami	IL	39.67	-89.85
Lockport	IL	41.59	-88.03
Lockport Heights	IL	41.62	-88.02
Loda	IL	40.51	-88.08
Lomax	IL	40.68	-91.08
Lombard	IL	41.87	-88.02
London Mills	IL	40.71	-90.27
Long Creek	IL	39.81	-88.85
Long Grove	IL	42.20	-88.01
Long Lake	IL	42.37	-88.13
Long Point	IL	41.01	-88.89
Longview	IL	39.89	-88.07
Loraine	IL	40.15	-91.22
Lorenzo	IL	41.35	-88.22
Lost Nation	IL	41.91	-89.37
Lostant	IL	41.13	-89.07
Louisville	IL	38.77	-88.51
Loves Park	IL	42.34	-89.00
Lovington	IL	39.72	-88.63
Lowpoint	IL	40.87	-89.31
Ludlow	IL	40.39	-88.13
Lyndon	IL	41.72	-89.92
Lynn Center	IL	41.29	-90.36
Lynnville	IL	39.69	-90.35
Lynwood	IL	41.52	-87.55
Lyons	IL	41.81	-87.82
Macedonia	IL	38.05	-88.70
Machesney Park	IL	42.37	-89.02
Mackinaw	IL	40.53	-89.36
Macomb	IL	40.47	-90.68
Macon	IL	39.71	-89.00
Madison	IL	38.69	-90.10
Maeystown	IL	38.23	-90.23
Magnolia	IL	41.11	-89.20
Mahomet	IL	40.19	-88.39
Makanda	IL	37.62	-89.24
Malden	IL	41.42	-89.37
Malta	IL	41.93	-88.87
Manchester	IL	39.54	-90.33
Manhattan	IL	41.42	-87.98
Manito	IL	40.42	-89.78
Manlius	IL	41.46	-89.67
Mansfield	IL	40.21	-88.51
Manteno	IL	41.25	-87.84
Maple Park	IL	41.91	-88.61
Mapleton	IL	40.57	-89.72
Maquon	IL	40.80	-90.16
Marcelline	IL	40.12	-91.37
Marengo	IL	42.25	-88.60
Marietta	IL	40.50	-90.39
Marine	IL	38.79	-89.78
Marion	IL	37.73	-88.94
Marissa	IL	38.25	-89.77
Mark	IL	41.26	-89.26
Markham	IL	41.60	-87.69
Marley	IL	41.55	-87.93
Maroa	IL	40.04	-88.96
Marquette Heights	IL	40.62	-89.60
Marseilles	IL	41.28	-88.68
Marshall	IL	39.40	-87.69
Martinsville	IL	39.34	-87.88
Martinton	IL	40.92	-87.73
Maryville	IL	38.73	-89.97
Mascoutah	IL	38.52	-89.80
Mason	IL	38.95	-88.63
Mason City	IL	40.20	-89.70
Matherville	IL	41.26	-90.61
Matteson	IL	41.51	-87.75
Mattoon	IL	39.48	-88.36
Maunie	IL	38.04	-88.05
Maywood	IL	41.88	-87.84
Mazon	IL	41.24	-88.42
McClure	IL	37.31	-89.43
McCook	IL	41.80	-87.84
McCullom Lake	IL	42.37	-88.30
McHenry	IL	42.34	-88.29
McLean	IL	40.31	-89.17
McLeansboro	IL	38.09	-88.54
McNabb	IL	41.18	-89.21
Mechanicsburg	IL	39.80	-89.41
Media	IL	40.77	-90.83
Medora	IL	39.18	-90.14
Melrose Park	IL	41.90	-87.86
Melvin	IL	40.57	-88.25
Mendon	IL	40.09	-91.29
Mendota	IL	41.56	-89.10
Menominee	IL	42.47	-90.54
Meredosia	IL	39.83	-90.56
Merrionette Park	IL	41.68	-87.70
Merritt	IL	39.71	-90.42
Metamora	IL	40.79	-89.37
Metcalf	IL	39.80	-87.81
Metropolis	IL	37.15	-88.69
Mettawa	IL	42.24	-87.92
Meyer	IL	40.15	-91.50
Middletown	IL	40.10	-89.59
Midlothian	IL	41.63	-87.72
Milan	IL	41.44	-90.56
Milford	IL	40.63	-87.70
Mill Creek	IL	37.34	-89.25
Mill Shoals	IL	38.25	-88.35
Millbrook	IL	41.61	-88.55
Milledgeville	IL	41.96	-89.77
Millersburg	IL	41.24	-90.82
Millington	IL	41.56	-88.60
Millstadt	IL	38.46	-90.09
Milton	IL	39.56	-90.65
Mineral	IL	41.38	-89.84
Minier	IL	40.43	-89.31
Minonk	IL	40.91	-89.04
Minooka	IL	41.45	-88.28
Mitchell	IL	38.76	-90.08
Modesto	IL	39.48	-89.98
Mokena	IL	41.53	-87.88
Moline	IL	41.48	-90.49
Momence	IL	41.16	-87.66
Monee	IL	41.42	-87.75
Monmouth	IL	40.91	-90.64
Monroe Center	IL	42.10	-88.99
Montgomery	IL	41.72	-88.36
Monticello	IL	40.03	-88.57
Montrose	IL	39.17	-88.38
Moro	IL	38.93	-90.03
Morris	IL	41.38	-88.42
Morrison	IL	41.81	-89.96
Morrisonville	IL	39.42	-89.46
Morton	IL	40.61	-89.47
Morton Grove	IL	42.04	-87.79
Mossville	IL	40.82	-89.57
Mound City	IL	37.09	-89.16
Mound Station	IL	40.01	-90.87
Mounds	IL	37.12	-89.20
Mount Auburn	IL	39.77	-89.26
Mount Carmel	IL	38.42	-87.77
Mount Carroll	IL	42.09	-89.98
Mount Clare	IL	39.10	-89.83
Mount Erie	IL	38.51	-88.23
Mount Morris	IL	42.05	-89.43
Mount Olive	IL	39.07	-89.73
Mount Prospect	IL	42.06	-87.94
Mount Pulaski	IL	40.01	-89.28
Mount Sterling	IL	39.99	-90.76
Mount Vernon	IL	38.31	-88.92
Mount Zion	IL	39.78	-88.89
Moweaqua	IL	39.63	-89.02
Muddy	IL	37.77	-88.51
Mulberry Grove	IL	38.93	-89.26
Mulkeytown	IL	37.97	-89.11
Muncie	IL	40.12	-87.84
Mundelein	IL	42.27	-88.01
Murphysboro	IL	37.77	-89.33
Murrayville	IL	39.58	-90.25
Nachusa	IL	41.83	-89.39
Naperville	IL	41.75	-88.16
Naplate	IL	41.33	-88.88
Naples	IL	39.75	-90.61
Nashville	IL	38.35	-89.38
Nason	IL	38.18	-88.97
Nauvoo	IL	40.54	-91.38
Nebo	IL	39.44	-90.79
Nekoma	IL	41.17	-90.19
Nelson	IL	41.80	-89.61
Neoga	IL	39.32	-88.45
Neponset	IL	41.30	-89.79
New Athens	IL	38.32	-89.87
New Baden	IL	38.54	-89.71
New Bedford	IL	41.51	-89.72
New Berlin	IL	39.73	-89.91
New Boston	IL	41.17	-91.00
New Burnside	IL	37.58	-88.77
New Canton	IL	39.64	-91.10
New Douglas	IL	38.97	-89.67
New Grand Chain	IL	37.26	-89.02
New Haven	IL	37.90	-88.13
New Holland	IL	40.18	-89.58
New Lenox	IL	41.51	-87.97
New Milford	IL	42.17	-89.07
New Minden	IL	38.44	-89.37
New Salem	IL	39.71	-90.85
Newark	IL	41.54	-88.58
Newman	IL	39.80	-87.99
Newton	IL	38.99	-88.16
Niantic	IL	39.85	-89.17
Niles	IL	42.03	-87.81
Nilwood	IL	39.40	-89.81
Niota	IL	40.61	-91.29
Noble	IL	38.70	-88.22
Nokomis	IL	39.30	-89.29
Nora	IL	42.46	-89.95
Normal	IL	40.52	-88.99
Norridge	IL	41.96	-87.82
Norris	IL	40.63	-90.03
Norris City	IL	37.98	-88.33
North Aurora	IL	41.81	-88.34
North Barrington	IL	42.21	-88.13
North Chicago	IL	42.32	-87.86
North City	IL	37.99	-89.06
North Henderson	IL	41.09	-90.47
North Pekin	IL	40.61	-89.63
North Riverside	IL	41.85	-87.83
North Utica	IL	41.35	-89.02
Northbrook	IL	42.13	-87.84
Northfield	IL	42.10	-87.78
Northlake	IL	41.91	-87.91
Norwood	IL	40.71	-89.70
O'Fallon	IL	38.60	-89.92
Oak Brook	IL	41.84	-87.95
Oak Forest	IL	41.61	-87.75
Oak Grove	IL	41.41	-90.57
Oak Lawn	IL	41.71	-87.75
Oak Park	IL	41.89	-87.79
Oak Run	IL	40.96	-90.13
Oakbrook Terrace	IL	41.85	-87.97
Oakdale	IL	38.26	-89.50
Oakford	IL	40.10	-89.97
Oakland	IL	39.66	-88.03
Oakwood	IL	40.11	-87.78
Oakwood Hills	IL	42.25	-88.24
Oblong	IL	39.00	-87.91
Oconee	IL	39.29	-89.11
Odell	IL	41.00	-88.52
Odin	IL	38.62	-89.05
Ogden	IL	40.12	-87.96
Oglesby	IL	41.29	-89.07
Ohio	IL	41.55	-89.46
Ohlman	IL	39.34	-89.22
Okawville	IL	38.43	-89.55
Old Mill Creek	IL	42.43	-87.98
Old Ripley	IL	38.89	-89.57
Old Shawneetown	IL	37.70	-88.14
Olive Branch	IL	37.18	-89.35
Olivet	IL	39.95	-87.64
Olmsted	IL	37.18	-89.08
Olney	IL	38.73	-88.08
Olympia Fields	IL	41.52	-87.69
Omaha	IL	37.89	-88.31
Onarga	IL	40.72	-88.01
Oneida	IL	41.07	-90.22
Opdyke	IL	38.26	-88.79
Ophiem	IL	41.25	-90.38
Oquawka	IL	40.94	-90.95
Orangeville	IL	42.47	-89.65
Oreana	IL	39.94	-88.87
Oregon	IL	42.01	-89.34
Orient	IL	37.92	-88.98
Orion	IL	41.35	-90.38
Orland Hills	IL	41.59	-87.84
Orland Park	IL	41.61	-87.86
Osco	IL	41.35	-90.28
Oswego	IL	41.68	-88.34
Ottawa	IL	41.35	-88.82
Otterville	IL	39.05	-90.40
Owaneco	IL	39.48	-89.19
Oxville	IL	39.71	-90.56
Paderborn	IL	38.36	-90.05
Palatine	IL	42.12	-88.04
Palestine	IL	39.00	-87.61
Palmer	IL	39.46	-89.41
Palmyra	IL	39.43	-90.00
Paloma	IL	40.02	-91.20
Palos Heights	IL	41.66	-87.80
Palos Hills	IL	41.70	-87.83
Palos Park	IL	41.67	-87.83
Pana	IL	39.39	-89.09
Panama	IL	39.03	-89.52
Panola	IL	40.78	-89.02
Papineau	IL	40.97	-87.72
Paris	IL	39.62	-87.69
Park City	IL	42.35	-87.89
Park Forest	IL	41.48	-87.69
Park Ridge	IL	42.01	-87.84
Parkersburg	IL	38.59	-88.06
Patoka	IL	38.75	-89.10
Paw Paw	IL	41.69	-88.98
Pawnee	IL	39.59	-89.58
Paxton	IL	40.46	-88.10
Payson	IL	39.82	-91.24
Pearl	IL	39.46	-90.62
Pearl City	IL	42.27	-89.83
Pecatonica	IL	42.31	-89.36
Pekin	IL	40.57	-89.63
Penfield	IL	40.30	-87.94
Peoria	IL	40.75	-89.62
Peoria Heights	IL	40.75	-89.57
Peotone	IL	41.33	-87.80
Percy	IL	38.01	-89.62
Perry	IL	39.78	-90.75
Peru	IL	41.35	-89.14
Pesotum	IL	39.91	-88.28
Petersburg	IL	40.01	-89.85
Phillipstown	IL	38.14	-88.02
Philo	IL	40.00	-88.16
Phoenix	IL	41.61	-87.63
Pierron	IL	38.78	-89.59
Pinckneyville	IL	38.09	-89.33
Pingree Grove	IL	42.09	-88.44
Piper City	IL	40.76	-88.19
Pistakee Highlands	IL	42.40	-88.21
Pittsburg	IL	37.78	-88.85
Pittsfield	IL	39.60	-90.81
Plainfield	IL	41.63	-88.25
Plainville	IL	39.78	-91.18
Plano	IL	41.68	-88.54
Plattville	IL	41.53	-88.38
Pleasant Hill	IL	39.44	-90.87
Pleasant Plains	IL	39.87	-89.92
Plum Valley	IL	41.46	-87.54
Plymouth	IL	40.29	-90.92
Pocahontas	IL	38.82	-89.54
Polo	IL	41.98	-89.58
Pontiac	IL	40.89	-88.64
Pontoon Beach	IL	38.72	-90.06
Pontoosuc	IL	40.63	-91.21
Poplar Grove	IL	42.35	-88.84
Port Barrington	IL	42.24	-88.20
Port Byron	IL	41.62	-90.33
Posen	IL	41.63	-87.69
Potomac	IL	40.31	-87.80
Prairie City	IL	40.62	-90.46
Prairie Grove	IL	42.27	-88.27
Prairie du Rocher	IL	38.08	-90.10
Prairietown	IL	38.97	-89.92
Preemption	IL	41.31	-90.58
Prestbury	IL	41.79	-88.42
Preston Heights	IL	41.50	-88.08
Princeton	IL	41.38	-89.46
Princeville	IL	40.93	-89.75
Prophetstown	IL	41.67	-89.93
Prospect Heights	IL	42.10	-87.93
Pulaski	IL	37.22	-89.21
Quincy	IL	39.93	-91.38
Radom	IL	38.28	-89.19
Raleigh	IL	37.82	-88.53
Ramsey	IL	39.15	-89.11
Rankin	IL	40.46	-87.90
Ransom	IL	41.16	-88.65
Rantoul	IL	40.30	-88.15
Rapids City	IL	41.58	-90.34
Raritan	IL	40.70	-90.83
Raymond	IL	39.32	-89.57
Red Bud	IL	38.21	-90.00
Reddick	IL	41.10	-88.25
Redmon	IL	39.64	-87.86
Rentchler	IL	38.49	-89.87
Rest Haven	IL	41.26	-88.13
Reynolds	IL	41.33	-90.67
Richfield	IL	39.81	-91.12
Richmond	IL	42.46	-88.31
Richton Park	IL	41.48	-87.74
Richview	IL	38.38	-89.18
Ridge Farm	IL	39.90	-87.65
Ridgefield	IL	42.27	-88.36
Ridgewood	IL	41.53	-88.04
Ridgway	IL	37.80	-88.26
Ridott	IL	42.30	-89.48
Riggston	IL	39.69	-90.42
Riley	IL	42.19	-88.63
Ringwood	IL	42.40	-88.30
Rio	IL	41.11	-90.40
Ripley	IL	40.03	-90.64
Ritchie	IL	41.26	-88.12
River Forest	IL	41.89	-87.82
River Grove	IL	41.92	-87.84
Riverdale	IL	41.64	-87.64
Riverside	IL	41.83	-87.82
Riverton	IL	39.85	-89.54
Riverwoods	IL	42.17	-87.89
Roanoke	IL	40.80	-89.20
Robbins	IL	41.64	-87.71
Roberts	IL	40.61	-88.18
Robinson	IL	39.01	-87.73
Rochelle	IL	41.92	-89.06
Rochester	IL	39.75	-89.57
Rock City	IL	42.41	-89.47
Rock Falls	IL	41.77	-89.69
Rock Island	IL	41.47	-90.58
Rock Island Arsenal	IL	41.52	-90.54
Rockbridge	IL	39.27	-90.21
Rockdale	IL	41.50	-88.12
Rockford	IL	42.26	-89.06
Rockport	IL	39.54	-91.01
Rockton	IL	42.45	-89.06
Rockwood	IL	37.84	-89.69
Rolling Meadows	IL	42.07	-88.03
Rome	IL	40.88	-89.51
Romeoville	IL	41.63	-88.10
Roodhouse	IL	39.48	-90.37
Roscoe	IL	42.43	-89.01
Rose Hill	IL	39.10	-88.15
Roselle	IL	41.98	-88.09
Rosemont	IL	41.99	-87.87
Roseville	IL	40.73	-90.66
Rosewood Heights	IL	38.89	-90.07
Rosiclare	IL	37.43	-88.35
Rossville	IL	40.38	-87.67
Round Lake	IL	42.34	-88.10
Round Lake Beach	IL	42.38	-88.08
Round Lake Heights	IL	42.38	-88.11
Round Lake Park	IL	42.34	-88.08
Roxana	IL	38.83	-90.05
Royal	IL	40.19	-87.97
Royal Lakes	IL	39.11	-89.96
Royalton	IL	37.88	-89.11
Ruma	IL	38.13	-90.00
Rushville	IL	40.12	-90.57
Russellville	IL	38.82	-87.53
Rutland	IL	40.98	-89.04
Sadorus	IL	39.97	-88.35
Sailor Springs	IL	38.76	-88.36
Salem	IL	38.63	-88.96
Sammons Point	IL	41.03	-87.86
San Jose	IL	40.31	-89.60
Sandoval	IL	38.61	-89.12
Sandwich	IL	41.65	-88.62
Sauget	IL	38.59	-90.15
Sauk Village	IL	41.49	-87.57
Saunemin	IL	40.89	-88.41
Savanna	IL	42.09	-90.14
Savoy	IL	40.06	-88.25
Sawyerville	IL	39.08	-89.80
Saybrook	IL	40.43	-88.53
Scales Mound	IL	42.47	-90.25
Schaumburg	IL	42.03	-88.08
Schiller Park	IL	41.96	-87.87
Schram City	IL	39.16	-89.47
Sciota	IL	40.56	-90.75
Scott AFB	IL	38.54	-89.85
Scottville	IL	39.48	-90.10
Seaton	IL	41.10	-90.80
Seatonville	IL	41.37	-89.27
Secor	IL	40.74	-89.14
Seneca	IL	41.30	-88.61
Serena	IL	41.49	-88.73
Sesser	IL	38.09	-89.05
Seymour	IL	40.11	-88.43
Shabbona	IL	41.76	-88.88
Shannon	IL	42.15	-89.74
Shawneetown	IL	37.72	-88.19
Sheffield	IL	41.36	-89.74
Shelbyville	IL	39.41	-88.80
Sheldon	IL	40.77	-87.57
Sheridan	IL	41.53	-88.68
Sherman	IL	39.89	-89.60
Sherrard	IL	41.31	-90.50
Shiloh	IL	38.55	-89.92
Shipman	IL	39.12	-90.05
Shirley	IL	40.41	-89.06
Shorewood	IL	41.52	-88.22
Shumway	IL	39.18	-88.65
Sibley	IL	40.59	-88.38
Sidell	IL	39.91	-87.82
Sidney	IL	40.03	-88.07
Sigel	IL	39.23	-88.49
Silvis	IL	41.50	-90.41
Simpson	IL	37.47	-88.76
Sims	IL	38.36	-88.54
Skokie	IL	42.04	-87.74
Sleepy Hollow	IL	42.09	-88.31
Smithboro	IL	38.89	-89.34
Smithfield	IL	40.47	-90.29
Smithton	IL	38.41	-89.99
Smithville	IL	40.66	-89.80
Solon Mills	IL	42.44	-88.28
Somonauk	IL	41.63	-88.69
Sorento	IL	39.00	-89.57
South Barrington	IL	42.09	-88.16
South Beloit	IL	42.48	-89.03
South Chicago Heights	IL	41.48	-87.64
South Elgin	IL	41.99	-88.31
South Holland	IL	41.60	-87.60
South Jacksonville	IL	39.70	-90.22
South Pekin	IL	40.50	-89.65
South Roxana	IL	38.81	-90.06
South Wilmington	IL	41.17	-88.28
Southern View	IL	39.75	-89.65
Sparland	IL	41.03	-89.44
Sparta	IL	38.14	-89.73
Spaulding	IL	39.87	-89.55
Spillertown	IL	37.77	-88.92
Spring Bay	IL	40.82	-89.53
Spring Grove	IL	42.45	-88.24
Spring Valley	IL	41.32	-89.18
Springerton	IL	38.18	-88.36
Springfield	IL	39.79	-89.64
St. Anne	IL	41.02	-87.72
St. Augustine	IL	40.72	-90.41
St. Charles	IL	41.92	-88.31
St. David	IL	40.49	-90.05
St. Elmo	IL	39.02	-88.85
St. Francisville	IL	38.59	-87.65
St. Jacob	IL	38.72	-89.76
St. Johns	IL	38.03	-89.24
St. Joseph	IL	40.11	-88.04
St. Libory	IL	38.36	-89.72
St. Peter	IL	38.87	-88.85
St. Rose	IL	38.68	-89.55
Standard	IL	41.26	-89.18
Standard City	IL	39.35	-89.78
Stanford	IL	40.43	-89.22
Staunton	IL	39.01	-89.79
Ste. Marie	IL	38.93	-88.03
Steeleville	IL	38.01	-89.66
Steger	IL	41.47	-87.62
Sterling	IL	41.80	-89.70
Steward	IL	41.85	-89.02
Stewardson	IL	39.26	-88.63
Stickney	IL	41.82	-87.77
Stillman Valley	IL	42.11	-89.18
Stockton	IL	42.35	-90.00
Stone Park	IL	41.90	-87.88
Stonefort	IL	37.62	-88.70
Stonington	IL	39.64	-89.19
Stoy	IL	39.00	-87.83
Strasburg	IL	39.35	-88.62
Strawn	IL	40.65	-88.40
Streamwood	IL	42.02	-88.18
Streator	IL	41.12	-88.83
Stronghurst	IL	40.75	-90.91
Sublette	IL	41.64	-89.23
Sugar Grove	IL	41.77	-88.45
Sullivan	IL	39.60	-88.61
Summerfield	IL	38.60	-89.75
Summit	IL	41.79	-87.81
Sumner	IL	38.72	-87.87
Sun River Terrace	IL	41.12	-87.73
Sunnyland	IL	41.57	-88.14
Swansea	IL	38.55	-89.99
Swedona	IL	41.28	-90.44
Sycamore	IL	42.00	-88.68
Symerton	IL	41.33	-88.05
Table Grove	IL	40.37	-90.43
Tallula	IL	39.95	-89.94
Tamaroa	IL	38.14	-89.23
Tamms	IL	37.24	-89.27
Tampico	IL	41.63	-89.79
Taylor Ridge	IL	41.39	-90.67
Taylor Springs	IL	39.13	-89.49
Taylorville	IL	39.56	-89.31
Tennessee	IL	40.41	-90.84
Teutopolis	IL	39.13	-88.48
Thawville	IL	40.67	-88.11
Thayer	IL	39.54	-89.76
The Galena Territory	IL	42.39	-90.32
Thebes	IL	37.21	-89.45
Third Lake	IL	42.37	-88.01
Thomasboro	IL	40.24	-88.19
Thompsonville	IL	37.91	-88.77
Thomson	IL	41.97	-90.11
Thornton	IL	41.57	-87.62
Tilden	IL	38.21	-89.68
Tilton	IL	40.09	-87.64
Timberlane	IL	42.34	-88.87
Tinley Park	IL	41.57	-87.80
Tiskilwa	IL	41.29	-89.51
Toledo	IL	39.27	-88.24
Tolono	IL	39.99	-88.26
Toluca	IL	41.00	-89.13
Tonica	IL	41.22	-89.07
Topeka	IL	40.33	-89.93
Toulon	IL	41.09	-89.86
Tovey	IL	39.59	-89.45
Towanda	IL	40.56	-88.90
Tower Hill	IL	39.39	-88.96
Tower Lakes	IL	42.23	-88.16
Tremont	IL	40.53	-89.49
Trenton	IL	38.61	-89.69
Trilla	IL	39.38	-88.35
Triumph	IL	41.50	-89.02
Trivoli	IL	40.70	-89.89
Trout Valley	IL	42.20	-88.25
Troy	IL	38.74	-89.88
Troy Grove	IL	41.47	-89.08
Tuscola	IL	39.80	-88.28
Twin Grove	IL	40.48	-89.10
Ullin	IL	37.28	-89.18
Union	IL	42.23	-88.54
Union Hill	IL	41.11	-88.15
Unity	IL	37.15	-89.27
University Park	IL	41.45	-87.71
Urbana	IL	40.11	-88.20
Ursa	IL	40.07	-91.37
Valier	IL	38.02	-89.04
Valley City	IL	39.71	-90.65
Valmeyer	IL	38.31	-90.30
Vandalia	IL	38.97	-89.11
Varna	IL	41.04	-89.22
Venedy	IL	38.40	-89.65
Venetian Village	IL	42.41	-88.05
Venice	IL	38.67	-90.17
Vergennes	IL	37.90	-89.34
Vermilion	IL	39.58	-87.59
Vermont	IL	40.30	-90.43
Vernon	IL	38.80	-89.09
Vernon Hills	IL	42.23	-87.96
Verona	IL	41.22	-88.50
Versailles	IL	39.88	-90.66
Victoria	IL	41.03	-90.09
Vienna	IL	37.41	-88.89
Villa Grove	IL	39.86	-88.16
Villa Park	IL	41.89	-87.98
Viola	IL	41.21	-90.59
Virden	IL	39.51	-89.77
Virgil	IL	41.96	-88.53
Virginia	IL	39.95	-90.21
Volo	IL	42.33	-88.16
Wadsworth	IL	42.45	-87.93
Waggoner	IL	39.38	-89.65
Walnut	IL	41.56	-89.59
Walnut Hill	IL	38.48	-89.04
Walshville	IL	39.07	-89.62
Waltonville	IL	38.22	-89.04
Wamac	IL	38.49	-89.15
Wapella	IL	40.22	-88.96
Warren	IL	42.49	-89.99
Warrensburg	IL	39.93	-89.06
Warrenville	IL	41.82	-88.19
Warsaw	IL	40.35	-91.43
Washburn	IL	40.92	-89.29
Washington	IL	40.71	-89.43
Washington Park	IL	38.63	-90.09
Wataga	IL	41.03	-90.28
Waterloo	IL	38.34	-90.15
Waterman	IL	41.77	-88.76
Watseka	IL	40.78	-87.73
Watson	IL	39.03	-88.57
Wauconda	IL	42.28	-88.14
Waukegan	IL	42.37	-87.87
Waverly	IL	39.59	-89.95
Wayne	IL	41.95	-88.25
Wayne City	IL	38.35	-88.59
Waynesville	IL	40.24	-89.12
Wedron	IL	41.44	-88.77
Weldon	IL	40.12	-88.75
Wellington	IL	40.54	-87.68
Wenona	IL	41.05	-89.05
Wenonah	IL	39.32	-89.29
West Brooklyn	IL	41.69	-89.15
West Chicago	IL	41.89	-88.22
West City	IL	38.00	-88.95
West Dundee	IL	42.11	-88.34
West Frankfort	IL	37.90	-88.93
West Liberty	IL	38.85	-88.09
West Peoria	IL	40.70	-89.64
West Point	IL	40.26	-91.18
West Salem	IL	38.52	-88.01
West Union	IL	39.21	-87.67
West York	IL	39.17	-87.67
Westchester	IL	41.85	-87.89
Western Springs	IL	41.80	-87.90
Westervelt	IL	39.48	-88.86
Westfield	IL	39.46	-88.00
Westlake Village	IL	42.31	-89.29
Westmont	IL	41.79	-87.97
Westville	IL	40.04	-87.64
Wheaton	IL	41.86	-88.11
Wheeler	IL	39.04	-88.32
Wheeling	IL	42.13	-87.92
White City	IL	39.07	-89.77
White Hall	IL	39.44	-90.40
White Heath	IL	40.09	-88.51
Whiteash	IL	37.78	-88.93
Williamsfield	IL	40.93	-90.02
Williamson	IL	38.98	-89.76
Williamsville	IL	39.96	-89.54
Willisville	IL	37.98	-89.59
Willow Hill	IL	39.00	-88.02
Willow Lake	IL	42.33	-89.64
Willow Springs	IL	41.73	-87.88
Willowbrook	IL	41.77	-87.94
Wilmette	IL	42.08	-87.73
Wilmington	IL	41.32	-88.16
Wilsonville	IL	39.07	-89.86
Wilton Center	IL	41.35	-87.96
Winchester	IL	39.63	-90.46
Windsor	IL	39.44	-88.60
Winfield	IL	41.88	-88.15
Winnebago	IL	42.27	-89.23
Winnetka	IL	42.11	-87.74
Winslow	IL	42.49	-89.79
Winthrop Harbor	IL	42.48	-87.83
Witt	IL	39.25	-89.35
Wonder Lake	IL	42.38	-88.35
Wood Dale	IL	41.97	-87.98
Wood River	IL	38.86	-90.08
Woodhull	IL	41.18	-90.32
Woodland	IL	40.72	-87.73
Woodlawn	IL	38.33	-89.03
Woodridge	IL	41.74	-88.04
Woodson	IL	39.63	-90.23
Woodstock	IL	42.31	-88.44
Worden	IL	38.93	-89.84
Worth	IL	41.69	-87.79
Wyanet	IL	41.36	-89.58
Wyoming	IL	41.06	-89.77
Xenia	IL	38.64	-88.64
Yale	IL	39.12	-88.02
Yates City	IL	40.78	-90.01
Yorkville	IL	41.66	-88.43
Zeigler	IL	37.91	-89.05
Zion	IL	42.46	-87.85
Aberdeen	IN	41.44	-87.12
Abington	IN	39.73	-84.97
Adams	IN	39.38	-85.56
Adams Lake	IN	41.55	-85.33
Advance	IN	40.00	-86.62
Akron	IN	41.04	-86.02
Alamo	IN	39.98	-87.06
Albany	IN	40.31	-85.23
Albion	IN	41.40	-85.42
Alexandria	IN	40.26	-85.67
Alford	IN	38.49	-87.25
Alfordsville	IN	38.56	-86.95
Alton	IN	38.12	-86.42
Altona	IN	41.35	-85.15
Ambia	IN	40.49	-87.52
Amboy	IN	40.60	-85.93
Americus	IN	40.53	-86.76
Amity	IN	39.43	-86.00
Amo	IN	39.69	-86.61
Anderson	IN	40.09	-85.69
Andersonville	IN	39.50	-85.29
Andrews	IN	40.86	-85.60
Angola	IN	41.64	-85.01
Anoka	IN	40.72	-86.29
Antioch	IN	40.23	-86.51
Arcadia	IN	40.17	-86.02
Arcola	IN	41.11	-85.29
Ardmore	IN	41.69	-86.32
Argos	IN	41.24	-86.25
Arlington	IN	39.64	-85.58
Arthur	IN	38.35	-87.24
Ashley	IN	41.52	-85.06
Atlanta	IN	40.21	-86.03
Attica	IN	40.29	-87.25
Auburn	IN	41.37	-85.05
Aurora	IN	39.07	-84.90
Austin	IN	38.74	-85.81
Avilla	IN	41.36	-85.23
Avoca	IN	38.92	-86.56
Avon	IN	39.76	-86.39
Azalia	IN	39.09	-85.84
Bainbridge	IN	39.76	-86.81
Barbee	IN	41.29	-85.72
Bargersville	IN	39.54	-86.20
Bass Lake	IN	41.22	-86.60
Batesville	IN	39.30	-85.21
Battle Ground	IN	40.51	-86.85
Bear Lake	IN	41.33	-85.51
Beaver Dam	IN	41.10	-85.97
Bedford	IN	38.86	-86.49
Beech Grove	IN	39.72	-86.09
Belleville	IN	39.67	-86.48
Bennetts Switch	IN	40.59	-86.11
Benton	IN	41.51	-85.77
Berne	IN	40.66	-84.96
Bethany	IN	39.53	-86.38
Bethel Village	IN	39.15	-85.93
Beverly Shores	IN	41.69	-86.98
Bicknell	IN	38.77	-87.31
Big Lake	IN	41.27	-85.50
Billtown	IN	39.51	-87.19
Bippus	IN	40.94	-85.62
Birdseye	IN	38.31	-86.70
Blairsville	IN	38.08	-87.76
Blanford	IN	39.67	-87.52
Blocher	IN	38.72	-85.66
Bloomfield	IN	39.03	-86.94
Blooming Grove	IN	39.51	-85.07
Bloomingdale	IN	39.83	-87.25
Bloomington	IN	39.16	-86.52
Blountsville	IN	40.06	-85.24
Blue Ridge	IN	39.52	-85.64
Bluffton	IN	40.74	-85.17
Boggstown	IN	39.56	-85.91
Boone Grove	IN	41.35	-87.13
Boonville	IN	38.05	-87.29
Borden	IN	38.47	-85.95
Boston	IN	39.74	-84.85
Boswell	IN	40.52	-87.38
Bourbon	IN	41.30	-86.12
Bowling Green	IN	39.38	-87.01
Boxley	IN	40.17	-86.18
Brazil	IN	39.52	-87.12
Bremen	IN	41.45	-86.15
Bretzville	IN	38.30	-86.87
Bridgeton	IN	39.65	-87.18
Bright	IN	39.22	-84.86
Brimfield	IN	41.46	-85.40
Bringhurst	IN	40.53	-86.53
Bristol	IN	41.72	-85.82
Brook	IN	40.87	-87.37
Brooklyn	IN	39.54	-86.37
Brooksburg	IN	38.74	-85.25
Brookston	IN	40.60	-86.87
Brookville	IN	39.42	-85.01
Browns Crossing	IN	39.41	-86.50
Brownsburg	IN	39.83	-86.39
Brownstown	IN	38.88	-86.05
Brownsville	IN	39.66	-85.00
Bruceville	IN	38.76	-87.42
Bryant	IN	40.54	-84.96
Buck Creek	IN	40.49	-86.76
Buckskin	IN	38.23	-87.41
Buffalo	IN	40.89	-86.74
Bunker Hill	IN	40.66	-86.10
Burket	IN	41.15	-85.97
Burlington	IN	40.48	-86.39
Burnett	IN	39.54	-87.30
Burnettsville	IN	40.76	-86.59
Burney	IN	39.32	-85.64
Burns City	IN	38.82	-86.89
Burns Harbor	IN	41.62	-87.13
Burrows	IN	40.68	-86.51
Butler	IN	41.43	-84.87
Butlerville	IN	39.03	-85.51
Cadiz	IN	39.95	-85.49
Cambridge City	IN	39.81	-85.17
Camden	IN	40.61	-86.54
Campbellsburg	IN	38.65	-86.26
Canaan	IN	38.87	-85.30
Cannelburg	IN	38.67	-87.00
Cannelton	IN	37.91	-86.74
Canton	IN	38.63	-86.03
Carbon	IN	39.60	-87.11
Carlisle	IN	38.96	-87.40
Carmel	IN	39.97	-86.15
Carrollton	IN	39.71	-85.82
Cartersburg	IN	39.70	-86.47
Carthage	IN	39.74	-85.57
Cass	IN	39.09	-87.28
Cassville	IN	40.56	-86.13
Cates	IN	40.00	-87.34
Cayuga	IN	39.95	-87.46
Cedar Grove	IN	39.36	-84.94
Cedar Lake	IN	41.37	-87.44
Celestine	IN	38.39	-86.77
Centenary	IN	39.66	-87.47
Center	IN	40.44	-86.06
Center Point	IN	39.42	-87.08
Centerton	IN	39.52	-86.40
Centerville	IN	39.82	-85.00
Chain-O-Lakes	IN	41.71	-86.39
Chalmers	IN	40.66	-86.87
Chandler	IN	38.04	-87.37
Charlestown	IN	38.43	-85.67
Charlottesville	IN	39.79	-85.61
Chesterfield	IN	40.11	-85.59
Chesterton	IN	41.60	-87.05
Chili	IN	40.86	-86.03
Chrisney	IN	38.01	-87.03
Churubusco	IN	41.23	-85.32
Cicero	IN	40.12	-86.03
Clarks Hill	IN	40.25	-86.72
Clarksburg	IN	39.44	-85.35
Clarksville	IN	38.32	-85.77
Clay City	IN	39.28	-87.11
Claypool	IN	41.13	-85.88
Clayton	IN	39.69	-86.52
Clear Lake	IN	41.74	-84.83
Clermont	IN	39.82	-86.32
Clifford	IN	39.28	-85.87
Clinton	IN	39.66	-87.40
Cloverdale	IN	39.52	-86.80
Cloverland	IN	39.50	-87.23
Coal City	IN	39.23	-87.04
Coalmont	IN	39.19	-87.22
Coatesville	IN	39.69	-86.67
Coesse	IN	41.13	-85.40
Colburn	IN	40.52	-86.71
Colfax	IN	40.19	-86.67
Columbia City	IN	41.16	-85.48
Columbus	IN	39.21	-85.92
Commiskey	IN	38.86	-85.64
Connersville	IN	39.66	-85.14
Converse	IN	40.58	-85.88
Cordry Sweetwater Lakes	IN	39.31	-86.12
Cortland	IN	38.97	-85.96
Corunna	IN	41.44	-85.14
Cory	IN	39.38	-87.20
Corydon	IN	38.21	-86.13
Country Club Heights	IN	40.12	-85.69
Country Squire Lakes	IN	39.04	-85.69
Covington	IN	40.14	-87.39
Cowan	IN	40.11	-85.39
Craigville	IN	40.78	-85.09
Crandall	IN	38.29	-86.07
Crane	IN	38.89	-86.90
Crawfordsville	IN	40.04	-86.90
Cree Lake	IN	41.50	-85.28
Cromwell	IN	41.40	-85.61
Cross Plains	IN	38.94	-85.21
Crothersville	IN	38.79	-85.84
Crown Point	IN	41.41	-87.35
Crows Nest	IN	39.86	-86.17
Culver	IN	41.22	-86.42
Cumberland	IN	39.79	-85.94
Cutler	IN	40.47	-86.53
Cynthiana	IN	38.19	-87.71
Dale	IN	38.18	-86.97
Daleville	IN	40.12	-85.56
Dana	IN	39.81	-87.49
Danville	IN	39.76	-86.50
Darlington	IN	40.11	-86.78
Darmstadt	IN	38.09	-87.58
Dayton	IN	40.38	-86.77
DeMotte	IN	41.20	-87.20
Decatur	IN	40.83	-84.93
Decker	IN	38.52	-87.52
Deer Creek	IN	40.62	-86.39
Delaware	IN	39.15	-85.21
Delphi	IN	40.58	-86.67
Denver	IN	40.86	-86.08
Depauw	IN	38.33	-86.22
Deputy	IN	38.80	-85.65
Dillsboro	IN	39.02	-85.05
Donaldson	IN	41.36	-86.44
Dover Hill	IN	38.72	-86.80
Dresser	IN	39.46	-87.42
Dublin	IN	39.81	-85.21
Dubois	IN	38.45	-86.80
Dugger	IN	39.07	-87.26
Dune Acres	IN	41.65	-87.09
Duneland Beach	IN	41.76	-86.83
Dunkirk	IN	40.37	-85.21
Dunlap	IN	41.63	-85.92
Dunreith	IN	39.80	-85.44
Dupont	IN	38.89	-85.52
Dyer	IN	41.50	-87.51
Earl Park	IN	40.69	-87.42
East Chicago	IN	41.65	-87.45
East Enterprise	IN	38.87	-84.99
East Germantown	IN	39.81	-85.14
East Oolitic	IN	38.90	-86.51
Eaton	IN	40.33	-85.36
Eckerty	IN	38.32	-86.61
Economy	IN	39.98	-85.09
Eden	IN	39.90	-85.77
Edgewood	IN	40.10	-85.74
Edinburgh	IN	39.35	-85.96
Edwardsport	IN	38.81	-87.25
Elberfeld	IN	38.16	-87.45
Elizabeth	IN	38.12	-85.97
Elizabethtown	IN	39.14	-85.81
Elizaville	IN	40.12	-86.38
Elkhart	IN	41.69	-85.96
Ellettsville	IN	39.23	-86.62
Elnora	IN	38.88	-87.08
Elrod	IN	39.06	-85.16
Elwood	IN	40.27	-85.84
Eminence	IN	39.52	-86.64
Emison	IN	38.80	-87.46
Enchanted Hills	IN	41.41	-85.67
English	IN	38.34	-86.46
Etna Green	IN	41.28	-86.04
Eugene	IN	39.96	-87.47
Evansville	IN	37.99	-87.53
Everton	IN	39.57	-85.09
Fair Oaks	IN	41.07	-87.26
Fairbanks	IN	39.22	-87.52
Fairland	IN	39.58	-85.86
Fairmount	IN	40.42	-85.65
Fairview	IN	40.30	-85.20
Fairview Park	IN	39.68	-87.41
Farmersburg	IN	39.25	-87.38
Farmland	IN	40.19	-85.13
Ferdinand	IN	38.23	-86.86
Fillmore	IN	39.67	-86.75
Fish Lake	IN	41.56	-86.55
Fishers	IN	39.96	-85.97
Fishersburg	IN	40.07	-85.86
Flat Rock	IN	39.36	-85.83
Flora	IN	40.55	-86.52
Florence	IN	38.78	-84.93
Floyds Knobs	IN	38.33	-85.88
Folsomville	IN	38.13	-87.16
Fontanet	IN	39.57	-87.25
Forest	IN	40.37	-86.33
Fort Branch	IN	38.25	-87.57
Fort Wayne	IN	41.09	-85.14
Fortville	IN	39.92	-85.85
Foster	IN	40.14	-87.47
Fountain City	IN	39.95	-84.92
Fountaintown	IN	39.69	-85.78
Fowler	IN	40.62	-87.32
Fowlerton	IN	40.41	-85.57
Foxcliff Estates	IN	39.48	-86.39
Francesville	IN	40.99	-86.88
Francisco	IN	38.33	-87.45
Frankfort	IN	40.28	-86.52
Franklin	IN	39.49	-86.05
Frankton	IN	40.22	-85.77
Fredericksburg	IN	38.44	-86.20
Freelandville	IN	38.87	-87.31
Freetown	IN	38.98	-86.13
Fremont	IN	41.73	-84.94
French Lick	IN	38.55	-86.62
Fulton	IN	40.95	-86.26
Galena	IN	38.36	-85.94
Galveston	IN	40.58	-86.19
Garrett	IN	41.35	-85.12
Gary	IN	41.59	-87.35
Gas City	IN	40.49	-85.59
Gaston	IN	40.31	-85.50
Geneva	IN	40.60	-84.96
Gentryville	IN	38.11	-87.03
Georgetown	IN	38.30	-85.96
Gilmer Park	IN	41.61	-86.25
Glenwood	IN	39.63	-85.30
Glezen	IN	38.42	-87.31
Goldsmith	IN	40.29	-86.15
Goodland	IN	40.76	-87.30
Goshen	IN	41.57	-85.83
Gosport	IN	39.35	-86.67
Grabill	IN	41.21	-84.97
Grammer	IN	39.15	-85.73
Grandview	IN	37.94	-86.98
Grandview Lake	IN	39.15	-86.04
Granger	IN	41.74	-86.13
Grantsburg	IN	38.29	-86.47
Grayford	IN	38.96	-85.58
Graysville	IN	39.12	-87.56
Green Hill	IN	40.41	-87.11
Greencastle	IN	39.64	-86.85
Greendale	IN	39.15	-84.83
Greenfield	IN	39.79	-85.77
Greens Fork	IN	39.89	-85.04
Greensboro	IN	39.88	-85.46
Greensburg	IN	39.35	-85.50
Greentown	IN	40.48	-85.96
Greenville	IN	38.37	-85.98
Greenwood	IN	39.60	-86.11
Griffin	IN	38.20	-87.91
Griffith	IN	41.53	-87.42
Grissom AFB	IN	40.66	-86.15
Groveland	IN	39.76	-86.72
Groverton	IN	41.38	-86.51
Gwynneville	IN	39.66	-85.65
Hagerstown	IN	39.91	-85.15
Hamburg	IN	39.38	-85.25
Hamilton	IN	41.54	-84.92
Hamlet	IN	41.38	-86.58
Hammond	IN	41.62	-87.49
Hanna	IN	41.41	-86.78
Hanover	IN	38.71	-85.47
Hardinsburg	IN	38.47	-86.28
Harlan	IN	41.20	-84.92
Harmony	IN	39.53	-87.07
Harrison Lake	IN	39.18	-86.03
Harrodsburg	IN	39.02	-86.55
Hartford City	IN	40.45	-85.37
Hartsville	IN	39.27	-85.70
Hartz Lake	IN	41.18	-86.50
Hashtown	IN	39.02	-86.92
Hatfield	IN	37.90	-87.22
Haubstadt	IN	38.20	-87.57
Hayden	IN	38.97	-85.74
Haysville	IN	38.49	-86.91
Hazleton	IN	38.49	-87.54
Hebron	IN	41.33	-87.20
Hedrick	IN	40.30	-87.49
Helmer	IN	41.53	-85.17
Helmsburg	IN	39.27	-86.30
Heltonville	IN	38.93	-86.37
Hemlock	IN	40.42	-86.04
Henryville	IN	38.54	-85.77
Herbst	IN	40.51	-85.79
Heritage Lake	IN	39.74	-86.71
Hessen Cassel	IN	40.98	-85.07
Hidden Valley	IN	39.17	-84.84
Highland	IN	41.55	-87.46
Hillisburg	IN	40.29	-86.34
Hillsboro	IN	40.11	-87.16
Hillsdale	IN	39.78	-87.39
Hoagland	IN	40.95	-85.00
Hobart	IN	41.51	-87.28
Hobbs	IN	40.28	-85.95
Hoffman Lake	IN	41.27	-85.99
Holiday Woods	IN	41.62	-85.07
Holland	IN	38.25	-87.04
Holton	IN	39.08	-85.38
Homecroft	IN	39.67	-86.13
Homer	IN	39.58	-85.58
Hope	IN	39.30	-85.77
Hortonville	IN	40.09	-86.16
Howe	IN	41.72	-85.43
Hudson	IN	41.53	-85.08
Hudson Lake	IN	41.71	-86.55
Huntertown	IN	41.22	-85.16
Huntingburg	IN	38.30	-86.96
Huntington	IN	40.88	-85.51
Huron	IN	38.72	-86.67
Hymera	IN	39.19	-87.30
Idaville	IN	40.76	-86.65
Independence	IN	40.34	-87.17
Indian Village	IN	41.71	-86.23
Indianapolis	IN	39.78	-86.15
Ingalls	IN	39.96	-85.81
Ireland	IN	38.41	-87.00
Jalapa	IN	40.62	-85.74
Jamestown	IN	39.93	-86.63
Jasonville	IN	39.16	-87.20
Jasper	IN	38.39	-86.94
Jefferson	IN	40.28	-86.59
Jeffersonville	IN	38.33	-85.70
Jerome	IN	40.46	-85.93
Jimmerson Lake	IN	41.70	-85.06
Johnson	IN	38.27	-87.75
Jonesboro	IN	40.48	-85.63
Jonesville	IN	39.06	-85.89
Judah	IN	38.96	-86.54
Judson	IN	39.81	-87.14
Judyville	IN	40.36	-87.40
Kempton	IN	40.29	-86.23
Kendallville	IN	41.44	-85.26
Kennard	IN	39.91	-85.52
Kent	IN	38.74	-85.54
Kentland	IN	40.77	-87.45
Kewanna	IN	41.02	-86.41
Keystone	IN	40.59	-85.26
Kimmell	IN	41.39	-85.55
Kingman	IN	39.97	-87.28
Kingsbury	IN	41.53	-86.70
Kingsford Heights	IN	41.48	-86.69
Kirklin	IN	40.19	-86.36
Knightstown	IN	39.80	-85.53
Knightsville	IN	39.53	-87.09
Knox	IN	41.29	-86.62
Kokomo	IN	40.46	-86.13
Koontz Lake	IN	41.41	-86.48
Kouts	IN	41.32	-87.03
Kramer	IN	40.34	-87.29
La Crosse	IN	41.32	-86.89
La Fontaine	IN	40.67	-85.72
La Paz	IN	41.46	-86.31
La Porte	IN	41.61	-86.71
Laconia	IN	38.03	-86.09
Ladoga	IN	39.92	-86.80
Lafayette	IN	40.40	-86.86
Lagrange	IN	41.65	-85.42
Lagro	IN	40.84	-85.73
Lake Bruce	IN	41.07	-86.47
Lake Cicott	IN	40.77	-86.54
Lake Dalecarlia	IN	41.34	-87.40
Lake Eliza	IN	41.43	-87.18
Lake Everett	IN	41.16	-85.32
Lake Holiday	IN	39.96	-86.96
Lake Holiday Hideaway	IN	39.99	-87.31
Lake Santee	IN	39.41	-85.31
Lake Station	IN	41.58	-87.25
Lake View	IN	39.48	-85.25
Lake Village	IN	41.13	-87.44
Lake of the Woods	IN	41.42	-86.22
Lakes of the Four Seasons	IN	41.40	-87.22
Lakeshore Resort	IN	39.51	-85.02
Laketon	IN	40.98	-85.84
Lakeville	IN	41.53	-86.28
Lakewood	IN	39.40	-87.30
Lamb	IN	38.69	-85.20
Landess	IN	40.61	-85.56
Lanesville	IN	38.24	-85.98
Laotto	IN	41.29	-85.20
Lapel	IN	40.03	-85.84
Larwill	IN	41.18	-85.62
Laud	IN	41.05	-85.45
Laurel	IN	39.50	-85.19
Lawrence	IN	39.87	-85.99
Lawrenceburg	IN	39.11	-84.88
Lawrenceport	IN	38.75	-86.39
Leavenworth	IN	38.20	-86.35
Lebanon	IN	40.03	-86.45
Leesburg	IN	41.33	-85.85
Leiters Ford	IN	41.12	-86.38
Leo-Cedarville	IN	41.22	-85.02
Leopold	IN	38.10	-86.58
Leroy	IN	41.36	-87.27
Letts	IN	39.23	-85.57
Lewis	IN	39.26	-87.26
Lewisville	IN	39.81	-85.35
Liberty	IN	39.63	-84.93
Liberty Center	IN	40.70	-85.27
Liberty Mills	IN	41.04	-85.74
Libertyville	IN	39.60	-87.52
Ligonier	IN	41.46	-85.60
Lincoln	IN	40.62	-86.21
Linden	IN	40.19	-86.90
Linn Grove	IN	40.64	-85.03
Linnsburg	IN	40.00	-86.80
Linton	IN	39.04	-87.16
Little York	IN	38.70	-85.90
Livonia	IN	38.55	-86.28
Lizton	IN	39.88	-86.54
Logansport	IN	40.75	-86.35
London	IN	39.63	-85.92
Long Beach	IN	41.74	-86.85
Loogootee	IN	38.68	-86.91
Losantville	IN	40.02	-85.18
Lowell	IN	41.29	-87.42
Lucerne	IN	40.87	-86.40
Lyford	IN	39.65	-87.37
Lynn	IN	40.05	-84.94
Lynnville	IN	38.20	-87.32
Lyons	IN	38.99	-87.08
Mace	IN	40.01	-86.80
Mackey	IN	38.25	-87.39
Macy	IN	40.96	-86.13
Madison	IN	38.76	-85.40
Malden	IN	41.38	-87.03
Manchester	IN	39.15	-85.01
Manilla	IN	39.57	-85.62
Maples	IN	41.01	-84.97
Marengo	IN	38.37	-86.34
Mariah Hill	IN	38.17	-86.93
Marietta	IN	39.44	-85.88
Marion	IN	40.55	-85.66
Markle	IN	40.83	-85.34
Markleville	IN	39.98	-85.62
Marshall	IN	39.85	-87.19
Marshfield	IN	40.25	-87.45
Martinsburg	IN	38.44	-86.02
Martinsville	IN	39.41	-86.43
Matthews	IN	40.39	-85.50
Mauckport	IN	38.02	-86.20
Maxwell	IN	39.86	-85.77
Mays	IN	39.74	-85.43
McCordsville	IN	39.90	-85.92
Mecca	IN	39.73	-87.33
Medaryville	IN	41.08	-86.89
Medora	IN	38.82	-86.17
Mellott	IN	40.16	-87.15
Melody Hill	IN	38.02	-87.51
Memphis	IN	38.49	-85.77
Mentone	IN	41.17	-86.04
Meridian Hills	IN	39.89	-86.16
Merom	IN	39.06	-87.57
Merriam	IN	41.29	-85.43
Merrillville	IN	41.47	-87.32
Metamora	IN	39.45	-85.14
Metz	IN	41.62	-84.84
Mexico	IN	40.81	-86.11
Miami	IN	40.61	-86.11
Michiana Shores	IN	41.76	-86.82
Michigan City	IN	41.71	-86.87
Michigantown	IN	40.33	-86.39
Middlebury	IN	41.67	-85.71
Middletown	IN	40.06	-85.54
Midland	IN	39.12	-87.19
Mier	IN	40.57	-85.82
Milan	IN	39.13	-85.12
Milford	IN	41.42	-85.84
Millersburg	IN	41.53	-85.70
Millgrove	IN	40.40	-85.28
Millhousen	IN	39.21	-85.43
Milltown	IN	38.34	-86.28
Millville	IN	39.93	-85.25
Milroy	IN	39.50	-85.47
Milton	IN	39.79	-85.16
Mineral Springs	IN	39.13	-85.86
Mishawaka	IN	41.68	-86.17
Mitchell	IN	38.74	-86.48
Modoc	IN	40.05	-85.13
Mongo	IN	41.68	-85.28
Monon	IN	40.86	-86.88
Monroe	IN	40.75	-84.94
Monroe City	IN	38.61	-87.35
Monroeville	IN	40.97	-84.87
Monrovia	IN	39.59	-86.48
Monterey	IN	41.16	-86.48
Montezuma	IN	39.79	-87.37
Montgomery	IN	38.66	-87.05
Monticello	IN	40.75	-86.77
Montmorenci	IN	40.47	-87.03
Montpelier	IN	40.55	-85.29
Mooreland	IN	40.00	-85.25
Moores Hill	IN	39.11	-85.09
Mooresville	IN	39.60	-86.37
Morgantown	IN	39.37	-86.26
Morocco	IN	40.94	-87.45
Morris	IN	39.28	-85.17
Morristown	IN	39.69	-85.73
Mount Auburn	IN	39.81	-85.19
Mount Ayr	IN	40.95	-87.30
Mount Carmel	IN	39.41	-84.88
Mount Etna	IN	40.74	-85.56
Mount Summit	IN	40.00	-85.39
Mount Vernon	IN	37.94	-87.90
Mulberry	IN	40.35	-86.67
Muncie	IN	40.20	-85.40
Munster	IN	41.55	-87.50
Napoleon	IN	39.20	-85.33
Nappanee	IN	41.45	-86.00
Nashville	IN	39.21	-86.24
Needham	IN	39.53	-85.97
Needmore	IN	38.93	-86.53
New Albany	IN	38.31	-85.82
New Amsterdam	IN	38.10	-86.28
New Carlisle	IN	41.71	-86.51
New Castle	IN	39.92	-85.37
New Chicago	IN	41.56	-87.27
New Goshen	IN	39.58	-87.46
New Harmony	IN	38.13	-87.93
New Haven	IN	41.07	-85.02
New Lebanon	IN	39.04	-87.47
New Lisbon	IN	39.86	-85.26
New London	IN	40.44	-86.27
New Marion	IN	39.01	-85.36
New Market	IN	39.95	-86.92
New Middletown	IN	38.16	-86.05
New Palestine	IN	39.73	-85.89
New Paris	IN	41.50	-85.83
New Pekin	IN	38.50	-86.01
New Point	IN	39.31	-85.33
New Richmond	IN	40.19	-86.98
New Ross	IN	39.96	-86.71
New Salisbury	IN	38.31	-86.10
New Trenton	IN	39.31	-84.90
New Washington	IN	38.57	-85.56
New Whiteland	IN	39.56	-86.10
Newbern	IN	39.24	-85.75
Newberry	IN	38.92	-87.02
Newburgh	IN	37.95	-87.41
Newport	IN	39.88	-87.41
Newtonville	IN	38.00	-86.94
Newtown	IN	40.20	-87.15
Nineveh	IN	39.36	-86.09
Noblesville	IN	40.04	-86.00
North Crows Nest	IN	39.87	-86.16
North Grove	IN	40.61	-85.97
North Judson	IN	41.22	-86.78
North Liberty	IN	41.53	-86.43
North Manchester	IN	41.00	-85.78
North Salem	IN	39.86	-86.64
North Terre Haute	IN	39.54	-87.37
North Vernon	IN	39.01	-85.63
North Webster	IN	41.32	-85.70
Norway	IN	40.78	-86.77
Notre Dame	IN	41.70	-86.24
Nyona Lake	IN	40.97	-86.19
Oakland City	IN	38.34	-87.35
Oaktown	IN	38.87	-87.44
Oakville	IN	40.08	-85.39
Odon	IN	38.84	-86.99
Ogden Dunes	IN	41.63	-87.19
Oldenburg	IN	39.34	-85.20
Ontario	IN	41.70	-85.38
Onward	IN	40.69	-86.19
Oolitic	IN	38.89	-86.53
Ora	IN	41.18	-86.56
Orestes	IN	40.27	-85.72
Orland	IN	41.73	-85.17
Orleans	IN	38.66	-86.45
Osceola	IN	41.67	-86.08
Osgood	IN	39.13	-85.29
Ossian	IN	40.88	-85.17
Oswego	IN	41.32	-85.79
Otisco	IN	38.54	-85.67
Otter Lake	IN	41.64	-85.17
Otterbein	IN	40.49	-87.09
Otwell	IN	38.46	-87.10
Owensburg	IN	38.92	-86.74
Owensville	IN	38.27	-87.69
Oxford	IN	40.52	-87.25
Painted Hills	IN	39.40	-86.35
Palestine	IN	41.17	-85.95
Palmyra	IN	38.41	-86.11
Paoli	IN	38.56	-86.47
Paragon	IN	39.40	-86.56
Paris Crossing	IN	38.83	-85.65
Parker City	IN	40.19	-85.20
Parkers Settlement	IN	38.04	-87.71
Patoka	IN	38.40	-87.59
Patricksburg	IN	39.31	-86.95
Patriot	IN	38.84	-84.83
Paxton	IN	39.02	-87.39
Pence	IN	40.36	-87.51
Pendleton	IN	40.01	-85.77
Penntown	IN	39.27	-85.09
Pennville	IN	40.49	-85.15
Peppertown	IN	39.40	-85.18
Perkinsville	IN	40.14	-85.86
Perrysville	IN	40.05	-87.44
Peru	IN	40.76	-86.07
Petersburg	IN	38.49	-87.28
Petersville	IN	39.23	-85.82
Petroleum	IN	40.61	-85.15
Philadelphia	IN	39.78	-85.84
Pierceton	IN	41.20	-85.70
Pierceville	IN	39.13	-85.18
Pine Village	IN	40.45	-87.25
Pittsboro	IN	39.87	-86.46
Pittsburg	IN	40.60	-86.70
Plainfield	IN	39.69	-86.37
Plainville	IN	38.80	-87.15
Pleasant Lake	IN	41.57	-85.01
Pleasant Mills	IN	40.78	-84.84
Pleasant View	IN	39.66	-85.94
Pleasant View Village	IN	39.34	-85.98
Pleasantville	IN	38.96	-87.25
Plymouth	IN	41.35	-86.32
Point Isabel	IN	40.42	-85.82
Poland	IN	39.44	-86.95
Poneto	IN	40.66	-85.22
Portage	IN	41.59	-87.18
Porter	IN	41.63	-87.08
Portland	IN	40.44	-84.98
Poseyville	IN	38.17	-87.78
Pottawattamie Park	IN	41.72	-86.87
Prairie Creek	IN	39.27	-87.50
Prairieton	IN	39.37	-87.47
Preble	IN	40.83	-85.01
Prince's Lakes	IN	39.35	-86.11
Princeton	IN	38.35	-87.58
Prospect	IN	38.59	-86.62
Pulaski	IN	40.98	-86.65
Putnamville	IN	39.57	-86.88
Raglesville	IN	38.80	-86.96
Ragsdale	IN	38.75	-87.32
Rainsville	IN	40.41	-87.32
Ramsey	IN	38.32	-86.16
Raub	IN	40.73	-87.49
Reddington	IN	39.04	-85.84
Redkey	IN	40.35	-85.15
Remington	IN	40.77	-87.13
Rensselaer	IN	40.94	-87.17
Reo	IN	37.91	-87.11
Reynolds	IN	40.75	-86.87
Richland	IN	37.95	-87.17
Richmond	IN	39.83	-84.89
Ridgeville	IN	40.29	-85.03
Riley	IN	39.39	-87.30
Rising Sun	IN	38.95	-84.85
River Forest	IN	40.11	-85.73
Riverwood	IN	40.10	-85.97
Roachdale	IN	39.85	-86.80
Roann	IN	40.91	-85.92
Roanoke	IN	40.96	-85.38
Rob Roy	IN	40.24	-87.25
Rochester	IN	41.06	-86.20
Rockfield	IN	40.64	-86.57
Rockford	IN	38.99	-85.88
Rockport	IN	37.89	-87.05
Rockville	IN	39.77	-87.23
Rocky Ripple	IN	39.85	-86.17
Roll	IN	40.55	-85.39
Rolling Prairie	IN	41.67	-86.62
Rome City	IN	41.49	-85.36
Romney	IN	40.25	-86.90
Rosedale	IN	39.62	-87.28
Roseland	IN	41.72	-86.25
Roselawn	IN	41.16	-87.29
Ross	IN	41.54	-87.38
Rossville	IN	40.42	-86.60
Royal Center	IN	40.86	-86.50
Royerton	IN	40.26	-85.37
Rushville	IN	39.62	-85.45
Russellville	IN	39.86	-86.98
Russiaville	IN	40.42	-86.27
Salamonia	IN	40.39	-84.86
Salem	IN	38.60	-86.10
Saline City	IN	39.37	-87.13
Salt Creek Commons	IN	41.51	-87.14
Saltillo	IN	38.67	-86.30
San Pierre	IN	41.20	-86.89
Sandborn	IN	38.90	-87.18
Sandusky	IN	39.42	-85.48
Santa Claus	IN	38.12	-86.93
Saratoga	IN	40.24	-84.92
Sardinia	IN	39.15	-85.63
Saugany Lake	IN	41.72	-86.59
Schaefer Lake	IN	39.28	-85.75
Schererville	IN	41.49	-87.44
Schneider	IN	41.19	-87.45
Schnellville	IN	38.35	-86.76
Scipio	IN	39.07	-85.72
Scircleville	IN	40.29	-86.30
Scotland	IN	38.91	-86.90
Scott	IN	41.74	-85.56
Scottsburg	IN	38.68	-85.78
Seelyville	IN	39.49	-87.27
Sellersburg	IN	38.40	-85.77
Selma	IN	40.19	-85.27
Servia	IN	40.96	-85.74
Seymour	IN	38.95	-85.89
Shadeland	IN	40.34	-86.96
Shamrock Lakes	IN	40.41	-85.43
Sharpsville	IN	40.38	-86.09
Shelburn	IN	39.18	-87.40
Shelby	IN	41.19	-87.34
Shelbyville	IN	39.55	-85.78
Shepardsville	IN	39.60	-87.42
Sheridan	IN	40.13	-86.22
Shipshewana	IN	41.67	-85.58
Shipshewana Lake	IN	41.68	-85.61
Shirley	IN	39.89	-85.58
Shoals	IN	38.67	-86.79
Shorewood Forest	IN	41.46	-87.15
Sidney	IN	41.11	-85.74
Silver Lake	IN	41.07	-85.89
Simonton Lake	IN	41.75	-85.97
Sims	IN	40.50	-85.86
Smithville-Sanders	IN	39.06	-86.51
Snow Lake	IN	41.73	-85.03
Solsberry	IN	39.08	-86.76
Somerset	IN	40.67	-85.83
Somerville	IN	38.28	-87.38
South Bend	IN	41.68	-86.27
South Center	IN	41.48	-86.65
South Haven	IN	41.54	-87.14
South Milford	IN	41.53	-85.27
South Whitley	IN	41.08	-85.62
Southport	IN	39.66	-86.12
Spartanburg	IN	40.07	-84.85
Speedway	IN	39.79	-86.25
Spencer	IN	39.29	-86.77
Spencerville	IN	41.28	-84.93
Spiceland	IN	39.84	-85.43
Spring Grove	IN	39.85	-84.89
Spring Hill	IN	39.83	-86.19
Spring Lake	IN	39.78	-85.86
Springport	IN	40.05	-85.39
Spurgeon	IN	38.26	-87.26
St. Anthony	IN	38.32	-86.82
St. Bernice	IN	39.71	-87.52
St. Joe	IN	41.31	-84.90
St. John	IN	41.44	-87.47
St. Leon	IN	39.30	-84.97
St. Mary of the Woods	IN	39.51	-87.46
St. Meinrad	IN	38.17	-86.83
St. Omer	IN	39.43	-85.59
St. Paul	IN	39.43	-85.63
St. Wendel	IN	38.11	-87.70
Stanford	IN	39.09	-86.66
Star City	IN	40.97	-86.55
State Line City	IN	40.20	-87.53
Staunton	IN	39.49	-87.19
Stendal	IN	38.27	-87.15
Stewartsville	IN	38.18	-87.84
Stilesville	IN	39.64	-86.63
Stillwell	IN	41.55	-86.60
Stinesville	IN	39.30	-86.65
Stockwell	IN	40.29	-86.77
Stone Bluff	IN	40.17	-87.26
Straughn	IN	39.81	-85.29
Stroh	IN	41.58	-85.20
Sullivan	IN	39.10	-87.41
Sulphur Springs	IN	40.00	-85.44
Sumava Resorts	IN	41.17	-87.44
Summitville	IN	40.34	-85.64
Sunman	IN	39.24	-85.09
Swayzee	IN	40.51	-85.82
Sweetser	IN	40.57	-85.77
Switz City	IN	39.03	-87.05
Syracuse	IN	41.42	-85.75
Tab	IN	40.41	-87.48
Talma	IN	41.15	-86.14
Taswell	IN	38.34	-86.56
Taylorsville	IN	39.30	-85.95
Tecumseh	IN	39.57	-87.43
Teegarden	IN	41.46	-86.38
Tell City	IN	37.95	-86.76
Templeton	IN	40.51	-87.21
Tennyson	IN	38.08	-87.12
Terre Haute	IN	39.46	-87.38
Thayer	IN	41.17	-87.33
Thorntown	IN	40.13	-86.61
Tippecanoe	IN	41.21	-86.11
Tipton	IN	40.28	-86.04
Toad Hop	IN	39.46	-87.46
Tocsin	IN	40.83	-85.11
Topeka	IN	41.54	-85.55
Town of Pines	IN	41.69	-86.95
Trafalgar	IN	39.41	-86.15
Trail Creek	IN	41.70	-86.86
Tri-Lakes	IN	41.25	-85.45
Troy	IN	38.00	-86.80
Tunnelton	IN	38.77	-86.34
Twelve Mile	IN	40.86	-86.22
Tyner	IN	41.41	-86.40
Ulen	IN	40.07	-86.47
Underwood	IN	38.59	-85.77
Union City	IN	40.20	-84.82
Union Mills	IN	41.50	-86.78
Uniondale	IN	40.83	-85.24
Universal	IN	39.62	-87.46
Upland	IN	40.46	-85.50
Urbana	IN	40.90	-85.79
Utica	IN	38.34	-85.66
Vallonia	IN	38.85	-86.10
Valparaiso	IN	41.48	-87.05
Van Bibber Lake	IN	39.73	-86.93
Van Buren	IN	40.62	-85.50
Veedersburg	IN	40.12	-87.26
Velpen	IN	38.36	-87.11
Vera Cruz	IN	40.70	-85.08
Vernon	IN	38.99	-85.61
Versailles	IN	39.06	-85.26
Vevay	IN	38.74	-85.08
Vicksburg	IN	39.09	-87.20
Vincennes	IN	38.68	-87.51
Vistula	IN	41.75	-85.71
Wabash	IN	40.80	-85.83
Wadesville	IN	38.10	-87.79
Wakarusa	IN	41.53	-86.01
Waldron	IN	39.45	-85.66
Walesboro	IN	39.14	-85.91
Walkerton	IN	41.47	-86.48
Wall Lake	IN	41.73	-85.20
Wallace	IN	39.99	-87.15
Walton	IN	40.66	-86.24
Wanatah	IN	41.43	-86.89
Warren	IN	40.69	-85.42
Warren Park	IN	39.78	-86.05
Warrington	IN	39.91	-85.64
Warsaw	IN	41.25	-85.85
Washington	IN	38.66	-87.16
Waterloo	IN	41.44	-85.05
Waveland	IN	39.88	-87.05
Waverly	IN	39.55	-86.26
Wawaka	IN	41.46	-85.48
Waynesville	IN	39.11	-85.89
Waynetown	IN	40.09	-87.07
Webster	IN	39.90	-84.94
Wellsboro	IN	41.49	-86.76
West Baden Springs	IN	38.57	-86.61
West College Corner	IN	39.57	-84.82
West Harrison	IN	39.26	-84.82
West Lafayette	IN	40.44	-86.92
West Lebanon	IN	40.27	-87.39
West Middleton	IN	40.44	-86.21
West Point	IN	40.35	-87.04
West Terre Haute	IN	39.46	-87.45
Westfield	IN	40.04	-86.15
Westphalia	IN	38.86	-87.22
Westport	IN	39.18	-85.58
Westville	IN	41.54	-86.90
Westwood	IN	39.92	-85.42
Wheatfield	IN	41.19	-87.05
Wheatland	IN	38.66	-87.31
Wheeler	IN	41.51	-87.17
Whiteland	IN	39.56	-86.07
Whitestown	IN	39.97	-86.37
Whitewater	IN	39.94	-84.83
Whiting	IN	41.67	-87.48
Wildwood	IN	41.59	-85.19
Wilkinson	IN	39.89	-85.61
Williams	IN	38.81	-86.65
Williams Creek	IN	39.90	-86.15
Williamsburg	IN	39.95	-85.00
Williamsport	IN	40.29	-87.29
Willow Branch	IN	39.88	-85.68
Winamac	IN	41.05	-86.60
Winchester	IN	40.17	-84.98
Windfall City	IN	40.36	-85.96
Windsor	IN	40.16	-85.21
Winfield	IN	41.41	-87.26
Wingate	IN	40.17	-87.07
Winona Lake	IN	41.22	-85.81
Winslow	IN	38.38	-87.21
Wolcott	IN	40.76	-87.04
Wolcottville	IN	41.53	-85.37
Wolflake	IN	41.33	-85.49
Woodburn	IN	41.13	-84.85
Woodlawn Heights	IN	40.12	-85.70
Wooster	IN	41.21	-85.74
Worthington	IN	39.12	-86.98
Wyatt	IN	41.53	-86.17
Wynnedale	IN	39.83	-86.20
Yeoman	IN	40.67	-86.72
Yorktown	IN	40.18	-85.51
Young America	IN	40.57	-86.35
Zanesville	IN	40.92	-85.28
Zionsville	IN	39.99	-86.32
Abbyville	KS	37.97	-98.20
Abilene	KS	38.92	-97.23
Ada	KS	39.16	-97.89
Admire	KS	38.64	-96.10
Agenda	KS	39.71	-97.43
Agra	KS	39.76	-99.12
Albert	KS	38.45	-99.01
Alden	KS	38.24	-98.31
Alexander	KS	38.47	-99.55
Allen	KS	38.66	-96.17
Alma	KS	39.02	-96.29
Almena	KS	39.89	-99.71
Alta Vista	KS	38.86	-96.49
Altamont	KS	37.19	-95.29
Alton	KS	39.47	-98.95
Altoona	KS	37.52	-95.66
Americus	KS	38.51	-96.26
Ames	KS	39.57	-97.45
Andale	KS	37.79	-97.63
Andover	KS	37.69	-97.13
Anthony	KS	37.16	-98.04
Arcadia	KS	37.64	-94.62
Argonia	KS	37.27	-97.76
Arkansas City	KS	37.07	-97.04
Arlington	KS	37.90	-98.18
Arma	KS	37.54	-94.70
Asherville	KS	39.41	-97.97
Ashland	KS	37.19	-99.77
Assaria	KS	38.68	-97.60
Atchison	KS	39.56	-95.14
Athol	KS	39.77	-98.92
Atlanta	KS	37.44	-96.77
Attica	KS	37.24	-98.23
Atwood	KS	39.81	-101.04
Auburn	KS	38.91	-95.82
Augusta	KS	37.70	-96.97
Aurora	KS	39.45	-97.53
Axtell	KS	39.87	-96.26
Baileyville	KS	39.85	-96.19
Bala	KS	39.31	-96.95
Baldwin City	KS	38.78	-95.19
Barnard	KS	39.19	-98.04
Barnes	KS	39.71	-96.87
Bartlett	KS	37.05	-95.21
Basehor	KS	39.14	-94.93
Bassett	KS	37.91	-95.41
Bavaria	KS	38.80	-97.75
Baxter Springs	KS	37.02	-94.73
Bazine	KS	38.45	-99.69
Beattie	KS	39.86	-96.42
Beaumont	KS	37.66	-96.53
Beaver	KS	38.65	-98.67
Bel Aire	KS	37.78	-97.25
Belle Plaine	KS	37.39	-97.28
Belleville	KS	39.82	-97.63
Beloit	KS	39.46	-98.11
Belpre	KS	37.95	-99.10
Belvue	KS	39.22	-96.18
Bendena	KS	39.74	-95.18
Benedict	KS	37.63	-95.74
Bennington	KS	39.03	-97.59
Bentley	KS	37.89	-97.51
Benton	KS	37.79	-97.11
Bern	KS	39.96	-95.97
Beverly	KS	39.01	-97.98
Big Bow	KS	37.56	-101.56
Bird City	KS	39.75	-101.53
Bison	KS	38.52	-99.20
Blue Mound	KS	38.09	-95.01
Blue Rapids	KS	39.68	-96.66
Bluff City	KS	37.08	-97.87
Bogue	KS	39.36	-99.69
Bonner Springs	KS	39.08	-94.87
Bremen	KS	39.90	-96.80
Brewster	KS	39.36	-101.38
Bridgeport	KS	38.63	-97.61
Bronson	KS	37.90	-95.07
Brookville	KS	38.77	-97.86
Brownell	KS	38.64	-99.74
Bucklin	KS	37.55	-99.63
Bucyrus	KS	38.72	-94.71
Buffalo	KS	37.71	-95.70
Buhler	KS	38.14	-97.77
Bunker Hill	KS	38.88	-98.70
Burden	KS	37.32	-96.76
Burdett	KS	38.19	-99.53
Burdick	KS	38.56	-96.85
Burlingame	KS	38.75	-95.84
Burlington	KS	38.19	-95.75
Burns	KS	38.09	-96.89
Burr Oak	KS	39.87	-98.31
Burrton	KS	38.02	-97.67
Bushong	KS	38.64	-96.26
Bushton	KS	38.51	-98.40
Byers	KS	37.79	-98.87
Caldwell	KS	37.03	-97.61
Cambridge	KS	37.32	-96.67
Caney	KS	37.01	-95.93
Canton	KS	38.39	-97.43
Carbondale	KS	38.82	-95.69
Carlton	KS	38.69	-97.29
Cassoday	KS	38.04	-96.64
Catharine	KS	38.93	-99.21
Cawker City	KS	39.51	-98.43
Cedar	KS	39.66	-98.94
Cedar Point	KS	38.26	-96.82
Cedar Vale	KS	37.11	-96.50
Centerville	KS	38.23	-95.02
Centralia	KS	39.72	-96.13
Centropolis	KS	38.72	-95.35
Chanute	KS	37.67	-95.46
Chapman	KS	38.97	-97.02
Chase	KS	38.36	-98.35
Chautauqua	KS	37.02	-96.18
Cheney	KS	37.64	-97.78
Cherokee	KS	37.35	-94.82
Cherryvale	KS	37.27	-95.55
Chetopa	KS	37.04	-95.09
Chicopee	KS	37.38	-94.74
Cimarron	KS	37.81	-100.35
Circleville	KS	39.51	-95.86
Claflin	KS	38.52	-98.54
Clay Center	KS	39.38	-97.13
Clayton	KS	39.74	-100.18
Clearwater	KS	37.51	-97.50
Clifton	KS	39.57	-97.28
Climax	KS	37.72	-96.22
Clyde	KS	39.59	-97.40
Coats	KS	37.51	-98.83
Codell	KS	39.20	-99.17
Coffeyville	KS	37.03	-95.65
Colby	KS	39.38	-101.05
Coldwater	KS	37.27	-99.32
Collyer	KS	39.04	-100.12
Colony	KS	38.07	-95.36
Columbus	KS	37.17	-94.84
Colwich	KS	37.78	-97.54
Concordia	KS	39.57	-97.65
Conway Springs	KS	37.39	-97.64
Coolidge	KS	38.04	-102.01
Copeland	KS	37.54	-100.63
Corning	KS	39.66	-96.03
Cottonwood Falls	KS	38.37	-96.54
Council Grove	KS	38.66	-96.49
Courtland	KS	39.78	-97.90
Coyville	KS	37.69	-95.90
Crestline	KS	37.17	-94.71
Croweburg	KS	37.55	-94.67
Cuba	KS	39.80	-97.46
Cullison	KS	37.63	-98.91
Culver	KS	38.97	-97.76
Cunningham	KS	37.64	-98.43
Damar	KS	39.32	-99.58
Danville	KS	37.29	-97.89
De Soto	KS	38.97	-94.95
Dearing	KS	37.05	-95.70
Deerfield	KS	37.98	-101.13
Delia	KS	39.24	-95.96
Delphos	KS	39.27	-97.76
Denison	KS	39.39	-95.63
Dennis	KS	37.35	-95.40
Denton	KS	39.73	-95.27
Derby	KS	37.56	-97.26
Detroit	KS	38.94	-97.13
Devon	KS	37.92	-94.82
Dexter	KS	37.18	-96.72
Dighton	KS	38.48	-100.47
Dodge City	KS	37.76	-100.02
Dorrance	KS	38.85	-98.59
Douglass	KS	37.52	-97.01
Downs	KS	39.50	-98.55
Dresden	KS	39.62	-100.42
Dunlap	KS	38.58	-96.37
Durham	KS	38.48	-97.23
Dwight	KS	38.85	-96.59
Earlton	KS	37.59	-95.47
Eastborough	KS	37.68	-97.26
Easton	KS	39.35	-95.12
Eastshore	KS	38.38	-97.07
Edgerton	KS	38.79	-94.94
Edmond	KS	39.63	-99.82
Edna	KS	37.06	-95.36
Edson	KS	39.33	-101.55
Edwardsville	KS	39.08	-94.82
Effingham	KS	39.52	-95.40
El Dorado	KS	37.82	-96.86
Elbing	KS	38.05	-97.13
Elgin	KS	37.00	-96.28
Elk City	KS	37.29	-95.91
Elk Falls	KS	37.37	-96.19
Elkhart	KS	37.00	-101.89
Ellinwood	KS	38.36	-98.58
Ellis	KS	38.93	-99.56
Ellsworth	KS	38.73	-98.23
Elmdale	KS	38.37	-96.65
Elsmore	KS	37.79	-95.15
Elwood	KS	39.75	-94.89
Elyria	KS	38.29	-97.63
Emmett	KS	39.31	-96.06
Emporia	KS	38.40	-96.19
Englewood	KS	37.04	-99.99
Ensign	KS	37.65	-100.23
Enterprise	KS	38.90	-97.12
Erie	KS	37.57	-95.24
Esbon	KS	39.82	-98.43
Eskridge	KS	38.86	-96.11
Eudora	KS	38.93	-95.09
Eureka	KS	37.83	-96.29
Everest	KS	39.68	-95.42
Fairview	KS	39.84	-95.73
Fairway	KS	39.02	-94.63
Fall River	KS	37.61	-96.03
Falun	KS	38.67	-97.75
Farlington	KS	37.62	-94.82
Florence	KS	38.24	-96.93
Fontana	KS	38.42	-94.84
Ford	KS	37.64	-99.75
Formoso	KS	39.78	-97.99
Fort Dodge	KS	37.73	-99.94
Fort Riley	KS	39.11	-96.81
Fort Scott	KS	37.83	-94.70
Fowler	KS	37.38	-100.20
Frankfort	KS	39.70	-96.42
Franklin	KS	37.52	-94.70
Frederick	KS	38.51	-98.27
Fredonia	KS	37.53	-95.82
Frontenac	KS	37.46	-94.70
Fulton	KS	38.01	-94.72
Furley	KS	37.88	-97.21
Galatia	KS	38.64	-98.96
Galena	KS	37.08	-94.64
Galesburg	KS	37.47	-95.36
Galva	KS	38.38	-97.54
Garden City	KS	37.98	-100.85
Garden Plain	KS	37.66	-97.68
Gardner	KS	38.81	-94.93
Garfield	KS	38.08	-99.24
Garland	KS	37.73	-94.62
Garnett	KS	38.29	-95.24
Gas	KS	37.92	-95.34
Gaylord	KS	39.65	-98.85
Gem	KS	39.43	-100.90
Geneseo	KS	38.52	-98.15
Geuda Springs	KS	37.11	-97.15
Girard	KS	37.51	-94.85
Glade	KS	39.68	-99.31
Glasco	KS	39.36	-97.84
Glen Elder	KS	39.50	-98.31
Goddard	KS	37.67	-97.56
Goessel	KS	38.25	-97.35
Goff	KS	39.66	-95.93
Goodland	KS	39.35	-101.71
Gorham	KS	38.88	-99.02
Gove City	KS	38.96	-100.49
Grainfield	KS	39.11	-100.47
Grandview Plaza	KS	39.03	-96.79
Grantville	KS	39.08	-95.56
Great Bend	KS	38.36	-98.80
Greeley	KS	38.37	-95.13
Greeley County	KS	38.48	-101.81
Green	KS	39.43	-97.00
Greenleaf	KS	39.73	-96.98
Greensburg	KS	37.60	-99.29
Greenwich	KS	37.78	-97.20
Grenola	KS	37.35	-96.45
Gridley	KS	38.10	-95.88
Grinnell	KS	39.13	-100.63
Gypsum	KS	38.71	-97.43
Haddam	KS	39.86	-97.30
Hallowell	KS	37.17	-95.00
Halstead	KS	38.00	-97.51
Hamilton	KS	37.98	-96.16
Hamlin	KS	39.92	-95.63
Hanover	KS	39.89	-96.88
Hanston	KS	38.12	-99.71
Hardtner	KS	37.01	-98.65
Harper	KS	37.29	-98.03
Harris	KS	38.32	-95.45
Hartford	KS	38.31	-95.96
Harveyville	KS	38.79	-95.96
Havana	KS	37.09	-95.94
Haven	KS	37.90	-97.78
Havensville	KS	39.51	-96.08
Haviland	KS	37.62	-99.11
Hays	KS	38.88	-99.32
Haysville	KS	37.57	-97.35
Hazelton	KS	37.09	-98.40
Healy	KS	38.60	-100.62
Hepler	KS	37.66	-94.97
Herington	KS	38.70	-96.81
Herkimer	KS	39.89	-96.71
Herndon	KS	39.91	-100.79
Hesston	KS	38.14	-97.43
Hiawatha	KS	39.85	-95.54
Highland	KS	39.86	-95.27
Hill City	KS	39.37	-99.84
Hillsboro	KS	38.35	-97.20
Hillsdale	KS	38.66	-94.86
Hoisington	KS	38.52	-98.78
Holcomb	KS	37.99	-100.99
Hollenberg	KS	39.98	-96.99
Holton	KS	39.47	-95.73
Holyrood	KS	38.59	-98.41
Home	KS	39.84	-96.52
Hope	KS	38.69	-97.08
Horace	KS	38.48	-101.79
Horton	KS	39.66	-95.53
Howard	KS	37.47	-96.26
Hoxie	KS	39.36	-100.44
Hoyt	KS	39.25	-95.71
Hudson	KS	38.10	-98.66
Hugoton	KS	37.17	-101.34
Humboldt	KS	37.81	-95.44
Hunnewell	KS	37.00	-97.41
Hunter	KS	39.24	-98.40
Huron	KS	39.64	-95.35
Hutchinson	KS	38.07	-97.91
Idana	KS	39.36	-97.27
Independence	KS	37.23	-95.71
Ingalls	KS	37.83	-100.45
Inman	KS	38.23	-97.77
Iola	KS	37.93	-95.40
Ionia	KS	39.66	-98.34
Isabel	KS	37.47	-98.55
Iuka	KS	37.73	-98.73
Jamestown	KS	39.60	-97.86
Jennings	KS	39.68	-100.29
Jetmore	KS	37.99	-99.88
Jewell	KS	39.67	-98.15
Johnson City	KS	37.57	-101.74
Junction City	KS	39.03	-96.85
Kanopolis	KS	38.71	-98.16
Kanorado	KS	39.34	-102.04
Kansas City	KS	39.12	-94.74
Keats	KS	39.22	-96.71
Kechi	KS	37.79	-97.27
Kelly	KS	39.74	-96.00
Kensington	KS	39.77	-99.03
Kickapoo Site 1	KS	39.71	-95.65
Kickapoo Site 2	KS	39.70	-95.65
Kickapoo Site 5	KS	39.67	-95.68
Kickapoo Site 6	KS	39.69	-95.69
Kickapoo Site 7	KS	39.69	-95.67
Kickapoo Tribal Center	KS	39.67	-95.65
Kincaid	KS	38.08	-95.16
Kingman	KS	37.65	-98.12
Kinsley	KS	37.92	-99.41
Kiowa	KS	37.02	-98.48
Kipp	KS	38.78	-97.46
Kirwin	KS	39.67	-99.12
Kismet	KS	37.20	-100.70
La Crosse	KS	38.53	-99.31
La Cygne	KS	38.35	-94.76
La Harpe	KS	37.92	-95.30
Labette	KS	37.23	-95.18
Lafontaine	KS	37.40	-95.84
Lake City	KS	37.36	-98.83
Lake Quivira	KS	39.04	-94.77
Lakin	KS	37.94	-101.26
Lancaster	KS	39.57	-95.30
Lane	KS	38.44	-95.08
Langdon	KS	37.85	-98.32
Lansing	KS	39.24	-94.90
Larned	KS	38.18	-99.10
Latham	KS	37.54	-96.64
Latimer	KS	38.74	-96.85
Lawrence	KS	38.96	-95.26
LeRoy	KS	38.09	-95.63
Leavenworth	KS	39.32	-94.93
Leawood	KS	38.91	-94.63
Lebanon	KS	39.81	-98.56
Lebo	KS	38.42	-95.86
Lecompton	KS	39.03	-95.40
Lehigh	KS	38.37	-97.30
Lenexa	KS	38.97	-94.80
Lenora	KS	39.61	-100.00
Leon	KS	37.69	-96.78
Leona	KS	39.79	-95.32
Leonardville	KS	39.36	-96.86
Leoti	KS	38.48	-101.36
Levant	KS	39.39	-101.19
Lewis	KS	37.94	-99.25
Liberal	KS	37.05	-100.93
Liberty	KS	37.16	-95.60
Liebenthal	KS	38.65	-99.32
Lincoln Center	KS	39.04	-98.15
Lincolnville	KS	38.49	-96.96
Lindsborg	KS	38.58	-97.67
Linn	KS	39.68	-97.09
Linn Valley	KS	38.38	-94.71
Linwood	KS	39.00	-95.04
Little River	KS	38.40	-98.01
Logan	KS	39.66	-99.57
Lone Elm	KS	38.08	-95.24
Long Island	KS	39.95	-99.53
Longford	KS	39.17	-97.33
Longton	KS	37.38	-96.08
Lorraine	KS	38.57	-98.32
Lost Springs	KS	38.57	-96.97
Louisburg	KS	38.62	-94.68
Louisville	KS	39.25	-96.31
Lowell	KS	37.05	-94.70
Lucas	KS	39.06	-98.54
Ludell	KS	39.86	-100.96
Luray	KS	39.11	-98.69
Lyndon	KS	38.61	-95.68
Lyons	KS	38.35	-98.20
Macksville	KS	37.96	-98.97
Madison	KS	38.13	-96.14
Mahaska	KS	39.99	-97.35
Maize	KS	37.77	-97.46
Manchester	KS	39.09	-97.32
Manhattan	KS	39.19	-96.61
Mankato	KS	39.79	-98.21
Manter	KS	37.52	-101.88
Maple Hill	KS	39.09	-96.03
Mapleton	KS	38.02	-94.88
Marienthal	KS	38.49	-101.22
Marion	KS	38.35	-97.01
Marquette	KS	38.56	-97.83
Marysville	KS	39.84	-96.64
Matfield Green	KS	38.16	-96.56
Mayetta	KS	39.34	-95.72
Mayfield	KS	37.26	-97.54
McConnell AFB	KS	37.63	-97.26
McCracken	KS	38.58	-99.57
McCune	KS	37.35	-95.02
McDonald	KS	39.78	-101.37
McFarland	KS	39.05	-96.24
McLouth	KS	39.20	-95.21
McPherson	KS	38.37	-97.66
Meade	KS	37.28	-100.34
Medicine Lodge	KS	37.29	-98.58
Melvern	KS	38.51	-95.64
Menlo	KS	39.36	-100.72
Mentor	KS	38.74	-97.60
Meriden	KS	39.19	-95.57
Merriam	KS	39.02	-94.69
Milan	KS	37.26	-97.67
Mildred	KS	38.02	-95.17
Milford	KS	39.17	-96.91
Milton	KS	37.44	-97.77
Miltonvale	KS	39.35	-97.45
Minneapolis	KS	39.12	-97.70
Minneola	KS	37.44	-100.01
Mission	KS	39.03	-94.66
Mission Hills	KS	39.01	-94.62
Mission Woods	KS	39.03	-94.61
Moline	KS	37.36	-96.30
Mont Ida	KS	38.22	-95.36
Montezuma	KS	37.59	-100.45
Monument	KS	39.10	-101.01
Moran	KS	37.92	-95.17
Morganville	KS	39.47	-97.20
Morland	KS	39.35	-100.07
Morrill	KS	39.93	-95.69
Morrowville	KS	39.85	-97.17
Moscow	KS	37.33	-101.21
Mound City	KS	38.14	-94.82
Mound Valley	KS	37.21	-95.40
Moundridge	KS	38.20	-97.51
Mount Hope	KS	37.87	-97.66
Mulberry	KS	37.56	-94.62
Mullinville	KS	37.59	-99.48
Mulvane	KS	37.48	-97.24
Munden	KS	39.91	-97.54
Munjor	KS	38.81	-99.27
Murdock	KS	37.61	-97.93
Muscotah	KS	39.55	-95.52
Narka	KS	39.96	-97.43
Nashville	KS	37.44	-98.42
Natoma	KS	39.19	-99.02
Navarre	KS	38.80	-97.11
Neal	KS	37.83	-96.08
Neodesha	KS	37.42	-95.68
Neosho Falls	KS	38.01	-95.56
Neosho Rapids	KS	38.37	-95.99
Ness City	KS	38.45	-99.90
Netawaka	KS	39.60	-95.72
New Albany	KS	37.57	-95.94
New Cambria	KS	38.88	-97.51
New Salem	KS	37.31	-96.89
New Strawn	KS	38.26	-95.74
Newbury	KS	39.08	-96.17
Newton	KS	38.04	-97.35
Nickerson	KS	38.15	-98.09
Nicodemus	KS	39.39	-99.61
Niles	KS	38.97	-97.46
Niotaze	KS	37.07	-96.01
Norcatur	KS	39.83	-100.19
North Newton	KS	38.08	-97.35
Norton	KS	39.84	-99.89
Nortonville	KS	39.42	-95.33
Norway	KS	39.70	-97.77
Norwich	KS	37.46	-97.85
Oak Hill	KS	39.25	-97.34
Oaklawn-Sunview	KS	37.61	-97.30
Oakley	KS	39.12	-100.84
Oberlin	KS	39.82	-100.53
Odin	KS	38.57	-98.62
Offerle	KS	37.89	-99.56
Ogallah	KS	38.99	-99.73
Ogden	KS	39.11	-96.70
Oketo	KS	39.96	-96.60
Olathe	KS	38.88	-94.82
Olivet	KS	38.48	-95.75
Olmitz	KS	38.52	-98.94
Olpe	KS	38.26	-96.17
Olsburg	KS	39.43	-96.62
Onaga	KS	39.49	-96.17
Oneida	KS	39.87	-95.94
Opolis	KS	37.35	-94.62
Osage City	KS	38.63	-95.82
Osawatomie	KS	38.50	-94.95
Osborne	KS	39.44	-98.70
Oskaloosa	KS	39.22	-95.31
Oswego	KS	37.17	-95.11
Otis	KS	38.53	-99.05
Ottawa	KS	38.60	-95.26
Overbrook	KS	38.78	-95.56
Overland Park	KS	38.89	-94.69
Oxford	KS	37.27	-97.17
Ozawkie	KS	39.24	-95.47
Palco	KS	39.25	-99.56
Palmer	KS	39.63	-97.14
Paola	KS	38.58	-94.86
Paradise	KS	39.11	-98.92
Park	KS	39.11	-100.36
Park City	KS	37.81	-97.33
Parker	KS	38.33	-94.99
Parkerfield	KS	37.07	-97.00
Parkerville	KS	38.76	-96.66
Parsons	KS	37.33	-95.26
Partridge	KS	37.97	-98.09
Pawnee Rock	KS	38.26	-98.98
Paxico	KS	39.07	-96.17
Peabody	KS	38.17	-97.10
Peck	KS	37.48	-97.37
Penalosa	KS	37.72	-98.32
Perry	KS	39.07	-95.39
Peru	KS	37.08	-96.10
Phillipsburg	KS	39.75	-99.32
Piedmont	KS	37.62	-96.38
Pierceville	KS	37.88	-100.68
Pilsen	KS	38.47	-97.03
Piqua	KS	37.92	-95.54
Pittsburg	KS	37.41	-94.70
Plains	KS	37.26	-100.59
Plainville	KS	39.23	-99.30
Pleasanton	KS	38.18	-94.71
Plevna	KS	37.97	-98.31
Pomona	KS	38.61	-95.45
Portis	KS	39.56	-98.69
Potwin	KS	37.94	-97.02
Powhattan	KS	39.76	-95.63
Prairie View	KS	39.83	-99.57
Prairie Village	KS	38.99	-94.64
Pratt	KS	37.70	-98.77
Prescott	KS	38.06	-94.69
Preston	KS	37.76	-98.56
Pretty Prairie	KS	37.78	-98.02
Princeton	KS	38.49	-95.27
Protection	KS	37.20	-99.48
Quenemo	KS	38.58	-95.53
Quinter	KS	39.07	-100.23
Radium	KS	38.17	-98.89
Radley	KS	37.48	-94.76
Ramona	KS	38.60	-97.06
Randall	KS	39.64	-98.05
Randolph	KS	39.43	-96.76
Ransom	KS	38.64	-99.93
Rantoul	KS	38.55	-95.10
Raymond	KS	38.28	-98.41
Reading	KS	38.52	-95.96
Redfield	KS	37.84	-94.88
Republic	KS	39.92	-97.82
Reserve	KS	39.98	-95.57
Rexford	KS	39.47	-100.74
Richfield	KS	37.27	-101.78
Richmond	KS	38.40	-95.25
Riley	KS	39.30	-96.83
Ringo	KS	37.51	-94.77
Riverton	KS	37.07	-94.71
Robinson	KS	39.82	-95.41
Rock	KS	37.44	-97.01
Roeland Park	KS	39.04	-94.64
Rolla	KS	37.12	-101.63
Rosalia	KS	37.82	-96.63
Rose Hill	KS	37.57	-97.14
Roseland	KS	37.28	-94.84
Rossville	KS	39.14	-95.95
Roxbury	KS	38.55	-97.43
Rozel	KS	38.20	-99.40
Rush Center	KS	38.46	-99.31
Russell	KS	38.89	-98.85
Russell Springs	KS	38.91	-101.18
Sabetha	KS	39.91	-95.79
Salina	KS	38.81	-97.61
Satanta	KS	37.44	-100.99
Savonburg	KS	37.75	-95.14
Sawyer	KS	37.50	-98.68
Scammon	KS	37.28	-94.82
Scandia	KS	39.80	-97.78
Schoenchen	KS	38.71	-99.33
Scott City	KS	38.48	-100.90
Scottsville	KS	39.54	-97.95
Scranton	KS	38.78	-95.74
Sedan	KS	37.13	-96.18
Sedgwick	KS	37.92	-97.42
Selden	KS	39.54	-100.57
Seneca	KS	39.84	-96.07
Severance	KS	39.77	-95.25
Severy	KS	37.62	-96.23
Seward	KS	38.18	-98.79
Shallow Water	KS	38.37	-100.91
Sharon	KS	37.25	-98.42
Sharon Springs	KS	38.89	-101.75
Shawnee	KS	39.02	-94.81
Silver Lake	KS	39.10	-95.86
Silverdale	KS	37.04	-96.90
Simpson	KS	39.39	-97.93
Smith Center	KS	39.77	-98.78
Smolan	KS	38.74	-97.68
Soldier	KS	39.54	-95.97
Solomon	KS	38.92	-97.37
Somerset	KS	38.60	-94.78
South Haven	KS	37.05	-97.40
South Hutchinson	KS	38.02	-97.94
South Mound	KS	37.44	-95.22
Spearville	KS	37.85	-99.75
Speed	KS	39.68	-99.42
Spivey	KS	37.45	-98.17
Spring Hill	KS	38.76	-94.82
St. Benedict	KS	39.89	-96.10
St. Francis	KS	39.77	-101.80
St. George	KS	39.19	-96.42
St. John	KS	38.00	-98.76
St. Marks	KS	37.74	-97.56
St. Marys	KS	39.19	-96.06
St. Paul	KS	37.52	-95.17
Stafford	KS	37.96	-98.60
Stark	KS	37.69	-95.14
Sterling	KS	38.21	-98.21
Stockton	KS	39.43	-99.28
Strong City	KS	38.40	-96.54
Stuttgart	KS	39.80	-99.45
Sublette	KS	37.48	-100.85
Summerfield	KS	40.00	-96.35
Sun City	KS	37.38	-98.92
Susank	KS	38.64	-98.77
Sycamore	KS	37.32	-95.72
Sylvan Grove	KS	39.01	-98.39
Sylvia	KS	37.96	-98.41
Syracuse	KS	37.95	-101.80
Talmage	KS	39.03	-97.26
Tampa	KS	38.55	-97.15
Tecumseh	KS	39.03	-95.58
Tescott	KS	39.01	-97.88
Thayer	KS	37.49	-95.48
The Highlands	KS	38.17	-97.95
Timken	KS	38.47	-99.18
Tipton	KS	39.34	-98.47
Tonganoxie	KS	39.11	-95.08
Topeka	KS	39.03	-95.69
Toronto	KS	37.80	-95.95
Towanda	KS	37.79	-96.99
Tribune	KS	38.47	-101.75
Troy	KS	39.79	-95.09
Turon	KS	37.81	-98.43
Tyro	KS	37.04	-95.82
Udall	KS	37.39	-97.12
Ulysses	KS	37.58	-101.35
Uniontown	KS	37.85	-94.98
Urbana	KS	37.56	-95.40
Utica	KS	38.64	-100.17
Valley Center	KS	37.83	-97.36
Valley Falls	KS	39.34	-95.46
Vassar	KS	38.65	-95.61
Vermillion	KS	39.72	-96.27
Victoria	KS	38.85	-99.15
Vining	KS	39.57	-97.29
Viola	KS	37.48	-97.64
Virgil	KS	37.98	-96.01
WaKeeney	KS	39.02	-99.88
Wabaunsee	KS	39.14	-96.34
Wakarusa	KS	38.89	-95.70
Wakefield	KS	39.22	-97.02
Waldo	KS	39.12	-98.80
Waldron	KS	37.00	-98.18
Wallace	KS	38.91	-101.59
Walnut	KS	37.60	-95.07
Walton	KS	38.12	-97.26
Wamego	KS	39.21	-96.31
Washington	KS	39.82	-97.05
Waterville	KS	39.69	-96.75
Wathena	KS	39.76	-94.93
Waverly	KS	38.40	-95.61
Wayside	KS	37.13	-95.87
Webber	KS	39.93	-98.04
Weir	KS	37.31	-94.77
Welda	KS	38.17	-95.29
Wellington	KS	37.28	-97.41
Wells	KS	39.14	-97.55
Wellsville	KS	38.72	-95.08
Weskan	KS	38.87	-101.97
West Mineral	KS	37.28	-94.93
Westmoreland	KS	39.39	-96.41
Westphalia	KS	38.18	-95.49
Westwood	KS	39.04	-94.62
Westwood Hills	KS	39.04	-94.61
Wetmore	KS	39.64	-95.81
Wheaton	KS	39.50	-96.32
White City	KS	38.79	-96.73
White Cloud	KS	39.97	-95.30
Whitewater	KS	37.96	-97.15
Whiting	KS	39.59	-95.61
Wichita	KS	37.69	-97.35
Willard	KS	39.09	-95.94
Williamsburg	KS	38.48	-95.47
Williamstown	KS	39.06	-95.33
Willis	KS	39.72	-95.51
Willowbrook	KS	38.10	-97.99
Wilmore	KS	37.34	-99.21
Wilroads Gardens	KS	37.72	-99.93
Wilsey	KS	38.64	-96.68
Wilson	KS	38.83	-98.47
Winchester	KS	39.32	-95.27
Windom	KS	38.38	-97.91
Winfield	KS	37.24	-96.98
Winona	KS	39.06	-101.24
Woodbine	KS	38.80	-96.96
Woodruff	KS	39.99	-99.43
Woodston	KS	39.45	-99.10
Wright	KS	37.78	-99.89
Yale	KS	37.49	-94.65
Yates Center	KS	37.87	-95.75
Yoder	KS	37.95	-97.87
Zeandale	KS	39.16	-96.43
Zenda	KS	37.44	-98.28
Zurich	KS	39.23	-99.43
Adairville	KY	36.68	-86.86
Ages	KY	36.86	-83.24
Albany	KY	36.69	-85.14
Alexandria	KY	38.97	-84.38
Allen	KY	37.61	-82.73
Allensville	KY	36.72	-87.07
Anchorage	KY	38.27	-85.54
Annville	KY	37.33	-83.96
Anthoston	KY	37.76	-87.53
Arjay	KY	36.81	-83.64
Arlington	KY	36.79	-89.01
Artemus	KY	36.84	-83.84
Ashland	KY	38.46	-82.65
Auburn	KY	36.86	-86.71
Audubon Park	KY	38.21	-85.73
Augusta	KY	38.77	-84.00
Auxier	KY	37.73	-82.77
Bancroft	KY	38.29	-85.61
Bandana	KY	37.14	-88.94
Barbourmeade	KY	38.30	-85.60
Barbourville	KY	36.87	-83.88
Bardstown	KY	37.82	-85.46
Bardwell	KY	36.88	-89.01
Barlow	KY	37.05	-89.04
Beattyville	KY	37.59	-83.71
Beaver Dam	KY	37.40	-86.87
Bedford	KY	38.60	-85.32
Beech Grove	KY	37.62	-87.39
Beechmont	KY	37.17	-87.04
Beechwood Village	KY	38.26	-85.63
Belfry	KY	37.62	-82.27
Bellefonte	KY	38.50	-82.69
Bellemeade	KY	38.25	-85.59
Belleview	KY	38.98	-84.83
Bellevue	KY	39.10	-84.48
Bellewood	KY	38.26	-85.66
Benham	KY	36.96	-82.95
Benton	KY	36.85	-88.36
Berea	KY	37.59	-84.29
Berry	KY	38.52	-84.38
Betsy Layne	KY	37.55	-82.62
Big Clifty	KY	37.54	-86.15
Blackey	KY	37.14	-82.99
Blaine	KY	38.03	-82.84
Blandville	KY	36.95	-88.96
Bloomfield	KY	37.91	-85.32
Blue Ridge Manor	KY	38.24	-85.56
Bonnieville	KY	37.38	-85.90
Booneville	KY	37.47	-83.68
Boston	KY	37.78	-85.69
Bowling Green	KY	36.98	-86.44
Bradfordsville	KY	37.49	-85.15
Brandenburg	KY	38.00	-86.18
Breckinridge Center	KY	37.68	-87.87
Bremen	KY	37.36	-87.22
Briarwood	KY	38.28	-85.59
Brodhead	KY	37.41	-84.42
Broeck Pointe	KY	38.30	-85.59
Bromley	KY	39.08	-84.56
Brooks	KY	38.07	-85.72
Brooksville	KY	38.68	-84.07
Brownsboro Farm	KY	38.30	-85.59
Brownsboro Village	KY	38.26	-85.67
Brownsville	KY	37.19	-86.27
Buckhorn	KY	37.35	-83.47
Buckner	KY	38.39	-85.45
Buffalo	KY	37.51	-85.70
Burgin	KY	37.76	-84.76
Burkesville	KY	36.79	-85.36
Burlington	KY	39.02	-84.72
Burna	KY	37.24	-88.36
Burnside	KY	37.00	-84.64
Butler	KY	38.79	-84.37
Cadiz	KY	36.86	-87.82
Calhoun	KY	37.54	-87.26
California	KY	38.92	-84.26
Calvert City	KY	37.05	-88.40
Camargo	KY	38.00	-83.89
Cambridge	KY	38.22	-85.62
Campbellsburg	KY	38.51	-85.23
Campbellsville	KY	37.34	-85.35
Campton	KY	37.74	-83.55
Caneyville	KY	37.42	-86.50
Cannonsburg	KY	38.38	-82.70
Carlisle	KY	38.32	-84.03
Carrollton	KY	38.68	-85.17
Carrsville	KY	37.40	-88.38
Catlettsburg	KY	38.42	-82.60
Cave City	KY	37.14	-85.96
Cawood	KY	36.79	-83.23
Cayce	KY	36.56	-89.03
Cecilia	KY	37.66	-85.95
Centertown	KY	37.42	-87.00
Central City	KY	37.30	-87.13
Cerulean	KY	36.95	-87.71
Chaplin	KY	37.90	-85.22
Clarkson	KY	37.49	-86.23
Claryville	KY	38.91	-84.41
Clay	KY	37.48	-87.82
Clay City	KY	37.86	-83.93
Cleaton	KY	37.25	-87.09
Clinton	KY	36.67	-88.99
Cloverport	KY	37.83	-86.63
Coal Run Village	KY	37.53	-82.55
Cold Spring	KY	39.02	-84.43
Coldiron	KY	36.83	-83.45
Coldstream	KY	38.31	-85.53
Columbia	KY	37.10	-85.31
Columbus	KY	36.76	-89.10
Combs	KY	37.27	-83.22
Concord	KY	38.69	-83.49
Corbin	KY	36.93	-84.10
Corinth	KY	38.50	-84.61
Corydon	KY	37.74	-87.71
Covington	KY	39.04	-84.52
Coxton	KY	36.86	-83.27
Crab Orchard	KY	37.46	-84.51
Crayne	KY	37.28	-88.09
Creekside	KY	38.29	-85.57
Crescent Springs	KY	39.06	-84.58
Crestview	KY	39.02	-84.42
Crestview Hills	KY	39.02	-84.57
Crestwood	KY	38.34	-85.48
Crittenden	KY	38.79	-84.60
Crofton	KY	37.05	-87.48
Crossgate	KY	38.28	-85.63
Cumberland	KY	36.99	-83.00
Cunningham	KY	36.91	-88.89
Curdsville	KY	37.74	-87.33
Cynthiana	KY	38.38	-84.30
Danville	KY	37.64	-84.78
Dawson Springs	KY	37.17	-87.69
Dayton	KY	39.11	-84.46
Dexter	KY	36.74	-88.30
Diablock	KY	37.23	-83.17
Dixon	KY	37.51	-87.69
Doe Valley	KY	37.98	-86.11
Douglass Hills	KY	38.24	-85.55
Dover	KY	38.76	-83.89
Drakesboro	KY	37.22	-87.05
Druid Hills	KY	38.26	-85.66
Dry Ridge	KY	38.69	-84.60
Dunmor	KY	37.08	-86.99
Dwale	KY	37.63	-82.73
Earlington	KY	37.28	-87.51
East Bernstadt	KY	37.19	-84.13
Eddyville	KY	37.08	-88.07
Edgewood	KY	39.01	-84.56
Edmonton	KY	36.99	-85.62
Ekron	KY	37.93	-86.18
Elizabethtown	KY	37.70	-85.88
Elizaville	KY	38.41	-83.82
Elk Creek	KY	38.12	-85.37
Elkhorn City	KY	37.32	-82.35
Elkton	KY	36.82	-87.16
Elsmere	KY	38.99	-84.60
Eminence	KY	38.36	-85.18
Emlyn	KY	36.70	-84.14
Erlanger	KY	39.04	-84.60
Eubank	KY	37.28	-84.65
Evarts	KY	36.87	-83.19
Ewing	KY	38.43	-83.86
Ezel	KY	37.89	-83.44
Fairfield	KY	37.93	-85.39
Fairview	KY	36.84	-87.31
Falmouth	KY	38.67	-84.33
Fancy Farm	KY	36.80	-88.79
Farley	KY	37.04	-88.57
Farmers	KY	38.14	-83.54
Farmington	KY	36.67	-88.53
Ferguson	KY	37.06	-84.60
Fincastle	KY	38.31	-85.54
Flat Lick	KY	36.83	-83.76
Flatwoods	KY	38.52	-82.72
Fleming-Neon	KY	37.20	-82.70
Flemingsburg	KY	38.42	-83.74
Florence	KY	38.99	-84.65
Fordsville	KY	37.63	-86.72
Forest Hills	KY	38.22	-85.59
Fort Campbell North	KY	36.66	-87.48
Fort Knox	KY	37.89	-85.97
Fort Mitchell	KY	39.05	-84.56
Fort Thomas	KY	39.08	-84.46
Fort Wright	KY	39.05	-84.54
Fountain Run	KY	36.73	-85.96
Fox Chase	KY	38.05	-85.69
Francisville	KY	39.11	-84.73
Frankfort	KY	38.19	-84.87
Franklin	KY	36.72	-86.56
Fredonia	KY	37.21	-88.06
Freeburn	KY	37.56	-82.15
Frenchburg	KY	37.95	-83.62
Fulton	KY	36.51	-88.88
Gamaliel	KY	36.64	-85.79
Garrison	KY	38.61	-83.18
Georgetown	KY	38.26	-84.53
Germantown	KY	38.66	-83.96
Ghent	KY	38.73	-85.06
Gilbertsville	KY	37.02	-88.31
Glasgow	KY	37.00	-85.93
Glencoe	KY	38.72	-84.82
Glenview	KY	38.30	-85.65
Glenview Hills	KY	38.30	-85.64
Glenview Manor	KY	38.29	-85.63
Goose Creek	KY	38.29	-85.59
Goshen	KY	38.40	-85.58
Gracey	KY	36.88	-87.66
Grand Rivers	KY	37.00	-88.23
Gratz	KY	38.47	-84.95
Graymoor-Devondale	KY	38.27	-85.62
Grayson	KY	38.33	-82.94
Green Spring	KY	38.32	-85.61
Greensburg	KY	37.26	-85.49
Greenup	KY	38.57	-82.83
Greenville	KY	37.21	-87.18
Guthrie	KY	36.65	-87.17
Hanson	KY	37.42	-87.48
Hardin	KY	36.77	-88.30
Hardinsburg	KY	37.77	-86.45
Hardyville	KY	37.25	-85.79
Harlan	KY	36.84	-83.32
Harrodsburg	KY	37.77	-84.85
Hartford	KY	37.45	-86.89
Hawesville	KY	37.89	-86.76
Hazard	KY	37.26	-83.20
Hazel	KY	36.51	-88.33
Hazel Green	KY	37.80	-83.42
Hebron	KY	39.06	-84.71
Hebron Estates	KY	38.05	-85.67
Henderson	KY	37.84	-87.58
Hendron	KY	37.03	-88.65
Heritage Creek	KY	38.09	-85.61
Hickman	KY	36.57	-89.18
Hickory	KY	36.82	-88.65
Hickory Hill	KY	38.29	-85.57
High Bridge	KY	37.83	-84.70
Highland Heights	KY	39.04	-84.46
Hills and Dales	KY	38.30	-85.62
Hillview	KY	38.06	-85.70
Hindman	KY	37.33	-82.98
Hiseville	KY	37.10	-85.82
Hodgenville	KY	37.56	-85.73
Hollow Creek	KY	38.15	-85.62
Hollyvilla	KY	38.09	-85.75
Hopkinsville	KY	36.84	-87.47
Horse Cave	KY	37.17	-85.92
Houston Acres	KY	38.21	-85.61
Hunters Hollow	KY	38.08	-85.69
Hurstbourne	KY	38.24	-85.59
Hurstbourne Acres	KY	38.22	-85.59
Hustonville	KY	37.48	-84.81
Hyden	KY	37.16	-83.38
Independence	KY	38.96	-84.55
Indian Hills	KY	38.29	-85.67
Inez	KY	37.87	-82.54
Ironville	KY	38.46	-82.70
Irvine	KY	37.70	-83.97
Irvington	KY	37.88	-86.29
Island	KY	37.44	-87.15
Jackson	KY	37.57	-83.38
Jamestown	KY	36.99	-85.06
Jeff	KY	37.21	-83.14
Jeffersontown	KY	38.21	-85.57
Jeffersonville	KY	37.97	-83.86
Jenkins	KY	37.17	-82.65
Junction City	KY	37.59	-84.79
Keene	KY	37.94	-84.64
Kenton Vale	KY	39.05	-84.52
Kenvir	KY	36.85	-83.15
Kevil	KY	37.08	-88.88
Kingsley	KY	38.22	-85.67
Knottsville	KY	37.77	-86.91
Kuttawa	KY	37.06	-88.11
La Center	KY	37.07	-88.98
La Grange	KY	38.40	-85.38
LaFayette	KY	36.66	-87.66
Lakeside Park	KY	39.03	-84.57
Lakeview Heights	KY	38.15	-83.50
Lancaster	KY	37.62	-84.58
Langdon Place	KY	38.29	-85.58
Lawrenceburg	KY	38.03	-84.90
Lebanon	KY	37.57	-85.26
Lebanon Junction	KY	37.84	-85.72
Ledbetter	KY	37.05	-88.50
Leitchfield	KY	37.49	-86.28
Lewisburg	KY	36.99	-86.95
Lewisport	KY	37.93	-86.90
Lexington-Fayette urban	KY	38.04	-84.46
Liberty	KY	37.32	-84.93
Lincolnshire	KY	38.22	-85.62
Livermore	KY	37.49	-87.13
Livingston	KY	37.30	-84.22
London	KY	37.11	-84.08
Loretto	KY	37.64	-85.39
Louisa	KY	38.11	-82.62
Louisville	KY	38.22	-85.74
Louisville/Jefferson County	KY	38.17	-85.65
Lovelaceville	KY	36.97	-88.83
Lowes	KY	36.88	-88.77
Loyall	KY	36.85	-83.35
Ludlow	KY	39.09	-84.55
Lynch	KY	36.96	-82.91
Lyndon	KY	38.26	-85.59
Lynnview	KY	38.18	-85.71
Maceo	KY	37.86	-86.99
Mackville	KY	37.73	-85.07
Madisonville	KY	37.34	-87.50
Magnolia	KY	37.46	-85.73
Manchester	KY	37.15	-83.76
Manitou	KY	37.37	-87.58
Manor Creek	KY	38.30	-85.59
Marion	KY	37.33	-88.08
Marrowbone	KY	36.83	-85.50
Martin	KY	37.57	-82.76
Maryhill Estates	KY	38.27	-85.65
Masonville	KY	37.67	-87.06
Massac	KY	37.03	-88.69
Mayfield	KY	36.74	-88.64
Mayking	KY	37.14	-82.77
Mays Lick	KY	38.52	-83.85
Maysville	KY	38.65	-83.79
Maytown	KY	37.53	-82.80
McCarr	KY	37.62	-82.17
McDowell	KY	37.46	-82.73
McHenry	KY	37.38	-86.92
McKee	KY	37.43	-83.99
McKinney	KY	37.45	-84.76
McRoberts	KY	37.22	-82.67
Meadow Vale	KY	38.28	-85.57
Meadowbrook Farm	KY	38.28	-85.57
Meadowview Estates	KY	38.22	-85.64
Melbourne	KY	39.03	-84.37
Mentor	KY	38.89	-84.25
Middlesborough	KY	36.61	-83.72
Middletown	KY	38.24	-85.52
Midway	KY	38.15	-84.69
Millersburg	KY	38.31	-84.14
Millstone	KY	37.16	-82.75
Milton	KY	38.72	-85.38
Mockingbird Valley	KY	38.27	-85.68
Monterey	KY	38.42	-84.87
Monticello	KY	36.84	-84.85
Moorland	KY	38.27	-85.58
Morehead	KY	38.19	-83.45
Morganfield	KY	37.69	-87.88
Morgantown	KY	37.22	-86.70
Mortons Gap	KY	37.24	-87.47
Moseleyville	KY	37.68	-87.20
Mount Olivet	KY	38.53	-84.03
Mount Sterling	KY	38.07	-83.95
Mount Vernon	KY	37.36	-84.33
Mount Washington	KY	38.04	-85.56
Muldraugh	KY	37.94	-85.99
Munfordville	KY	37.28	-85.90
Murray	KY	36.61	-88.32
Murray Hill	KY	38.29	-85.59
Nebo	KY	37.38	-87.64
New Castle	KY	38.43	-85.17
New Haven	KY	37.66	-85.59
New Hope	KY	37.63	-85.50
Newport	KY	39.09	-84.49
Nicholasville	KY	37.89	-84.57
Norbourne Estates	KY	38.25	-85.65
North Corbin	KY	36.97	-84.10
North Middletown	KY	38.14	-84.11
Northfield	KY	38.29	-85.64
Nortonville	KY	37.19	-87.46
Norwood	KY	38.25	-85.61
Oak Grove	KY	36.67	-87.42
Oakbrook	KY	39.00	-84.68
Oakland	KY	37.05	-86.25
Old Brownsboro Place	KY	38.29	-85.61
Olive Hill	KY	38.31	-83.17
Oneida	KY	37.27	-83.65
Onton	KY	37.56	-87.44
Orchard Grass Hills	KY	38.32	-85.52
Owensboro	KY	37.76	-87.12
Owenton	KY	38.54	-84.84
Owingsville	KY	38.14	-83.76
Paducah	KY	37.07	-88.64
Paintsville	KY	37.82	-82.81
Panther	KY	37.64	-87.23
Paris	KY	38.20	-84.27
Park City	KY	37.09	-86.05
Park Hills	KY	39.07	-84.53
Parkway Village	KY	38.21	-85.74
Pathfork	KY	36.76	-83.47
Payne Gap	KY	37.15	-82.67
Pembroke	KY	36.77	-87.36
Perryville	KY	37.65	-84.95
Petersburg	KY	39.05	-84.85
Pewee Valley	KY	38.31	-85.49
Phelps	KY	37.51	-82.16
Philpot	KY	37.74	-87.00
Pikeville	KY	37.48	-82.53
Pine Knot	KY	36.67	-84.44
Pineville	KY	36.75	-83.71
Pioneer Village	KY	38.06	-85.68
Pippa Passes	KY	37.33	-82.87
Plano	KY	36.88	-86.42
Plantation	KY	38.28	-85.59
Pleasant Ridge	KY	37.60	-86.99
Pleasant View	KY	36.68	-84.13
Pleasureville	KY	38.35	-85.11
Plum Springs	KY	37.02	-86.38
Poole	KY	37.64	-87.65
Poplar Hills	KY	38.18	-85.69
Powderly	KY	37.24	-87.15
Prestonsburg	KY	37.68	-82.77
Prestonville	KY	38.68	-85.19
Princeton	KY	37.11	-87.88
Prospect	KY	38.35	-85.61
Providence	KY	37.40	-87.75
Pryorsburg	KY	36.69	-88.71
Rabbit Hash	KY	38.93	-84.85
Raceland	KY	38.54	-82.74
Radcliff	KY	37.82	-85.94
Ravenna	KY	37.69	-83.95
Raywick	KY	37.56	-85.44
Reidland	KY	37.01	-88.53
Richlawn	KY	38.25	-85.64
Richmond	KY	37.73	-84.30
Rineyville	KY	37.74	-85.97
River Bluff	KY	38.37	-85.60
Riverwood	KY	38.28	-85.66
Robards	KY	37.68	-87.53
Rochester	KY	37.21	-86.89
Rockholds	KY	36.83	-84.11
Rockport	KY	37.34	-86.99
Rolling Fields	KY	38.27	-85.67
Rolling Hills	KY	38.28	-85.58
Rosine	KY	37.45	-86.74
Russell	KY	38.51	-82.70
Russell Springs	KY	37.05	-85.08
Russellville	KY	36.84	-86.90
Ryland Heights	KY	38.98	-84.43
Sacramento	KY	37.42	-87.27
Sadieville	KY	38.39	-84.55
Salem	KY	37.26	-88.24
Salt Lick	KY	38.12	-83.62
Salvisa	KY	37.93	-84.86
Salyersville	KY	37.74	-83.06
Sanders	KY	38.65	-84.95
Sandy Hook	KY	38.09	-83.12
Sardis	KY	38.53	-83.95
Science Hill	KY	37.17	-84.63
Scottsville	KY	36.75	-86.21
Sebree	KY	37.60	-87.51
Sedalia	KY	36.65	-88.60
Seneca Gardens	KY	38.23	-85.68
Sharpsburg	KY	38.20	-83.93
Shelbyville	KY	38.21	-85.23
Shepherdsville	KY	37.98	-85.70
Shively	KY	38.20	-85.81
Silver Grove	KY	39.04	-84.40
Simpsonville	KY	38.22	-85.35
Slaughters	KY	37.49	-87.51
Smithfield	KY	38.39	-85.25
Smithland	KY	37.14	-88.40
Smiths Grove	KY	37.05	-86.21
Somerset	KY	37.09	-84.61
Sonora	KY	37.53	-85.90
Sorgho	KY	37.75	-87.21
South Carrollton	KY	37.34	-87.14
South Park View	KY	38.12	-85.72
South Shore	KY	38.72	-82.96
South Wallins	KY	36.81	-83.40
South Williamson	KY	37.66	-82.29
Southgate	KY	39.06	-84.47
Sparta	KY	38.70	-84.91
Spottsville	KY	37.86	-87.42
Spring Mill	KY	38.14	-85.63
Spring Valley	KY	38.30	-85.61
Springfield	KY	37.69	-85.22
St. Charles	KY	37.19	-87.55
St. Joseph	KY	37.69	-87.33
St. Mary	KY	37.58	-85.34
St. Matthews	KY	38.25	-85.64
St. Regis Park	KY	38.23	-85.62
Stamping Ground	KY	38.27	-84.68
Stanford	KY	37.53	-84.66
Stanley	KY	37.82	-87.24
Stanton	KY	37.85	-83.86
Stearns	KY	36.69	-84.47
Strathmoor Manor	KY	38.22	-85.68
Strathmoor Village	KY	38.22	-85.68
Sturgis	KY	37.55	-87.99
Summer Shade	KY	36.88	-85.71
Summersville	KY	37.33	-85.54
Sycamore	KY	38.25	-85.56
Symsonia	KY	36.92	-88.53
Taylor Mill	KY	39.01	-84.50
Taylorsville	KY	38.03	-85.35
Ten Broeck	KY	38.30	-85.58
Thornhill	KY	38.29	-85.62
Thruston	KY	37.79	-87.02
Tolu	KY	37.43	-88.24
Tompkinsville	KY	36.70	-85.69
Trenton	KY	36.72	-87.26
Union	KY	38.95	-84.67
Uniontown	KY	37.77	-87.93
Upton	KY	37.46	-85.90
Utica	KY	37.60	-87.11
Van Lear	KY	37.78	-82.75
Vanceburg	KY	38.59	-83.32
Verona	KY	38.81	-84.66
Versailles	KY	38.05	-84.72
Vicco	KY	37.22	-83.06
Villa Hills	KY	39.07	-84.60
Vine Grove	KY	37.81	-85.98
Virgie	KY	37.33	-82.58
Wallins Creek	KY	36.83	-83.42
Walton	KY	38.86	-84.62
Warfield	KY	37.84	-82.42
Warsaw	KY	38.78	-84.89
Water Valley	KY	36.57	-88.81
Watterson Park	KY	38.20	-85.68
Waverly	KY	37.71	-87.82
Wayland	KY	37.46	-82.80
Wellington	KY	38.22	-85.67
West Buechel	KY	38.19	-85.67
West Liberty	KY	37.92	-83.27
West Louisville	KY	37.70	-87.29
West Point	KY	37.98	-85.95
West Van Lear	KY	37.78	-82.79
Westport	KY	38.49	-85.47
Westwood	KY	38.48	-82.68
Wheatcroft	KY	37.49	-87.86
Wheelwright	KY	37.34	-82.72
White Plains	KY	37.17	-87.38
Whitesburg	KY	37.12	-82.82
Whitesville	KY	37.68	-86.87
Whitley City	KY	36.72	-84.48
Wickliffe	KY	36.97	-89.08
Wilder	KY	39.04	-84.48
Wildwood	KY	38.25	-85.57
Williamsburg	KY	36.74	-84.17
Williamstown	KY	38.64	-84.57
Willisburg	KY	37.81	-85.12
Wilmore	KY	37.88	-84.66
Winchester	KY	38.00	-84.19
Windy Hills	KY	38.27	-85.64
Wingo	KY	36.64	-88.74
Woodburn	KY	36.84	-86.53
Woodbury	KY	37.18	-86.63
Woodland Hills	KY	38.24	-85.53
Woodlawn	KY	39.09	-84.47
Woodlawn Park	KY	38.26	-85.63
Worthington	KY	38.55	-82.73
Worthington Hills	KY	38.31	-85.53
Worthville	KY	38.61	-85.07
Wurtland	KY	38.55	-82.78
Yelvington	KY	37.85	-86.98
Abbeville	LA	29.98	-92.13
Abita Springs	LA	30.47	-90.02
Addis	LA	30.37	-91.26
Albany	LA	30.50	-90.58
Alexandria	LA	31.29	-92.47
Ama	LA	29.94	-90.30
Amelia	LA	29.66	-91.11
Amite City	LA	30.73	-90.52
Anacoco	LA	31.26	-93.35
Angie	LA	30.96	-89.82
Arabi	LA	29.95	-90.00
Arcadia	LA	32.55	-92.92
Arnaudville	LA	30.40	-91.93
Ashland	LA	32.12	-93.11
Athens	LA	32.66	-93.03
Atlanta	LA	31.81	-92.74
Avondale	LA	29.90	-90.20
Baker	LA	30.58	-91.16
Baldwin	LA	29.84	-91.55
Ball	LA	31.42	-92.41
Banks Springs	LA	32.08	-92.09
Barataria	LA	29.71	-90.12
Basile	LA	30.49	-92.60
Baskin	LA	32.26	-91.75
Bastrop	LA	32.77	-91.91
Baton Rouge	LA	30.44	-91.13
Bawcomville	LA	32.47	-92.17
Bayou Blue	LA	29.63	-90.67
Bayou Cane	LA	29.62	-90.75
Bayou Corne	LA	30.02	-91.15
Bayou Country Club	LA	29.78	-90.79
Bayou Gauche	LA	29.81	-90.42
Bayou Goula	LA	30.22	-91.18
Bayou L'Ourse	LA	29.72	-91.06
Bayou Vista	LA	29.69	-91.27
Belcher	LA	32.75	-93.84
Belle Chasse	LA	29.86	-90.00
Belle Rose	LA	30.04	-91.05
Belmont	LA	31.72	-93.51
Benton	LA	32.69	-93.74
Bernice	LA	32.83	-92.66
Berwick	LA	29.70	-91.24
Bienville	LA	32.36	-92.97
Blanchard	LA	32.60	-93.88
Bogalusa	LA	30.78	-89.86
Bonita	LA	32.92	-91.68
Boothville	LA	29.33	-89.41
Bordelonville	LA	31.10	-91.90
Bossier City	LA	32.52	-93.66
Bourg	LA	29.56	-90.61
Boutte	LA	29.89	-90.39
Boyce	LA	31.39	-92.67
Branch	LA	30.34	-92.29
Breaux Bridge	LA	30.28	-91.91
Bridge City	LA	29.94	-90.16
Broussard	LA	30.14	-91.96
Brownfields	LA	30.54	-91.12
Brownsville	LA	32.49	-92.16
Brusly	LA	30.39	-91.25
Bryceland	LA	32.45	-92.99
Bunkie	LA	30.95	-92.19
Buras	LA	29.35	-89.52
Cade	LA	30.09	-91.90
Calhoun	LA	32.52	-92.35
Calvin	LA	31.96	-92.78
Cameron	LA	29.80	-93.29
Campti	LA	31.90	-93.12
Cankton	LA	30.35	-92.11
Carencro	LA	30.31	-92.04
Carlyss	LA	30.18	-93.37
Castor	LA	32.25	-93.17
Catahoula	LA	30.21	-91.72
Cecilia	LA	30.34	-91.85
Center Point	LA	31.25	-92.21
Centerville	LA	29.76	-91.43
Central	LA	30.56	-91.04
Chackbay	LA	29.86	-90.81
Chalmette	LA	29.94	-89.97
Charenton	LA	29.87	-91.54
Chataignier	LA	30.57	-92.32
Chatham	LA	32.31	-92.45
Chauvin	LA	29.45	-90.59
Cheneyville	LA	31.01	-92.29
Choctaw	LA	29.85	-90.72
Choudrant	LA	32.53	-92.53
Church Point	LA	30.40	-92.21
Claiborne	LA	32.54	-92.20
Clarence	LA	31.82	-93.03
Clarks	LA	32.03	-92.14
Clayton	LA	31.72	-91.53
Clinton	LA	30.86	-91.02
Colfax	LA	31.52	-92.70
Collinston	LA	32.69	-91.87
Columbia	LA	32.10	-92.08
Convent	LA	30.02	-90.82
Converse	LA	31.78	-93.70
Cotton Valley	LA	32.81	-93.42
Cottonport	LA	30.99	-92.05
Coushatta	LA	32.03	-93.34
Covington	LA	30.48	-90.11
Creola	LA	31.43	-92.48
Crescent	LA	30.24	-91.29
Crowley	LA	30.22	-92.37
Cullen	LA	32.97	-93.45
Cut Off	LA	29.52	-90.33
Darrow	LA	30.12	-90.98
DeQuincy	LA	30.45	-93.45
DeRidder	LA	30.85	-93.30
Delacroix	LA	29.76	-89.79
Delcambre	LA	29.95	-91.99
Delhi	LA	32.45	-91.49
Delta	LA	32.32	-90.96
Denham Springs	LA	30.47	-90.96
Des Allemands	LA	29.82	-90.47
Destrehan	LA	29.97	-90.35
Deville	LA	31.34	-92.14
Dixie Inn	LA	32.60	-93.33
Dodson	LA	32.08	-92.66
Donaldsonville	LA	30.10	-90.99
Dorseyville	LA	30.18	-91.16
Downsville	LA	32.63	-92.41
Doyline	LA	32.52	-93.42
Dry Prong	LA	31.58	-92.53
Dubach	LA	32.70	-92.66
Dubberly	LA	32.55	-93.23
Dulac	LA	29.40	-90.69
Duson	LA	30.24	-92.19
East Hodge	LA	32.28	-92.71
Eastwood	LA	32.56	-93.56
Echo	LA	31.11	-92.24
Eden Isle	LA	30.23	-89.81
Edgard	LA	30.03	-90.54
Edgefield	LA	32.05	-93.34
Egan	LA	30.25	-92.51
Elizabeth	LA	30.87	-92.80
Elmwood	LA	29.95	-90.19
Elton	LA	30.48	-92.70
Empire	LA	29.45	-89.61
Epps	LA	32.60	-91.48
Erath	LA	29.96	-92.04
Eros	LA	32.39	-92.42
Erwinville	LA	30.54	-91.39
Estelle	LA	29.84	-90.09
Estherwood	LA	30.18	-92.46
Eunice	LA	30.49	-92.42
Evergreen	LA	30.95	-92.11
Farmerville	LA	32.78	-92.40
Fenton	LA	30.36	-92.92
Ferriday	LA	31.63	-91.56
Fifth Ward	LA	31.12	-92.16
Fisher	LA	31.49	-93.46
Florien	LA	31.46	-93.46
Folsom	LA	30.63	-90.20
Fordoche	LA	30.59	-91.62
Forest	LA	32.79	-91.41
Forest Hill	LA	31.05	-92.53
Fort Jesup	LA	31.61	-93.41
Fort Polk North	LA	31.10	-93.17
Fort Polk South	LA	31.05	-93.22
Franklin	LA	29.78	-91.51
Franklinton	LA	30.85	-90.15
French Settlement	LA	30.33	-90.81
Frierson	LA	32.25	-93.69
Galliano	LA	29.45	-90.31
Gardere	LA	30.36	-91.13
Garyville	LA	30.07	-90.63
Georgetown	LA	31.76	-92.38
Gibsland	LA	32.54	-93.06
Gilbert	LA	32.05	-91.66
Gilliam	LA	32.83	-93.84
Gillis	LA	30.38	-93.20
Glencoe	LA	29.81	-91.67
Glenmora	LA	30.97	-92.58
Gloster	LA	32.19	-93.80
Golden Meadow	LA	29.39	-90.27
Goldonna	LA	32.01	-92.93
Gonzales	LA	30.21	-90.92
Good Pine	LA	31.69	-92.16
Grambling	LA	32.53	-92.71
Gramercy	LA	30.06	-90.69
Grand Cane	LA	32.08	-93.81
Grand Coteau	LA	30.42	-92.04
Grand Isle	LA	29.21	-90.03
Grand Point	LA	30.05	-90.75
Gray	LA	29.68	-90.78
Grayson	LA	32.05	-92.11
Greensburg	LA	30.83	-90.67
Greenwood	LA	32.43	-93.96
Gretna	LA	29.91	-90.05
Grosse Tete	LA	30.42	-91.44
Gueydan	LA	30.03	-92.51
Hackberry	LA	29.96	-93.41
Hahnville	LA	29.96	-90.42
Hall Summit	LA	32.18	-93.31
Hammond	LA	30.51	-90.46
Harahan	LA	29.94	-90.20
Harrisonburg	LA	31.77	-91.82
Harvey	LA	29.89	-90.07
Haughton	LA	32.53	-93.50
Hayes	LA	30.11	-92.92
Haynesville	LA	32.97	-93.14
Heflin	LA	32.46	-93.27
Henderson	LA	30.32	-91.80
Hessmer	LA	31.05	-92.12
Hester	LA	30.03	-90.77
Hodge	LA	32.27	-92.73
Homer	LA	32.79	-93.06
Hornbeck	LA	31.33	-93.40
Hosston	LA	32.89	-93.88
Houma	LA	29.58	-90.71
Ida	LA	33.00	-93.90
Independence	LA	30.64	-90.51
Inniswold	LA	30.40	-91.07
Iota	LA	30.33	-92.50
Iowa	LA	30.24	-93.01
Jackson	LA	30.83	-91.21
Jamestown	LA	32.34	-93.21
Jean Lafitte	LA	29.75	-90.10
Jeanerette	LA	29.92	-91.68
Jefferson	LA	29.96	-90.16
Jena	LA	31.69	-92.13
Jennings	LA	30.22	-92.66
Jonesboro	LA	32.23	-92.71
Jonesville	LA	31.62	-91.83
Jordan Hill	LA	31.86	-92.52
Joyce	LA	31.93	-92.59
Junction City	LA	33.01	-92.72
Kaplan	LA	30.01	-92.28
Keachi	LA	32.17	-93.91
Kenner	LA	30.01	-90.25
Kentwood	LA	30.93	-90.52
Kilbourne	LA	33.00	-91.31
Killian	LA	30.35	-90.58
Killona	LA	30.00	-90.48
Kinder	LA	30.48	-92.85
Kraemer	LA	29.86	-90.63
Krotz Springs	LA	30.53	-91.75
Labadieville	LA	29.82	-90.95
Lacassine	LA	30.23	-92.92
Lacombe	LA	30.31	-89.93
Lafayette	LA	30.21	-92.03
Lafitte	LA	29.71	-90.10
Lafourche Crossing	LA	29.77	-90.77
Lake Arthur	LA	30.08	-92.68
Lake Charles	LA	30.20	-93.21
Lake Providence	LA	32.80	-91.18
Lakeshore	LA	32.53	-92.03
Lakeview	LA	32.52	-93.83
Laplace	LA	30.07	-90.48
Larose	LA	29.57	-90.38
Lawtell	LA	30.51	-92.18
Lebeau	LA	30.73	-91.97
Lecompte	LA	31.09	-92.40
Leesville	LA	31.14	-93.28
Lemannville	LA	30.10	-90.93
Leonville	LA	30.46	-91.98
Lewisburg	LA	30.37	-90.10
Lillie	LA	32.92	-92.66
Lisbon	LA	32.79	-92.87
Livingston	LA	30.50	-90.75
Livonia	LA	30.56	-91.55
Lockport	LA	29.64	-90.53
Lockport Heights	LA	29.66	-90.55
Logansport	LA	31.98	-93.99
Longstreet	LA	32.10	-93.95
Longville	LA	30.61	-93.23
Loreauville	LA	30.06	-91.74
Lucky	LA	32.24	-93.01
Luling	LA	29.90	-90.35
Lutcher	LA	30.06	-90.71
Lydia	LA	29.93	-91.78
Madisonville	LA	30.40	-90.17
Mamou	LA	30.63	-92.42
Mandeville	LA	30.38	-90.10
Mangham	LA	32.31	-91.78
Mansfield	LA	32.04	-93.70
Mansura	LA	31.07	-92.05
Many	LA	31.57	-93.48
Maringouin	LA	30.49	-91.52
Marion	LA	32.90	-92.24
Marksville	LA	31.13	-92.07
Marrero	LA	29.89	-90.11
Marthaville	LA	31.74	-93.39
Martin	LA	32.10	-93.22
Mathews	LA	29.68	-90.56
Maurice	LA	30.10	-92.12
McNary	LA	30.99	-92.58
Melville	LA	30.69	-91.75
Mer Rouge	LA	32.78	-91.79
Meraux	LA	29.93	-89.92
Mermentau	LA	30.19	-92.58
Merrydale	LA	30.50	-91.11
Merryville	LA	30.76	-93.53
Metairie	LA	30.00	-90.18
Midland	LA	30.18	-92.50
Midway	LA	31.68	-92.15
Milton	LA	30.11	-92.07
Minden	LA	32.62	-93.27
Minorca	LA	31.57	-91.49
Monroe	LA	32.52	-92.08
Montegut	LA	29.44	-90.56
Monterey	LA	31.44	-91.72
Montgomery	LA	31.67	-92.89
Monticello	LA	30.49	-91.04
Montpelier	LA	30.69	-90.66
Montz	LA	30.02	-90.46
Moonshine	LA	29.96	-90.81
Mooringsport	LA	32.68	-93.96
Moreauville	LA	31.03	-91.98
Morgan City	LA	29.71	-91.19
Morganza	LA	30.74	-91.59
Morrow	LA	30.83	-92.08
Morse	LA	30.12	-92.50
Moss Bluff	LA	30.31	-93.21
Mound	LA	32.33	-91.02
Mount Lebanon	LA	32.51	-93.05
Napoleonville	LA	29.94	-91.03
Natalbany	LA	30.55	-90.49
Natchez	LA	31.67	-93.05
Natchitoches	LA	31.73	-93.10
New Iberia	LA	30.01	-91.82
New Llano	LA	31.11	-93.27
New Orleans	LA	30.05	-89.93
New Orleans Station	LA	29.83	-90.02
New Roads	LA	30.70	-91.45
New Sarpy	LA	29.98	-90.38
Newellton	LA	32.07	-91.24
Noble	LA	31.69	-93.68
Norco	LA	30.00	-90.40
North Hodge	LA	32.28	-92.72
North Vacherie	LA	30.01	-90.71
Norwood	LA	30.97	-91.11
Oak Grove	LA	32.86	-91.39
Oak Hills Place	LA	30.37	-91.09
Oak Ridge	LA	32.62	-91.77
Oakdale	LA	30.82	-92.66
Oberlin	LA	30.61	-92.77
Oil City	LA	32.75	-93.98
Old Jefferson	LA	30.38	-91.01
Olla	LA	31.90	-92.24
Opelousas	LA	30.52	-92.08
Oretta	LA	30.53	-93.44
Ossun	LA	30.28	-92.11
Paincourtville	LA	29.99	-91.06
Palmetto	LA	30.72	-91.91
Paradis	LA	29.87	-90.44
Parks	LA	30.22	-91.83
Patterson	LA	29.69	-91.31
Paulina	LA	30.04	-90.72
Pearl River	LA	30.37	-89.75
Perry	LA	29.95	-92.15
Pierre Part	LA	29.96	-91.20
Pine Prairie	LA	30.78	-92.42
Pineville	LA	31.34	-92.41
Pioneer	LA	32.74	-91.44
Pitkin	LA	30.94	-92.93
Plain Dealing	LA	32.91	-93.70
Plaquemine	LA	30.28	-91.24
Plaucheville	LA	30.96	-91.98
Pleasant Hill	LA	31.82	-93.52
Pleasure Bend	LA	29.92	-90.64
Point Place	LA	31.69	-93.02
Pointe a la Hache	LA	29.57	-89.78
Pollock	LA	31.49	-92.44
Ponchatoula	LA	30.44	-90.44
Port Allen	LA	30.44	-91.21
Port Barre	LA	30.56	-91.96
Port Sulphur	LA	29.50	-89.72
Port Vincent	LA	30.34	-90.84
Powhatan	LA	31.87	-93.20
Poydras	LA	29.86	-89.89
Prairieville	LA	30.31	-90.96
Presquille	LA	29.56	-90.64
Prien	LA	30.15	-93.27
Prospect	LA	31.45	-92.50
Provencal	LA	31.65	-93.20
Quitman	LA	32.35	-92.72
Raceland	LA	29.72	-90.63
Rayne	LA	30.24	-92.27
Rayville	LA	32.47	-91.76
Red Chute	LA	32.57	-93.61
Reddell	LA	30.67	-92.43
Reeves	LA	30.52	-93.04
Reserve	LA	30.07	-90.56
Richmond	LA	32.39	-91.18
Richwood	LA	32.45	-92.08
Ridgecrest	LA	31.60	-91.53
Ringgold	LA	32.33	-93.28
Rio	LA	30.69	-89.89
River Ridge	LA	29.96	-90.22
Roanoke	LA	30.24	-92.75
Robeline	LA	31.69	-93.30
Rock Hill	LA	31.44	-92.58
Rodessa	LA	32.97	-94.00
Romeville	LA	30.07	-90.83
Rosedale	LA	30.44	-91.46
Roseland	LA	30.76	-90.51
Rosepine	LA	30.92	-93.29
Ruston	LA	32.53	-92.64
Saline	LA	32.16	-92.98
Sarepta	LA	32.90	-93.45
Schriever	LA	29.73	-90.84
Scott	LA	30.24	-92.09
Shenandoah	LA	30.40	-91.00
Shongaloo	LA	32.94	-93.29
Shreveport	LA	32.47	-93.79
Sibley	LA	32.54	-93.29
Sicily Island	LA	31.85	-91.66
Sikes	LA	32.08	-92.49
Simmesport	LA	30.98	-91.81
Simpson	LA	31.26	-93.02
Simsboro	LA	32.53	-92.78
Singer	LA	30.65	-93.41
Siracusaville	LA	29.69	-91.15
Slaughter	LA	30.73	-91.14
Slidell	LA	30.29	-89.78
Sorrel	LA	29.89	-91.63
Sorrento	LA	30.18	-90.87
South Mansfield	LA	32.02	-93.72
South Vacherie	LA	29.94	-90.69
Spearsville	LA	32.93	-92.60
Spokane	LA	31.70	-91.46
Springfield	LA	30.43	-90.54
Springhill	LA	33.00	-93.46
St. Francisville	LA	30.78	-91.38
St. Gabriel	LA	30.26	-91.10
St. James	LA	30.02	-90.85
St. Joseph	LA	31.92	-91.24
St. Martinville	LA	30.13	-91.83
St. Maurice	LA	31.76	-92.94
St. Rose	LA	29.96	-90.31
Stanley	LA	31.96	-93.90
Starks	LA	30.31	-93.67
Start	LA	32.49	-91.87
Sterlington	LA	32.69	-92.06
Stonewall	LA	32.27	-93.81
Sugartown	LA	30.84	-93.01
Sulphur	LA	30.23	-93.36
Sun	LA	30.65	-89.91
Sunset	LA	30.41	-92.06
Supreme	LA	29.86	-90.99
Swartz	LA	32.58	-91.99
Taft	LA	29.99	-90.45
Tallulah	LA	32.41	-91.19
Tangipahoa	LA	30.88	-90.51
Terrytown	LA	29.90	-90.03
Thibodaux	LA	29.79	-90.81
Tickfaw	LA	30.58	-90.49
Timberlane	LA	29.88	-90.03
Triumph	LA	29.34	-89.48
Trout	LA	31.70	-92.18
Tullos	LA	31.82	-92.33
Turkey Creek	LA	30.87	-92.42
Union	LA	30.09	-90.89
Urania	LA	31.86	-92.29
Varnado	LA	30.90	-89.83
Venice	LA	29.29	-89.36
Ventress	LA	30.68	-91.43
Vidalia	LA	31.57	-91.44
Vienna	LA	32.61	-92.65
Vienna Bend	LA	31.74	-93.03
Village St. George	LA	30.36	-91.07
Ville Platte	LA	30.69	-92.27
Vinton	LA	30.20	-93.58
Violet	LA	29.90	-89.89
Vivian	LA	32.87	-93.99
Waggaman	LA	29.94	-90.23
Walker	LA	30.49	-90.87
Wallace	LA	30.02	-90.66
Wallace Ridge	LA	31.68	-91.83
Washington	LA	30.62	-92.06
Waterproof	LA	31.81	-91.39
Watson	LA	30.57	-90.95
Welcome	LA	30.04	-90.88
Welsh	LA	30.24	-92.81
West Monroe	LA	32.51	-92.15
Westlake	LA	30.26	-93.26
Westminster	LA	30.41	-91.09
Westwego	LA	29.91	-90.14
White Castle	LA	30.16	-91.15
Wilson	LA	30.93	-91.11
Winnfield	LA	31.92	-92.64
Winnsboro	LA	32.16	-91.72
Wisner	LA	31.98	-91.66
Woodmere	LA	29.84	-90.08
Woodworth	LA	31.17	-92.52
Youngsville	LA	30.10	-92.00
Zachary	LA	30.66	-91.17
Zwolle	LA	31.64	-93.64
Abington	MA	42.12	-70.96
Acushnet Center	MA	41.68	-70.91
Adams	MA	42.63	-73.12
Agawam Town	MA	42.06	-72.65
Amesbury Town	MA	42.85	-70.96
Amherst Town	MA	42.36	-72.51
Andover	MA	42.66	-71.14
Arlington	MA	42.42	-71.16
Athol	MA	42.59	-72.23
Attleboro	MA	41.93	-71.29
Ayer	MA	42.56	-71.58
Baldwinville	MA	42.60	-72.08
Barnstable Town	MA	41.66	-70.36
Barre	MA	42.42	-72.11
Belchertown	MA	42.27	-72.40
Bellingham	MA	42.09	-71.48
Belmont	MA	42.40	-71.18
Beverly	MA	42.56	-70.84
Blandford	MA	42.18	-72.92
Bliss Corner	MA	41.61	-70.94
Boston	MA	42.34	-71.02
Bourne	MA	41.73	-70.62
Boxford	MA	42.66	-70.98
Braintree Town	MA	42.21	-71.00
Brewster	MA	41.76	-70.07
Bridgewater Town	MA	41.97	-70.98
Brockton	MA	42.08	-71.02
Brookfield	MA	42.22	-72.10
Brookline	MA	42.32	-71.14
Burlington	MA	42.50	-71.20
Buzzards Bay	MA	41.75	-70.62
Cambridge	MA	42.38	-71.12
Cedar Crest	MA	42.08	-70.66
Chatham	MA	41.67	-69.96
Chelsea	MA	42.40	-71.03
Cheshire	MA	42.56	-73.16
Chester	MA	42.28	-72.98
Chicopee	MA	42.18	-72.57
Clinton	MA	42.42	-71.69
Cochituate	MA	42.33	-71.35
Cordaville	MA	42.27	-71.52
Danvers	MA	42.57	-70.95
Dedham	MA	42.25	-71.18
Deerfield	MA	42.55	-72.60
Dennis	MA	41.73	-70.20
Dennis Port	MA	41.67	-70.14
Devens	MA	42.54	-71.61
Dover	MA	42.25	-71.27
Duxbury	MA	42.04	-70.68
East Brookfield	MA	42.23	-72.05
East Dennis	MA	41.74	-70.16
East Douglas	MA	42.08	-71.72
East Falmouth	MA	41.57	-70.56
East Harwich	MA	41.71	-70.03
East Pepperell	MA	42.66	-71.56
East Sandwich	MA	41.73	-70.43
Easthampton Town	MA	42.27	-72.67
Edgartown	MA	41.39	-70.52
Essex	MA	42.64	-70.77
Everett	MA	42.41	-71.05
Fall River	MA	41.73	-71.09
Falmouth	MA	41.55	-70.61
Fiskdale	MA	42.12	-72.11
Fitchburg	MA	42.60	-71.82
Forestdale	MA	41.68	-70.51
Foxborough	MA	42.06	-71.25
Framingham	MA	42.31	-71.44
Franklin Town	MA	42.08	-71.41
Gardner	MA	42.58	-71.99
Gloucester	MA	42.63	-70.69
Granby	MA	42.27	-72.53
Great Barrington	MA	42.19	-73.36
Green Harbor	MA	42.07	-70.65
Greenfield	MA	42.61	-72.60
Groton	MA	42.61	-71.56
Hanscom AFB	MA	42.46	-71.28
Hanson	MA	42.07	-70.85
Harwich Center	MA	41.69	-70.07
Harwich Port	MA	41.67	-70.07
Hatfield	MA	42.37	-72.60
Haverhill	MA	42.78	-71.09
Hingham	MA	42.23	-70.89
Holbrook	MA	42.14	-71.00
Holland	MA	42.05	-72.15
Holyoke	MA	42.21	-72.64
Hopedale	MA	42.13	-71.54
Hopkinton	MA	42.23	-71.52
Housatonic	MA	42.24	-73.36
Hudson	MA	42.39	-71.56
Hull	MA	42.34	-70.88
Huntington	MA	42.24	-72.89
Ipswich	MA	42.68	-70.82
Kingston	MA	42.00	-70.72
Lawrence	MA	42.70	-71.16
Lee	MA	42.31	-73.25
Lenox	MA	42.36	-73.29
Lenox Dale	MA	42.33	-73.25
Leominster	MA	42.52	-71.77
Lexington	MA	42.45	-71.23
Littleton Common	MA	42.53	-71.47
Longmeadow	MA	42.05	-72.57
Lowell	MA	42.64	-71.32
Lunenburg	MA	42.59	-71.73
Lynn	MA	42.47	-70.96
Lynnfield	MA	42.53	-71.04
Madaket	MA	41.28	-70.18
Malden	MA	42.43	-71.06
Mansfield Center	MA	42.02	-71.22
Marblehead	MA	42.50	-70.84
Marion Center	MA	41.70	-70.76
Marlborough	MA	42.35	-71.55
Marshfield	MA	42.10	-70.69
Marshfield Hills	MA	42.14	-70.73
Mashpee Neck	MA	41.61	-70.47
Mattapoisett Center	MA	41.67	-70.80
Maynard	MA	42.43	-71.46
Medfield	MA	42.19	-71.30
Medford	MA	42.42	-71.11
Melrose	MA	42.46	-71.06
Methuen Town	MA	42.74	-71.18
Middleborough Center	MA	41.89	-70.93
Milford	MA	42.15	-71.52
Millers Falls	MA	42.58	-72.49
Millis-Clicquot	MA	42.17	-71.35
Milton	MA	42.24	-71.08
Monomoscoy Island	MA	41.58	-70.50
Monson Center	MA	42.10	-72.30
Monument Beach	MA	41.72	-70.60
Nahant	MA	42.42	-70.93
Nantucket	MA	41.27	-70.10
Needham	MA	42.28	-71.24
New Bedford	MA	41.66	-70.94
New Seabury	MA	41.57	-70.48
Newburyport	MA	42.81	-70.89
Newton	MA	42.33	-71.21
North Adams	MA	42.68	-73.12
North Attleborough Town	MA	41.97	-71.33
North Brookfield	MA	42.27	-72.08
North Eastham	MA	41.83	-70.00
North Falmouth	MA	41.64	-70.63
North Lakeville	MA	41.86	-70.94
North Pembroke	MA	42.10	-70.78
North Plymouth	MA	41.98	-70.68
North Scituate	MA	42.21	-70.77
North Seekonk	MA	41.88	-71.33
North Westport	MA	41.67	-71.11
Northampton	MA	42.33	-72.67
Northborough	MA	42.31	-71.65
Northfield	MA	42.71	-72.42
Northwest Harwich	MA	41.69	-70.11
Norton Center	MA	41.97	-71.19
Norwood	MA	42.19	-71.20
Oak Bluffs	MA	41.45	-70.56
Ocean Bluff-Brant Rock	MA	42.10	-70.66
Ocean Grove	MA	41.73	-71.21
Onset	MA	41.75	-70.67
Orange	MA	42.61	-72.29
Orleans	MA	41.79	-70.00
Oxford	MA	42.12	-71.87
Palmer Town	MA	42.19	-72.31
Peabody	MA	42.53	-70.97
Pepperell	MA	42.68	-71.59
Petersham	MA	42.49	-72.19
Pinehurst	MA	42.53	-71.23
Pittsfield	MA	42.45	-73.26
Plymouth	MA	41.96	-70.66
Pocasset	MA	41.69	-70.65
Popponesset	MA	41.57	-70.46
Popponesset Island	MA	41.58	-70.46
Provincetown	MA	42.06	-70.18
Quincy	MA	42.26	-71.01
Randolph Town	MA	42.18	-71.05
Raynham Center	MA	41.93	-71.05
Reading	MA	42.54	-71.11
Revere	MA	42.42	-70.99
Rockport	MA	42.64	-70.62
Rowley	MA	42.72	-70.87
Russell	MA	42.20	-72.86
Rutland	MA	42.37	-71.96
Sagamore	MA	41.78	-70.53
Salem	MA	42.50	-70.90
Salisbury	MA	42.83	-70.85
Sandwich	MA	41.76	-70.50
Saugus	MA	42.47	-71.01
Scituate	MA	42.18	-70.73
Seabrook	MA	41.59	-70.50
Seconsett Island	MA	41.57	-70.51
Sharon	MA	42.12	-71.19
Shelburne Falls	MA	42.61	-72.75
Shirley	MA	42.54	-71.67
Siasconset	MA	41.27	-69.97
Smith Mills	MA	41.65	-71.00
Somerset	MA	41.74	-71.17
Somerville	MA	42.39	-71.10
South Ashburnham	MA	42.62	-71.94
South Deerfield	MA	42.48	-72.59
South Dennis	MA	41.70	-70.15
South Duxbury	MA	42.02	-70.69
South Lancaster	MA	42.44	-71.70
South Yarmouth	MA	41.67	-70.20
Southbridge Town	MA	42.06	-72.03
Spencer	MA	42.25	-71.99
Springfield	MA	42.12	-72.54
Stoneham	MA	42.47	-71.10
Sturbridge	MA	42.10	-72.05
Swampscott	MA	42.47	-70.89
Taunton	MA	41.90	-71.09
Teaticket	MA	41.56	-70.59
The Pinehills	MA	41.90	-70.59
Topsfield	MA	42.64	-70.96
Townsend	MA	42.68	-71.71
Turners Falls	MA	42.60	-72.56
Upton	MA	42.18	-71.61
Vineyard Haven	MA	41.46	-70.61
Wakefield	MA	42.50	-71.06
Walpole	MA	42.13	-71.24
Waltham	MA	42.39	-71.24
Ware	MA	42.25	-72.25
Wareham Center	MA	41.75	-70.72
Warren	MA	42.22	-72.19
Watertown Town	MA	42.37	-71.18
Webster	MA	42.05	-71.87
Wellesley	MA	42.31	-71.28
West Brookfield	MA	42.24	-72.15
West Chatham	MA	41.68	-69.99
West Concord	MA	42.45	-71.40
West Dennis	MA	41.67	-70.17
West Falmouth	MA	41.60	-70.64
West Springfield Town	MA	42.13	-72.65
West Wareham	MA	41.79	-70.76
West Warren	MA	42.22	-72.23
West Yarmouth	MA	41.65	-70.25
Westborough	MA	42.27	-71.62
Westfield	MA	42.14	-72.76
Weweantic	MA	41.75	-70.74
Weymouth Town	MA	42.21	-70.94
White Island Shores	MA	41.80	-70.64
Whitinsville	MA	42.12	-71.67
Wilbraham	MA	42.13	-72.44
Williamstown	MA	42.71	-73.20
Wilmington	MA	42.56	-71.16
Winchendon	MA	42.68	-72.04
Winchester	MA	42.45	-71.14
Winthrop Town	MA	42.38	-70.97
Woburn	MA	42.49	-71.15
Woods Hole	MA	41.53	-70.67
Worcester	MA	42.27	-71.81
Yarmouth Port	MA	41.71	-70.22
Aberdeen	MD	39.52	-76.17
Aberdeen Proving Ground	MD	39.45	-76.13
Abingdon	MD	39.46	-76.27
Accident	MD	39.63	-79.32
Accokeek	MD	38.68	-77.00
Adamstown	MD	39.31	-77.47
Adelphi	MD	39.00	-76.97
Algonquin	MD	38.59	-76.09
Allen	MD	38.29	-75.69
Andrews AFB	MD	38.81	-76.87
Annapolis	MD	38.97	-76.51
Annapolis Neck	MD	38.94	-76.50
Antietam	MD	39.42	-77.74
Aquasco	MD	38.59	-76.70
Arbutus	MD	39.24	-76.69
Arden on the Severn	MD	39.07	-76.60
Arnold	MD	39.04	-76.50
Ashton-Sandy Spring	MD	39.15	-77.00
Aspen Hill	MD	39.09	-77.08
Baden	MD	38.67	-76.74
Bagtown	MD	39.58	-77.61
Bakersville	MD	39.51	-77.76
Ballenger Creek	MD	39.38	-77.42
Baltimore	MD	39.30	-76.61
Baltimore Highlands	MD	39.24	-76.64
Barclay	MD	39.15	-75.86
Barnesville	MD	39.22	-77.38
Barrelville	MD	39.70	-78.84
Barton	MD	39.53	-79.02
Bartonsville	MD	39.39	-77.35
Beaver Creek	MD	39.58	-77.65
Bel Air	MD	39.53	-76.35
Bel Air North	MD	39.55	-76.37
Bel Air South	MD	39.51	-76.31
Beltsville	MD	39.04	-76.92
Benedict	MD	38.51	-76.68
Bensville	MD	38.61	-77.00
Berlin	MD	38.33	-75.22
Berwyn Heights	MD	38.99	-76.91
Bethesda	MD	38.99	-77.12
Betterton	MD	39.37	-76.07
Bier	MD	39.56	-78.87
Big Pool	MD	39.63	-78.02
Big Spring	MD	39.63	-77.94
Bishopville	MD	38.44	-75.21
Bivalve	MD	38.31	-75.88
Bladensburg	MD	38.94	-76.93
Bloomington	MD	39.48	-79.08
Boonsboro	MD	39.51	-77.66
Bowie	MD	38.95	-76.74
Bowleys Quarters	MD	39.31	-76.38
Bowling Green	MD	39.63	-78.81
Bowmans Addition	MD	39.69	-78.76
Braddock Heights	MD	39.41	-77.49
Brandywine	MD	38.68	-76.89
Breathedsville	MD	39.55	-77.72
Brentwood	MD	38.94	-76.96
Brock Hall	MD	38.86	-76.74
Brookeville	MD	39.18	-77.06
Brooklyn Park	MD	39.22	-76.62
Brookmont	MD	38.95	-77.13
Brookview	MD	38.57	-75.79
Broomes Island	MD	38.41	-76.55
Brown Station	MD	38.86	-76.80
Brownsville	MD	39.38	-77.66
Brunswick	MD	39.32	-77.63
Bryans Road	MD	38.60	-77.09
Bryantown	MD	38.55	-76.84
Buckeystown	MD	39.32	-77.43
Burkittsville	MD	39.39	-77.63
Burnt Mills	MD	39.03	-77.00
Burtonsville	MD	39.12	-76.94
Butlertown	MD	39.28	-76.10
Cabin John	MD	38.97	-77.16
California	MD	38.30	-76.49
Callaway	MD	38.23	-76.53
Calvert Beach	MD	38.47	-76.49
Calverton	MD	39.06	-76.95
Cambridge	MD	38.55	-76.08
Camp Springs	MD	38.81	-76.92
Cape St. Claire	MD	39.04	-76.45
Capitol Heights	MD	38.88	-76.91
Carlos	MD	39.62	-78.96
Carney	MD	39.40	-76.52
Catonsville	MD	39.26	-76.74
Cavetown	MD	39.64	-77.59
Cearfoss	MD	39.70	-77.78
Cecilton	MD	39.40	-75.87
Cedar Heights	MD	38.90	-76.91
Cedarville	MD	38.66	-76.82
Centreville	MD	39.04	-76.06
Chance	MD	38.18	-75.94
Charlestown	MD	39.58	-75.99
Charlotte Hall	MD	38.47	-76.78
Charlton	MD	39.63	-77.89
Chesapeake Beach	MD	38.69	-76.55
Chesapeake City	MD	39.53	-75.81
Chesapeake Landing	MD	39.27	-76.16
Chesapeake Ranch Estates	MD	38.36	-76.42
Chester	MD	38.96	-76.29
Chestertown	MD	39.22	-76.07
Cheverly	MD	38.93	-76.91
Chevy Chase	MD	38.99	-77.07
Chevy Chase Section Five	MD	38.98	-77.07
Chevy Chase Section Three	MD	38.98	-77.07
Chevy Chase View	MD	39.02	-77.08
Chevy Chase Village	MD	38.97	-77.08
Chewsville	MD	39.65	-77.63
Chillum	MD	38.97	-76.98
Choptank	MD	38.68	-75.95
Church Creek	MD	38.50	-76.15
Church Hill	MD	39.15	-75.98
Clarksburg	MD	39.22	-77.27
Clarysville	MD	39.64	-78.89
Clear Spring	MD	39.66	-77.93
Clinton	MD	38.75	-76.90
Cloverly	MD	39.10	-76.99
Cobb Island	MD	38.26	-76.85
Cockeysville	MD	39.48	-76.63
Colesville	MD	39.07	-77.00
College Park	MD	39.00	-76.94
Colmar Manor	MD	38.93	-76.94
Columbia	MD	39.20	-76.86
Coral Hills	MD	38.87	-76.92
Cordova	MD	38.87	-76.00
Corriganville	MD	39.69	-78.80
Cottage City	MD	38.94	-76.95
Crellin	MD	39.39	-79.47
Cresaptown	MD	39.59	-78.84
Crisfield	MD	37.98	-75.85
Crofton	MD	39.01	-76.68
Croom	MD	38.74	-76.76
Crownsville	MD	39.02	-76.59
Crumpton	MD	39.23	-75.92
Cumberland	MD	39.65	-78.76
Damascus	MD	39.27	-77.20
Dames Quarter	MD	38.17	-75.89
Danville	MD	39.51	-78.92
Dargan	MD	39.38	-77.73
Darlington	MD	39.64	-76.20
Darnestown	MD	39.09	-77.31
Dawson	MD	39.48	-78.95
Deal Island	MD	38.15	-75.94
Deale	MD	38.79	-76.54
Deer Park	MD	39.42	-79.33
Delmar	MD	38.44	-75.56
Denton	MD	38.88	-75.82
Derwood	MD	39.11	-77.15
Detmold	MD	39.56	-78.99
District Heights	MD	38.86	-76.89
Downsville	MD	39.55	-77.80
Drum Point	MD	38.33	-76.44
Dundalk	MD	39.27	-76.50
Dunkirk	MD	38.72	-76.68
Eagle Harbor	MD	38.57	-76.69
Eakles Mill	MD	39.47	-77.69
East New Market	MD	38.60	-75.92
East Riverdale	MD	38.96	-76.91
Easton	MD	38.78	-76.07
Eckhart Mines	MD	39.66	-78.89
Eden	MD	38.28	-75.65
Edesville	MD	39.15	-76.21
Edgemere	MD	39.22	-76.46
Edgemont	MD	39.68	-77.55
Edgewater	MD	38.94	-76.55
Edgewood	MD	39.42	-76.30
Edmonston	MD	38.95	-76.93
Eldersburg	MD	39.40	-76.95
Eldorado	MD	38.58	-75.79
Elkridge	MD	39.20	-76.74
Elkton	MD	39.61	-75.82
Ellerslie	MD	39.71	-78.78
Ellicott City	MD	39.28	-76.83
Elliott	MD	38.31	-76.01
Emmitsburg	MD	39.71	-77.32
Ernstville	MD	39.63	-78.02
Essex	MD	39.30	-76.44
Fairland	MD	39.08	-76.95
Fairlee	MD	39.23	-76.17
Fairmount	MD	38.11	-75.82
Fairmount Heights	MD	38.90	-76.92
Fairplay	MD	39.54	-77.75
Fairview	MD	39.71	-77.84
Fairwood	MD	38.95	-76.78
Fallston	MD	39.53	-76.44
Federalsburg	MD	38.69	-75.77
Ferndale	MD	39.19	-76.63
Finzel	MD	39.70	-78.95
Fishing Creek	MD	38.34	-76.22
Flintstone	MD	39.70	-78.58
Flower Hill	MD	39.17	-77.18
Forest Glen	MD	39.02	-77.05
Forest Heights	MD	38.80	-77.01
Forestville	MD	38.85	-76.87
Fort Meade	MD	39.11	-76.74
Fort Ritchie	MD	39.70	-77.51
Fort Washington	MD	38.73	-77.01
Fountainhead-Orchard Hills	MD	39.69	-77.72
Four Corners	MD	39.02	-77.01
Franklin	MD	39.50	-79.05
Frederick	MD	39.43	-77.41
Frenchtown-Rumbly	MD	38.07	-75.85
Friendly	MD	38.76	-76.97
Friendship	MD	38.74	-76.59
Friendship Heights Village	MD	38.96	-77.09
Friendsville	MD	39.66	-79.40
Frostburg	MD	39.65	-78.93
Fruitland	MD	38.32	-75.63
Fulton	MD	39.15	-76.91
Funkstown	MD	39.61	-77.71
Gaithersburg	MD	39.15	-77.20
Galena	MD	39.34	-75.88
Galestown	MD	38.56	-75.72
Galesville	MD	38.84	-76.55
Gambrills	MD	39.09	-76.65
Gapland	MD	39.40	-77.66
Garrett Park	MD	39.04	-77.09
Garretts Mill	MD	39.35	-77.69
Garrison	MD	39.40	-76.75
Georgetown	MD	39.22	-76.19
Germantown	MD	39.17	-77.26
Gilmore	MD	39.58	-78.95
Girdletree	MD	38.10	-75.40
Glassmanor	MD	38.82	-76.98
Glen Burnie	MD	39.16	-76.61
Glen Echo	MD	38.97	-77.14
Glenarden	MD	38.93	-76.86
Glenmont	MD	39.07	-77.05
Glenn Dale	MD	38.98	-76.80
Golden Beach	MD	38.49	-76.70
Goldsboro	MD	39.03	-75.78
Gorman	MD	39.29	-79.35
Graceham	MD	39.62	-77.39
Grahamtown	MD	39.64	-78.92
Grantsville	MD	39.70	-79.15
Grasonville	MD	38.96	-76.20
Green Valley	MD	39.34	-77.24
Greenbelt	MD	38.99	-76.89
Greensboro	MD	38.98	-75.81
Greensburg	MD	39.68	-77.56
Hagerstown	MD	39.64	-77.72
Halfway	MD	39.62	-77.77
Hampstead	MD	39.61	-76.85
Hampton	MD	39.42	-76.57
Hancock	MD	39.70	-78.16
Havre de Grace	MD	39.55	-76.11
Hebron	MD	38.42	-75.69
Henderson	MD	39.07	-75.77
Herald Harbor	MD	39.05	-76.57
Highfield-Cascade	MD	39.71	-77.49
Highland	MD	39.19	-76.96
Highland Beach	MD	38.93	-76.47
Hillandale	MD	39.03	-76.98
Hillcrest Heights	MD	38.84	-76.97
Hillsboro	MD	38.92	-75.94
Honeygo	MD	39.40	-76.43
Hughesville	MD	38.54	-76.77
Huntingtown	MD	38.61	-76.62
Hurlock	MD	38.63	-75.87
Hutton	MD	39.41	-79.48
Hyattsville	MD	38.96	-76.95
Ilchester	MD	39.22	-76.76
Indian Head	MD	38.60	-77.16
Indian Springs	MD	39.65	-78.01
Jarrettsville	MD	39.60	-76.47
Jefferson	MD	39.37	-77.54
Jennings	MD	39.65	-79.18
Jessup	MD	39.15	-76.78
Jesterville	MD	38.29	-75.89
Joppatowne	MD	39.42	-76.35
Jugtown	MD	39.61	-77.59
Keedysville	MD	39.49	-77.70
Kemp Mill	MD	39.04	-77.02
Kemps Mill	MD	39.63	-77.81
Kennedyville	MD	39.30	-75.99
Kensington	MD	39.03	-77.07
Kent Narrows	MD	38.98	-76.24
Kettering	MD	38.89	-76.79
Kingstown	MD	39.21	-76.04
Kingsville	MD	39.45	-76.43
Kitzmiller	MD	39.39	-79.18
Klondike	MD	39.61	-78.96
Konterra	MD	39.08	-76.90
La Plata	MD	38.54	-76.97
La Vale	MD	39.67	-78.83
Lake Arbor	MD	38.91	-76.83
Lake Shore	MD	39.09	-76.49
Landover	MD	38.92	-76.89
Landover Hills	MD	38.94	-76.89
Langley Park	MD	38.99	-76.98
Lanham	MD	38.96	-76.84
Lansdowne	MD	39.24	-76.66
Largo	MD	38.88	-76.83
Laurel	MD	39.10	-76.86
Layhill	MD	39.09	-77.04
Laytonsville	MD	39.21	-77.14
Leisure World	MD	39.10	-77.07
Leitersburg	MD	39.69	-77.62
Leonardtown	MD	38.30	-76.64
Lewistown	MD	39.54	-77.42
Lexington Park	MD	38.25	-76.44
Libertytown	MD	39.49	-77.26
Linganore	MD	39.41	-77.30
Linthicum	MD	39.21	-76.66
Lisbon	MD	39.34	-77.07
Little Orleans	MD	39.63	-78.40
Loch Lynn Heights	MD	39.39	-79.37
Lochearn	MD	39.35	-76.73
Lonaconing	MD	39.57	-78.98
Long Beach	MD	38.46	-76.47
Luke	MD	39.48	-79.06
Lusby	MD	38.36	-76.44
Lutherville	MD	39.42	-76.62
Madison	MD	38.51	-76.20
Manchester	MD	39.65	-76.89
Mapleville	MD	39.54	-77.65
Mardela Springs	MD	38.46	-75.76
Marlboro Meadows	MD	38.84	-76.71
Marlboro Village	MD	38.83	-76.77
Marlow Heights	MD	38.82	-76.94
Marlton	MD	38.76	-76.79
Martin's Additions	MD	38.98	-77.07
Marydel	MD	39.11	-75.75
Maryland City	MD	39.10	-76.81
Maryland Park	MD	38.89	-76.91
Maugansville	MD	39.69	-77.75
Mayo	MD	38.90	-76.51
Mays Chapel	MD	39.44	-76.66
McCoole	MD	39.45	-78.97
Mechanicsville	MD	38.43	-76.75
Melwood	MD	38.80	-76.84
Mercersville	MD	39.50	-77.77
Middle River	MD	39.34	-76.43
Middleburg	MD	39.72	-77.72
Middletown	MD	39.44	-77.54
Midland	MD	39.59	-78.95
Midlothian	MD	39.63	-78.95
Milford Mill	MD	39.35	-76.77
Millington	MD	39.26	-75.84
Mitchellville	MD	38.94	-76.81
Monrovia	MD	39.36	-77.27
Montgomery Village	MD	39.19	-77.21
Morningside	MD	38.83	-76.89
Moscow	MD	39.54	-79.01
Mount Aetna	MD	39.60	-77.61
Mount Airy	MD	39.37	-77.15
Mount Briar	MD	39.44	-77.69
Mount Lena	MD	39.55	-77.62
Mount Rainier	MD	38.94	-76.96
Mount Savage	MD	39.70	-78.88
Mount Vernon	MD	38.24	-75.79
Mountain Lake Park	MD	39.40	-79.38
Myersville	MD	39.51	-77.57
Nanticoke	MD	38.27	-75.89
Nanticoke Acres	MD	38.26	-75.91
National	MD	39.61	-78.94
National Harbor	MD	38.78	-77.01
Naval Academy	MD	38.98	-76.48
New Carrollton	MD	38.97	-76.88
New Market	MD	39.39	-77.27
New Windsor	MD	39.54	-77.10
Newark	MD	38.27	-75.29
Nikep	MD	39.55	-79.00
North Beach	MD	38.71	-76.53
North Bethesda	MD	39.04	-77.12
North Brentwood	MD	38.94	-76.95
North Chevy Chase	MD	39.00	-77.07
North East	MD	39.61	-75.94
North Kensington	MD	39.04	-77.07
North Laurel	MD	39.13	-76.85
North Potomac	MD	39.10	-77.24
Oakland	MD	39.42	-79.40
Ocean	MD	39.60	-78.95
Ocean City	MD	38.39	-75.07
Ocean Pines	MD	38.38	-75.15
Odenton	MD	39.07	-76.69
Oldtown	MD	39.54	-78.61
Olney	MD	39.14	-77.07
Overlea	MD	39.36	-76.52
Owings	MD	38.71	-76.60
Owings Mills	MD	39.41	-76.79
Oxford	MD	38.69	-76.17
Oxon Hill	MD	38.79	-76.97
Paramount-Long Meadow	MD	39.68	-77.69
Parkville	MD	39.38	-76.55
Parole	MD	38.99	-76.55
Parsonsburg	MD	38.39	-75.48
Pasadena	MD	39.16	-76.56
Pecktonville	MD	39.67	-78.05
Peppermill Village	MD	38.89	-76.89
Perry Hall	MD	39.41	-76.48
Perryman	MD	39.46	-76.22
Perryville	MD	39.57	-76.06
Pikesville	MD	39.39	-76.70
Pinesburg	MD	39.63	-77.86
Piney Point	MD	38.15	-76.52
Pittsville	MD	38.39	-75.41
Pleasant Grove	MD	39.68	-78.69
Pleasant Hills	MD	39.49	-76.39
Pocomoke City	MD	38.06	-75.56
Point of Rocks	MD	39.28	-77.53
Pomfret	MD	38.57	-77.03
Pondsville	MD	39.62	-77.59
Poolesville	MD	39.14	-77.41
Port Deposit	MD	39.61	-76.10
Port Tobacco Village	MD	38.51	-77.02
Potomac	MD	39.01	-77.19
Potomac Heights	MD	38.60	-77.13
Potomac Park	MD	39.61	-78.81
Powellville	MD	38.33	-75.37
Preston	MD	38.71	-75.91
Prince Frederick	MD	38.54	-76.59
Princess Anne	MD	38.21	-75.70
Pylesville	MD	39.69	-76.39
Quantico	MD	38.38	-75.76
Queen Anne	MD	38.91	-76.71
Queensland	MD	38.80	-76.80
Queenstown	MD	38.99	-76.16
Randallstown	MD	39.37	-76.80
Rawlings	MD	39.54	-78.89
Redland	MD	39.13	-77.15
Reid	MD	39.71	-77.68
Reisterstown	MD	39.45	-76.82
Ridgely	MD	38.95	-75.88
Ringgold	MD	39.71	-77.57
Rising Sun	MD	39.70	-76.06
Riva	MD	38.95	-76.59
Riverdale Park	MD	38.97	-76.93
Riverside	MD	39.48	-76.24
Riviera Beach	MD	39.16	-76.53
Robinwood	MD	39.63	-77.66
Rock Hall	MD	39.14	-76.24
Rock Point	MD	38.28	-76.84
Rockville	MD	39.08	-77.16
Rohrersville	MD	39.43	-77.67
Romancoke	MD	38.89	-76.36
Rosaryville	MD	38.77	-76.83
Rosedale	MD	39.33	-76.51
Rosemont	MD	39.33	-77.62
Rossville	MD	39.36	-76.48
Sabillasville	MD	39.70	-77.46
Salisbury	MD	38.38	-75.59
San Mar	MD	39.55	-77.64
Sandy Hook	MD	39.33	-77.71
Savage	MD	39.15	-76.82
Scaggsville	MD	39.14	-76.88
Seabrook	MD	38.98	-76.85
Seat Pleasant	MD	38.89	-76.90
Secretary	MD	38.61	-75.95
Severn	MD	39.14	-76.70
Severna Park	MD	39.09	-76.56
Shady Side	MD	38.83	-76.52
Shaft	MD	39.62	-78.94
Sharpsburg	MD	39.46	-77.75
Sharptown	MD	38.54	-75.72
Silver Hill	MD	38.84	-76.94
Silver Spring	MD	39.00	-77.02
Smith Island	MD	37.98	-76.03
Smithsburg	MD	39.65	-77.58
Snow Hill	MD	38.17	-75.39
Solomons	MD	38.34	-76.46
Somerset	MD	38.97	-77.10
South Kensington	MD	39.02	-77.07
South Laurel	MD	39.06	-76.85
Spencerville	MD	39.12	-76.98
Spring Gap	MD	39.57	-78.71
Spring Ridge	MD	39.41	-77.34
Springdale	MD	38.94	-76.84
St. George Island	MD	38.12	-76.48
St. James	MD	39.57	-77.75
St. Leonard	MD	38.47	-76.50
St. Michaels	MD	38.79	-76.22
Stevensville	MD	38.97	-76.32
Still Pond	MD	39.33	-76.04
Stockton	MD	38.07	-75.41
Sudlersville	MD	39.18	-75.85
Suitland	MD	38.85	-76.92
Summerfield	MD	38.90	-76.87
Swanton	MD	39.46	-79.23
Sykesville	MD	39.37	-76.97
Takoma Park	MD	38.98	-77.00
Tall Timbers	MD	38.17	-76.54
Taneytown	MD	39.66	-77.17
Taylors Island	MD	38.47	-76.32
Temple Hills	MD	38.81	-76.95
Templeville	MD	39.14	-75.77
Ten Mile Creek	MD	39.23	-77.30
Thurmont	MD	39.62	-77.41
Tilghman Island	MD	38.70	-76.34
Tilghmanton	MD	39.53	-77.74
Timonium	MD	39.45	-76.60
Tolchester	MD	39.22	-76.23
Towson	MD	39.39	-76.62
Trappe	MD	38.66	-76.05
Travilah	MD	39.06	-77.25
Trego-Rohrersville Station	MD	39.43	-77.67
Tyaskin	MD	38.32	-75.87
Union Bridge	MD	39.57	-77.17
University Park	MD	38.97	-76.94
Upper Marlboro	MD	38.82	-76.75
Urbana	MD	39.33	-77.34
Vale Summit	MD	39.62	-78.91
Vienna	MD	38.48	-75.83
Waldorf	MD	38.61	-76.92
Walker Mill	MD	38.88	-76.89
Walkersville	MD	39.47	-77.36
Washington Grove	MD	39.14	-77.17
Waterview	MD	38.25	-75.90
West Denton	MD	38.89	-75.84
West Laurel	MD	39.12	-76.89
West Ocean City	MD	38.35	-75.11
West Pocomoke	MD	38.10	-75.58
Westernport	MD	39.49	-79.04
Westminster	MD	39.58	-77.01
Westphalia	MD	38.84	-76.82
Whaleyville	MD	38.39	-75.30
Wheaton	MD	39.05	-77.06
White Marsh	MD	39.38	-76.46
White Oak	MD	39.04	-76.99
Whitehaven	MD	38.27	-75.79
Wildewood	MD	38.30	-76.55
Willards	MD	38.39	-75.35
Williamsport	MD	39.60	-77.82
Williston	MD	38.83	-75.85
Wilson-Conococheague	MD	39.65	-77.83
Woodland	MD	39.61	-78.95
Woodlawn	MD	39.31	-76.75
Woodmore	MD	38.92	-76.78
Woodsboro	MD	39.53	-77.31
Worton	MD	39.27	-76.09
Yarrowsburg	MD	39.38	-77.68
Zihlman	MD	39.67	-78.91
Alfred	ME	43.48	-70.73
Anson	ME	44.80	-69.90
Ashland	ME	46.62	-68.39
Auburn	ME	44.08	-70.25
Augusta	ME	44.33	-69.73
Bangor	ME	44.83	-68.79
Bar Harbor	ME	44.38	-68.21
Bath	ME	43.93	-69.85
Belfast	ME	44.43	-69.03
Berwick	ME	43.27	-70.86
Bethel	ME	44.40	-70.79
Biddeford	ME	43.44	-70.39
Bingham	ME	45.06	-69.87
Blaine	ME	46.50	-67.87
Blue Hill	ME	44.40	-68.58
Boothbay Harbor	ME	43.86	-69.62
Bowdoinham	ME	44.02	-69.90
Bradley	ME	44.91	-68.62
Brewer	ME	44.78	-68.73
Bridgton	ME	44.08	-70.72
Brownville Junction	ME	45.35	-69.06
Brunswick	ME	43.89	-69.94
Bucksport	ME	44.59	-68.80
Calais	ME	45.14	-67.22
Camden	ME	44.21	-69.07
Cape Neddick	ME	43.17	-70.62
Caribou	ME	46.84	-67.94
Casco	ME	44.00	-70.53
Castine	ME	44.39	-68.81
Chisholm	ME	44.49	-70.19
Clinton	ME	44.64	-69.49
Corinna	ME	44.92	-69.27
Cornish	ME	43.80	-70.80
Cousins Island	ME	43.77	-70.14
Cumberland Center	ME	43.79	-70.24
Damariscotta	ME	44.02	-69.52
Danforth	ME	45.66	-67.87
Dexter	ME	45.02	-69.29
Dixfield	ME	44.54	-70.45
Dover-Foxcroft	ME	45.21	-69.22
Dunstan	ME	43.57	-70.39
Eagle Lake	ME	47.03	-68.59
East Millinocket	ME	45.63	-68.57
Eastport	ME	44.91	-67.01
Ellsworth	ME	44.58	-68.48
Fairfield	ME	44.59	-69.61
Falmouth	ME	43.72	-70.23
Falmouth Foreside	ME	43.73	-70.22
Farmingdale	ME	44.25	-69.78
Farmington	ME	44.67	-70.14
Fort Fairfield	ME	46.77	-67.83
Fort Kent	ME	47.25	-68.59
Freeport	ME	43.86	-70.10
Fryeburg	ME	44.02	-70.97
Gardiner	ME	44.20	-69.79
Gorham	ME	43.69	-70.43
Grand Isle	ME	47.31	-68.16
Gray	ME	43.89	-70.32
Greene	ME	44.19	-70.15
Greenville	ME	45.47	-69.58
Guilford	ME	45.18	-69.40
Hallowell	ME	44.29	-69.82
Hampden	ME	44.75	-68.84
Hartland	ME	44.89	-69.47
Houlton	ME	46.12	-67.83
Howland	ME	45.27	-68.66
Island Falls	ME	46.01	-68.26
Jonesport	ME	44.54	-67.61
Kennebunk	ME	43.38	-70.54
Kennebunkport	ME	43.36	-70.46
Kezar Falls	ME	43.81	-70.88
Kingfield	ME	44.95	-70.16
Kittery	ME	43.09	-70.74
Kittery Point	ME	43.09	-70.69
Lake Arrowhead	ME	43.66	-70.74
Lewiston	ME	44.09	-70.17
Limestone	ME	46.91	-67.83
Lincoln	ME	45.36	-68.50
Lisbon	ME	44.03	-70.11
Lisbon Falls	ME	44.01	-70.06
Little Falls	ME	43.74	-70.44
Littlejohn Island	ME	43.76	-70.13
Livermore Falls	ME	44.47	-70.18
Lubec	ME	44.86	-66.99
Machias	ME	44.70	-67.48
Madawaska	ME	47.34	-68.33
Madison	ME	44.81	-69.85
Mapleton	ME	46.68	-68.15
Mars Hill	ME	46.52	-67.87
Mattawamkeag	ME	45.52	-68.35
Mechanic Falls	ME	44.11	-70.39
Mexico	ME	44.56	-70.53
Milbridge	ME	44.53	-67.89
Milford	ME	44.96	-68.63
Millinocket	ME	45.66	-68.70
Milo	ME	45.25	-68.95
Naples	ME	43.96	-70.60
Newcastle	ME	44.05	-69.53
Newport	ME	44.84	-69.25
Norridgewock	ME	44.72	-69.76
North Anson	ME	44.86	-69.90
North Berwick	ME	43.30	-70.73
North Windham	ME	43.83	-70.43
Northeast Harbor	ME	44.29	-68.29
Norway	ME	44.23	-70.56
Oak Hill	ME	43.60	-70.34
Oakfield	ME	46.10	-68.15
Oakland	ME	44.55	-69.71
Old Orchard Beach	ME	43.53	-70.36
Old Town	ME	44.95	-68.74
Orono	ME	44.88	-68.69
Oxford	ME	44.14	-70.52
Patten	ME	46.00	-68.44
Pittsfield	ME	44.76	-69.37
Portland	ME	43.63	-70.19
Presque Isle	ME	46.69	-67.99
Randolph	ME	44.24	-69.75
Rangeley	ME	44.97	-70.65
Richmond	ME	44.10	-69.81
Rockland	ME	44.12	-69.13
Rumford	ME	44.54	-70.56
Sabattus	ME	44.12	-70.10
Saco	ME	43.53	-70.42
Sanford	ME	43.42	-70.76
Searsport	ME	44.47	-68.92
Skowhegan	ME	44.78	-69.71
South Berwick	ME	43.23	-70.80
South Eliot	ME	43.14	-70.79
South Paris	ME	44.22	-70.51
South Portland	ME	43.63	-70.29
South Windham	ME	43.74	-70.42
Southwest Harbor	ME	44.28	-68.33
Standish	ME	43.74	-70.55
Steep Falls	ME	43.79	-70.61
Thomaston	ME	44.08	-69.18
Topsham	ME	43.95	-69.93
Turner	ME	44.26	-70.26
Unity	ME	44.62	-69.34
Van Buren	ME	47.17	-67.95
Vanceboro	ME	45.57	-67.43
Veazie	ME	44.85	-68.71
Waldoboro	ME	44.09	-69.38
Washburn	ME	46.79	-68.14
Waterville	ME	44.55	-69.66
West Kennebunk	ME	43.41	-70.58
Westbrook	ME	43.71	-70.35
Wilton	ME	44.59	-70.24
Winslow	ME	44.55	-69.61
Winter Harbor	ME	44.39	-68.09
Winterport	ME	44.65	-68.86
Winthrop	ME	44.32	-69.95
Wiscasset	ME	44.01	-69.68
Woodland	ME	45.16	-67.41
Yarmouth	ME	43.80	-70.19
York Harbor	ME	43.14	-70.65
Addison	MI	41.99	-84.35
Adrian	MI	41.90	-84.04
Advance	MI	45.22	-85.08
Ahmeek	MI	47.30	-88.40
Akron	MI	43.57	-83.51
Alanson	MI	45.44	-84.79
Alba	MI	44.98	-84.97
Albion	MI	42.25	-84.76
Alden	MI	44.88	-85.27
Algonac	MI	42.62	-82.53
Allegan	MI	42.53	-85.84
Allen	MI	41.96	-84.77
Allen Park	MI	42.26	-83.21
Allendale	MI	42.98	-85.94
Alma	MI	43.38	-84.65
Almont	MI	42.92	-83.04
Alpena	MI	45.07	-83.44
Alpha	MI	46.04	-88.38
Amasa	MI	46.23	-88.46
Ann Arbor	MI	42.28	-83.73
Applegate	MI	43.36	-82.64
Arcadia	MI	44.49	-86.24
Argentine	MI	42.79	-83.84
Armada	MI	42.84	-82.88
Ashley	MI	43.19	-84.48
Athens	MI	42.09	-85.24
Atlanta	MI	45.00	-84.15
Atlantic Mine	MI	47.10	-88.63
Attica	MI	43.02	-83.16
Au Gres	MI	44.04	-83.69
Au Sable	MI	44.41	-83.34
Auburn	MI	43.60	-84.08
Auburn Hills	MI	42.67	-83.24
Augusta	MI	42.34	-85.35
Bad Axe	MI	43.80	-83.00
Baldwin	MI	43.90	-85.86
Bancroft	MI	42.88	-84.07
Bangor	MI	42.31	-86.11
Baraga	MI	46.78	-88.50
Barnes Lake	MI	43.18	-83.30
Baroda	MI	41.95	-86.49
Barryton	MI	43.75	-85.14
Barton Hills	MI	42.32	-83.76
Bath	MI	42.82	-84.45
Battle Creek	MI	42.30	-85.23
Bay City	MI	43.59	-83.89
Bay Port	MI	43.84	-83.37
Bay Shore	MI	45.36	-85.11
Bay View	MI	45.39	-84.93
Beal City	MI	43.67	-84.91
Bear Lake	MI	44.72	-84.94
Beaverton	MI	43.88	-84.49
Beecher	MI	43.09	-83.70
Beechwood	MI	42.80	-86.12
Belding	MI	43.10	-85.23
Bellaire	MI	44.97	-85.21
Belleville	MI	42.20	-83.48
Bellevue	MI	42.44	-85.02
Bendon	MI	44.64	-85.85
Benton Harbor	MI	42.11	-86.45
Benton Heights	MI	42.12	-86.42
Benzonia	MI	44.62	-86.10
Bergland	MI	46.59	-89.57
Berkley	MI	42.50	-83.19
Berrien Springs	MI	41.95	-86.34
Bessemer	MI	46.48	-90.05
Beulah	MI	44.63	-86.10
Beverly Hills	MI	42.52	-83.24
Big Bay	MI	46.82	-87.71
Big Rapids	MI	43.70	-85.48
Bingham Farms	MI	42.52	-83.28
Birch Run	MI	43.25	-83.79
Birmingham	MI	42.54	-83.22
Blissfield	MI	41.83	-83.86
Bloomfield Hills	MI	42.58	-83.25
Bloomingdale	MI	42.39	-85.97
Boon	MI	44.29	-85.60
Boyne City	MI	45.21	-85.01
Boyne Falls	MI	45.17	-84.91
Breckenridge	MI	43.41	-84.48
Breedsville	MI	42.35	-86.07
Brethren	MI	44.30	-86.02
Bridgeport	MI	43.37	-83.88
Bridgman	MI	41.94	-86.57
Brighton	MI	42.53	-83.78
Brimley	MI	46.41	-84.58
Britton	MI	41.99	-83.83
Bronson	MI	41.87	-85.19
Brooklyn	MI	42.11	-84.25
Brown City	MI	43.21	-82.99
Brownlee Park	MI	42.33	-85.13
Bruce Crossing	MI	46.54	-89.18
Brutus	MI	45.49	-84.78
Buchanan	MI	41.83	-86.37
Buckley	MI	44.50	-85.67
Buena Vista	MI	43.42	-83.90
Burlington	MI	42.10	-85.08
Burr Oak	MI	41.85	-85.32
Burt	MI	43.24	-83.90
Burton	MI	43.00	-83.62
Byron	MI	42.82	-83.95
Byron Center	MI	42.81	-85.73
Caberfae	MI	44.25	-85.73
Cadillac	MI	44.25	-85.41
Caledonia	MI	42.79	-85.52
Calumet	MI	47.25	-88.45
Cambria	MI	41.82	-84.66
Camden	MI	41.75	-84.76
Canada Creek Ranch	MI	45.17	-84.21
Canadian Lakes	MI	43.58	-85.30
Cannonsburg	MI	43.05	-85.47
Capac	MI	43.00	-82.92
Carleton	MI	42.06	-83.39
Carney	MI	45.59	-87.55
Caro	MI	43.49	-83.40
Carp Lake	MI	45.70	-84.75
Carson City	MI	43.18	-84.85
Carsonville	MI	43.43	-82.67
Caseville	MI	43.94	-83.28
Casnovia	MI	43.23	-85.79
Caspian	MI	46.07	-88.63
Cass City	MI	43.60	-83.18
Cassopolis	MI	41.91	-86.01
Cedar	MI	44.85	-85.79
Cedar Springs	MI	43.22	-85.55
Cement City	MI	42.07	-84.33
Center Line	MI	42.48	-83.03
Central Lake	MI	45.07	-85.26
Centreville	MI	41.92	-85.53
Charlevoix	MI	45.31	-85.26
Charlotte	MI	42.57	-84.83
Chassell	MI	47.04	-88.53
Chatham	MI	46.34	-86.93
Cheboygan	MI	45.64	-84.47
Chelsea	MI	42.31	-84.02
Chesaning	MI	43.19	-84.12
Chums Corner	MI	44.68	-85.66
Clare	MI	43.83	-84.76
Clarksville	MI	42.84	-85.24
Clawson	MI	42.54	-83.15
Clayton	MI	41.86	-84.23
Clifford	MI	43.32	-83.18
Climax	MI	42.24	-85.34
Clinton	MI	42.07	-83.97
Clio	MI	43.18	-83.74
Coldwater	MI	41.95	-85.00
Coleman	MI	43.76	-84.59
Coloma	MI	42.19	-86.31
Colon	MI	41.96	-85.32
Columbiaville	MI	43.15	-83.40
Comstock Northwest	MI	42.32	-85.52
Comstock Park	MI	43.04	-85.68
Concord	MI	42.18	-84.65
Constantine	MI	41.84	-85.67
Conway	MI	45.41	-84.87
Coopersville	MI	43.07	-85.93
Copemish	MI	44.48	-85.93
Copper City	MI	47.28	-88.39
Copper Harbor	MI	47.47	-87.87
Corunna	MI	42.98	-84.12
Covington	MI	46.54	-88.55
Cross Village	MI	45.64	-85.03
Croswell	MI	43.27	-82.62
Crystal	MI	43.26	-84.93
Crystal Downs Country Club	MI	44.70	-86.23
Crystal Falls	MI	46.09	-88.32
Crystal Mountain	MI	44.52	-86.00
Custer	MI	43.95	-86.22
Cutlerville	MI	42.84	-85.67
Daggett	MI	45.46	-87.60
Dansville	MI	42.56	-84.30
Davison	MI	43.03	-83.52
De Tour Village	MI	45.98	-83.91
DeWitt	MI	42.84	-84.58
Dearborn	MI	42.31	-83.21
Dearborn Heights	MI	42.34	-83.29
Decatur	MI	42.11	-85.98
Deckerville	MI	43.53	-82.74
Deerfield	MI	41.89	-83.78
Delton	MI	42.49	-85.41
Detroit	MI	42.38	-83.10
Detroit Beach	MI	41.93	-83.33
Dexter	MI	42.33	-83.88
Dimondale	MI	42.65	-84.65
Dodgeville	MI	47.09	-88.58
Dollar Bay	MI	47.13	-88.51
Dorr	MI	42.73	-85.72
Douglas	MI	42.64	-86.21
Dowagiac	MI	41.98	-86.11
Dowling	MI	42.53	-85.23
Dryden	MI	42.95	-83.12
Dundee	MI	41.97	-83.67
Durand	MI	42.91	-83.99
Eagle	MI	42.81	-84.79
Eagle Harbor	MI	47.45	-88.15
Eagle River	MI	47.40	-88.26
East Grand Rapids	MI	42.95	-85.61
East Jordan	MI	45.15	-85.13
East Lansing	MI	42.75	-84.48
East Tawas	MI	44.29	-83.48
Eastlake	MI	44.25	-86.29
Eastpointe	MI	42.47	-82.95
Eastport	MI	45.11	-85.35
Eastwood	MI	42.30	-85.54
Eaton Rapids	MI	42.51	-84.65
Eau Claire	MI	41.98	-86.31
Ecorse	MI	42.25	-83.14
Edgemont Park	MI	42.75	-84.59
Edmore	MI	43.41	-85.04
Edwardsburg	MI	41.80	-86.08
Elberta	MI	44.62	-86.23
Elk Rapids	MI	44.90	-85.40
Elkton	MI	43.82	-83.18
Ellsworth	MI	45.17	-85.24
Elm Hall	MI	43.36	-84.83
Elsie	MI	43.09	-84.39
Emmett	MI	42.99	-82.77
Empire	MI	44.81	-86.06
Escanaba	MI	45.75	-87.08
Essexville	MI	43.61	-83.84
Estral Beach	MI	41.99	-83.24
Eureka	MI	43.10	-84.51
Evart	MI	43.90	-85.27
Ewen	MI	46.53	-89.29
Fair Plain	MI	42.08	-86.45
Fairgrove	MI	43.52	-83.54
Falmouth	MI	44.24	-85.08
Farmington	MI	42.46	-83.38
Farmington Hills	MI	42.49	-83.38
Farwell	MI	43.84	-84.87
Fennville	MI	42.59	-86.11
Fenton	MI	42.80	-83.72
Ferndale	MI	42.46	-83.13
Ferrysburg	MI	43.09	-86.23
Fife Lake	MI	44.58	-85.35
Filer City	MI	44.21	-86.29
Flat Rock	MI	42.10	-83.27
Flint	MI	43.02	-83.69
Flushing	MI	43.06	-83.84
Forest Hills	MI	42.96	-85.49
Forestville	MI	43.66	-82.61
Fostoria	MI	43.25	-83.36
Fountain	MI	44.05	-86.18
Fowler	MI	43.00	-84.74
Fowlerville	MI	42.66	-84.07
Frankenmuth	MI	43.33	-83.74
Frankfort	MI	44.64	-86.23
Franklin	MI	42.52	-83.30
Fraser	MI	42.54	-82.95
Free Soil	MI	44.11	-86.21
Freeland	MI	43.52	-84.11
Freeport	MI	42.76	-85.32
Fremont	MI	43.46	-85.95
Fruitport	MI	43.13	-86.16
Fulton	MI	47.30	-88.36
Gaastra	MI	46.06	-88.60
Gagetown	MI	43.66	-83.24
Gaines	MI	42.87	-83.91
Galesburg	MI	42.29	-85.42
Galien	MI	41.80	-86.50
Garden	MI	45.77	-86.56
Garden City	MI	42.32	-83.34
Gaylord	MI	45.02	-84.68
Gibraltar	MI	42.11	-83.20
Gladstone	MI	45.85	-87.03
Gladwin	MI	43.98	-84.49
Glen Arbor	MI	44.89	-85.99
Gobles	MI	42.36	-85.88
Goodrich	MI	42.91	-83.52
Grand Beach	MI	41.77	-86.79
Grand Blanc	MI	42.93	-83.62
Grand Haven	MI	43.05	-86.22
Grand Ledge	MI	42.75	-84.74
Grand Marais	MI	46.68	-85.97
Grand Rapids	MI	42.96	-85.66
Grandville	MI	42.90	-85.75
Grant	MI	43.33	-85.81
Grass Lake	MI	42.25	-84.21
Grawn	MI	44.66	-85.69
Grayling	MI	44.66	-84.71
Greenland	MI	46.78	-89.10
Greenville	MI	43.18	-85.25
Greilickville	MI	44.80	-85.67
Grosse Pointe	MI	42.38	-82.90
Grosse Pointe Farms	MI	42.40	-82.89
Grosse Pointe Park	MI	42.37	-82.92
Grosse Pointe Woods	MI	42.44	-82.90
Gwinn	MI	46.29	-87.44
Hamtramck	MI	42.40	-83.06
Hancock	MI	47.14	-88.60
Hanover	MI	42.10	-84.55
Harbor Beach	MI	43.84	-82.65
Harbor Springs	MI	45.43	-84.99
Hardwood Acres	MI	44.72	-85.82
Haring	MI	44.28	-85.40
Harper Woods	MI	42.44	-82.93
Harrietta	MI	44.31	-85.70
Harrison	MI	44.01	-84.81
Harrisville	MI	44.66	-83.29
Hart	MI	43.70	-86.37
Hartford	MI	42.20	-86.17
Hartland	MI	42.66	-83.74
Harvey	MI	46.48	-87.36
Haslett	MI	42.75	-84.40
Hastings	MI	42.65	-85.29
Hazel Park	MI	42.46	-83.10
Hemlock	MI	43.42	-84.24
Henderson	MI	43.09	-84.19
Hermansville	MI	45.71	-87.61
Hersey	MI	43.85	-85.44
Hesperia	MI	43.57	-86.04
Hickory Corners	MI	42.43	-85.39
Highland Park	MI	42.41	-83.10
Hillman	MI	45.07	-83.89
Hillsdale	MI	41.93	-84.64
Holland	MI	42.77	-86.10
Holly	MI	42.80	-83.62
Holt	MI	42.64	-84.53
Homer	MI	42.15	-84.81
Honor	MI	44.67	-86.02
Hopkins	MI	42.63	-85.76
Horton Bay	MI	45.28	-85.07
Houghton	MI	47.11	-88.57
Houghton Lake	MI	44.30	-84.75
Howard City	MI	43.39	-85.47
Howell	MI	42.61	-83.93
Hubbard Lake	MI	44.82	-83.55
Hubbardston	MI	43.09	-84.84
Hubbell	MI	47.18	-88.43
Hudson	MI	41.86	-84.35
Hudsonville	MI	42.86	-85.86
Huntington Woods	MI	42.48	-83.17
Hurontown	MI	47.11	-88.57
Ida	MI	41.90	-83.56
Imlay City	MI	43.02	-83.08
Indian River	MI	45.43	-84.62
Inkster	MI	42.29	-83.32
Interlochen	MI	44.65	-85.76
Ionia	MI	42.98	-85.07
Iron Mountain	MI	45.83	-88.06
Iron River	MI	46.10	-88.64
Ironton	MI	45.26	-85.19
Ironwood	MI	46.45	-90.15
Ishpeming	MI	46.47	-87.68
Ithaca	MI	43.29	-84.60
Jackson	MI	42.24	-84.40
Jasper	MI	41.79	-84.04
Jenison	MI	42.90	-85.83
Jennings	MI	44.33	-85.30
Jonesville	MI	41.98	-84.67
K. I. Sawyer	MI	46.33	-87.37
Kalamazoo	MI	42.28	-85.59
Kaleva	MI	44.37	-86.01
Kalkaska	MI	44.73	-85.18
Keego Harbor	MI	42.61	-83.35
Kent City	MI	43.23	-85.76
Kentwood	MI	42.88	-85.59
Kincheloe	MI	46.27	-84.46
Kinde	MI	43.94	-83.00
Kingsford	MI	45.81	-88.10
Kingsley	MI	44.59	-85.52
Kingston	MI	43.41	-83.19
L'Anse	MI	46.75	-88.45
Laingsburg	MI	42.89	-84.35
Lake Angelus	MI	42.69	-83.33
Lake Ann	MI	44.73	-85.85
Lake City	MI	44.33	-85.21
Lake Fenton	MI	42.85	-83.71
Lake Gogebic	MI	46.58	-89.60
Lake Isabella	MI	43.64	-85.00
Lake LeAnn	MI	42.06	-84.43
Lake Leelanau	MI	44.98	-85.72
Lake Linden	MI	47.20	-88.41
Lake Michigan Beach	MI	42.21	-86.38
Lake Odessa	MI	42.78	-85.14
Lake Orion	MI	42.78	-83.24
Lake Victoria	MI	42.92	-84.38
Lakeport	MI	43.11	-82.49
Lakes of the North	MI	44.93	-84.89
Lakeview	MI	43.44	-85.27
Lakewood Club	MI	43.38	-86.25
Lambertville	MI	41.75	-83.62
Lamont	MI	43.02	-85.91
Lansing	MI	42.71	-84.56
Lapeer	MI	43.05	-83.33
Lathrup Village	MI	42.49	-83.23
Laurium	MI	47.24	-88.44
Lawrence	MI	42.21	-86.06
Lawton	MI	42.17	-85.85
Le Roy	MI	44.04	-85.45
Leland	MI	45.02	-85.76
Lennon	MI	42.99	-83.93
Leonard	MI	42.87	-83.14
Leslie	MI	42.45	-84.43
Level Park-Oak Park	MI	42.37	-85.27
Levering	MI	45.63	-84.78
Lewiston	MI	44.88	-84.30
Lexington	MI	43.27	-82.54
Lincoln	MI	44.68	-83.41
Lincoln Park	MI	42.24	-83.18
Linden	MI	42.82	-83.78
Litchfield	MI	42.04	-84.75
Livonia	MI	42.40	-83.37
Loomis	MI	43.78	-84.66
Lost Lake Woods	MI	44.80	-83.42
Lowell	MI	42.93	-85.35
Ludington	MI	43.96	-86.44
Luna Pier	MI	41.80	-83.44
Lupton	MI	44.43	-84.02
Luther	MI	44.04	-85.68
Lyons	MI	42.99	-84.94
Mackinac Island	MI	45.86	-84.63
Mackinaw City	MI	45.78	-84.76
Madison Heights	MI	42.51	-83.10
Mancelona	MI	44.90	-85.06
Manchester	MI	42.15	-84.03
Manistee	MI	44.25	-86.33
Manistee Lake	MI	44.77	-85.02
Manistique	MI	45.96	-86.25
Manitou Beach-Devils Lake	MI	41.98	-84.28
Manton	MI	44.41	-85.40
Maple City	MI	44.86	-85.86
Maple Grove	MI	44.71	-85.85
Maple Rapids	MI	43.11	-84.69
Marcellus	MI	42.02	-85.81
Marenisco	MI	46.37	-89.71
Marine City	MI	42.71	-82.50
Marion	MI	44.10	-85.14
Marlette	MI	43.33	-83.08
Marquette	MI	46.55	-87.40
Marshall	MI	42.26	-84.96
Martin	MI	42.54	-85.64
Marysville	MI	42.91	-82.48
Mason	MI	42.58	-84.44
Mass City	MI	46.76	-89.08
Mattawan	MI	42.22	-85.80
Maybee	MI	42.01	-83.51
Mayville	MI	43.34	-83.35
McBain	MI	44.20	-85.22
McBride	MI	43.35	-85.04
Mears	MI	43.68	-86.42
Mecosta	MI	43.62	-85.23
Melvin	MI	43.19	-82.86
Melvindale	MI	42.28	-83.18
Memphis	MI	42.90	-82.77
Mendon	MI	42.01	-85.45
Menominee	MI	45.12	-87.62
Merrill	MI	43.41	-84.33
Mesick	MI	44.40	-85.72
Metamora	MI	42.95	-83.29
Michiana	MI	41.76	-86.81
Michigamme	MI	46.53	-88.03
Michigan Center	MI	42.23	-84.32
Middletown	MI	42.99	-84.14
Middleville	MI	42.72	-85.47
Midland	MI	43.62	-84.23
Milan	MI	42.08	-83.68
Milford	MI	42.59	-83.60
Millburg	MI	42.13	-86.34
Millers Lake	MI	43.18	-83.33
Millersburg	MI	45.33	-84.06
Millington	MI	43.27	-83.52
Minden City	MI	43.67	-82.77
Mio	MI	44.66	-84.15
Mohawk	MI	47.31	-88.34
Monroe	MI	41.92	-83.38
Montague	MI	43.41	-86.36
Montgomery	MI	41.78	-84.81
Montrose	MI	43.18	-83.89
Morenci	MI	41.72	-84.22
Morley	MI	43.49	-85.45
Morrice	MI	42.84	-84.18
Mount Clemens	MI	42.60	-82.88
Mount Morris	MI	43.12	-83.70
Mount Pleasant	MI	43.60	-84.78
Muir	MI	43.00	-84.94
Mulliken	MI	42.76	-84.90
Munising	MI	46.43	-86.62
Muskegon	MI	43.23	-86.26
Muskegon Heights	MI	43.20	-86.24
Napoleon	MI	42.16	-84.24
Nashville	MI	42.60	-85.09
Naubinway	MI	46.09	-85.46
Negaunee	MI	46.50	-87.59
Nessen City	MI	44.52	-85.87
New Baltimore	MI	42.69	-82.74
New Buffalo	MI	41.79	-86.74
New Era	MI	43.56	-86.35
New Haven	MI	42.73	-82.80
New Lothrop	MI	43.12	-83.97
New Troy	MI	41.88	-86.54
Newaygo	MI	43.42	-85.80
Newberry	MI	46.35	-85.51
Niles	MI	41.83	-86.25
North Adams	MI	41.97	-84.53
North Branch	MI	43.23	-83.19
North Muskegon	MI	43.25	-86.27
Northport	MI	45.13	-85.62
Northview	MI	43.04	-85.60
Northville	MI	42.44	-83.49
Norton Shores	MI	43.17	-86.24
Norway	MI	45.80	-87.91
Norwood	MI	45.23	-85.38
Novi	MI	42.48	-83.49
Nunica	MI	43.09	-86.07
Oak Hill	MI	44.22	-86.30
Oak Park	MI	42.46	-83.18
Oakley	MI	43.14	-84.17
Oden	MI	45.43	-84.83
Okemos	MI	42.71	-84.41
Olivet	MI	42.44	-84.93
Omena	MI	45.06	-85.60
Omer	MI	44.05	-83.86
Onaway	MI	45.36	-84.23
Onekama	MI	44.37	-86.20
Onsted	MI	42.01	-84.19
Ontonagon	MI	46.87	-89.31
Orchard Lake Village	MI	42.59	-83.37
Ortonville	MI	42.85	-83.44
Oscoda	MI	44.42	-83.33
Ossineke	MI	44.91	-83.43
Otisville	MI	43.17	-83.53
Otsego	MI	42.46	-85.70
Otter Lake	MI	43.21	-83.46
Ovid	MI	43.00	-84.38
Owendale	MI	43.73	-83.27
Owosso	MI	43.00	-84.18
Oxford	MI	42.82	-83.25
Painesdale	MI	47.04	-88.67
Palmer	MI	46.44	-87.58
Palo	MI	43.11	-84.99
Parchment	MI	42.33	-85.57
Paris	MI	43.78	-85.51
Parkdale	MI	44.27	-86.28
Parma	MI	42.27	-84.55
Paw Paw	MI	42.21	-85.89
Paw Paw Lake	MI	42.21	-86.28
Pearl Beach	MI	42.63	-82.59
Peck	MI	43.26	-82.82
Pelkie	MI	46.82	-88.64
Pellston	MI	45.55	-84.78
Pentwater	MI	43.78	-86.43
Perrinton	MI	43.18	-84.68
Perry	MI	42.83	-84.22
Petersburg	MI	41.90	-83.71
Petoskey	MI	45.36	-85.01
Pewamo	MI	43.00	-84.85
Pierson	MI	43.32	-85.50
Pigeon	MI	43.83	-83.27
Pilgrim	MI	44.66	-86.25
Pinckney	MI	42.46	-83.94
Pinconning	MI	43.86	-83.96
Pittsford	MI	41.86	-84.48
Plainwell	MI	42.44	-85.64
Pleasant Ridge	MI	42.47	-83.14
Plymouth	MI	42.37	-83.47
Ponshewaing	MI	45.42	-84.81
Pontiac	MI	42.65	-83.29
Port Austin	MI	44.04	-83.00
Port Hope	MI	43.94	-82.71
Port Huron	MI	42.99	-82.43
Port Sanilac	MI	43.43	-82.54
Portage	MI	42.20	-85.59
Portland	MI	42.87	-84.90
Posen	MI	45.26	-83.70
Potterville	MI	42.63	-84.75
Powers	MI	45.69	-87.53
Prescott	MI	44.19	-83.93
Presque Isle Harbor	MI	45.32	-83.49
Prudenville	MI	44.30	-84.67
Quincy	MI	41.94	-84.88
Quinnesec	MI	45.80	-88.00
Ramsay	MI	46.47	-90.00
Rapid City	MI	44.84	-85.29
Rapid River	MI	45.93	-86.97
Ravenna	MI	43.19	-85.94
Reading	MI	41.84	-84.75
Reed City	MI	43.87	-85.51
Reese	MI	43.45	-83.69
Republic	MI	46.41	-87.99
Richland	MI	42.37	-85.46
Richmond	MI	42.81	-82.75
River Rouge	MI	42.27	-83.12
Riverdale	MI	43.38	-84.84
Riverview	MI	42.17	-83.20
Robin Glen-Indiantown	MI	43.46	-83.84
Rochester	MI	42.69	-83.12
Rochester Hills	MI	42.66	-83.16
Rock	MI	46.07	-87.16
Rockford	MI	43.14	-85.55
Rockland	MI	46.74	-89.18
Rockwood	MI	42.07	-83.24
Rogers City	MI	45.42	-83.80
Romeo	MI	42.80	-83.00
Romulus	MI	42.22	-83.37
Roosevelt Park	MI	43.20	-86.27
Roscommon	MI	44.49	-84.59
Rose City	MI	44.42	-84.12
Rosebush	MI	43.70	-84.76
Roseville	MI	42.51	-82.94
Rothbury	MI	43.52	-86.36
Royal Oak	MI	42.51	-83.15
Ruby	MI	43.03	-82.61
Saginaw	MI	43.42	-83.95
Saline	MI	42.17	-83.78
Sand Lake	MI	44.33	-83.67
Sandusky	MI	43.42	-82.83
Sanford	MI	43.68	-84.39
Saranac	MI	42.93	-85.21
Saugatuck	MI	42.66	-86.20
Sault Ste. Marie	MI	46.48	-84.37
Schoolcraft	MI	42.12	-85.63
Scotts	MI	42.19	-85.41
Scottville	MI	43.95	-86.28
Sebewaing	MI	43.73	-83.45
Shaftsburg	MI	42.81	-84.30
Shelby	MI	43.61	-86.36
Shepherd	MI	43.52	-84.69
Sheridan	MI	43.21	-85.08
Sherwood	MI	42.00	-85.24
Shields	MI	43.42	-84.07
Shoreham	MI	42.06	-86.51
Shorewood-Tower Hills-Harbert	MI	41.88	-86.62
Skanee	MI	46.87	-88.20
Skidway Lake	MI	44.19	-84.05
Snover	MI	43.45	-82.96
South Boardman	MI	44.64	-85.29
South Gull Lake	MI	42.39	-85.41
South Haven	MI	42.40	-86.27
South Lyon	MI	42.46	-83.65
South Monroe	MI	41.89	-83.42
South Range	MI	47.07	-88.64
South Rockwood	MI	42.06	-83.27
Southfield	MI	42.47	-83.26
Southgate	MI	42.20	-83.21
Sparta	MI	43.16	-85.71
Spring Arbor	MI	42.21	-84.55
Spring Lake	MI	43.07	-86.19
Springfield	MI	42.32	-85.24
Springport	MI	42.38	-84.70
St. Charles	MI	43.30	-84.15
St. Clair	MI	42.83	-82.49
St. Clair Shores	MI	42.49	-82.89
St. Helen	MI	44.36	-84.41
St. Ignace	MI	45.89	-84.73
St. James	MI	45.74	-85.53
St. Johns	MI	43.00	-84.56
St. Joseph	MI	42.10	-86.49
St. Louis	MI	43.41	-84.61
Standish	MI	43.98	-83.96
Stanton	MI	43.29	-85.08
Stanwood	MI	43.58	-85.45
Stephenson	MI	45.41	-87.61
Sterling	MI	44.03	-84.02
Sterling Heights	MI	42.58	-83.03
Stevensville	MI	42.01	-86.53
Stockbridge	MI	42.45	-84.18
Stony Point	MI	41.95	-83.27
Stronach	MI	44.21	-86.27
Sturgis	MI	41.80	-85.42
Sunfield	MI	42.76	-85.00
Suttons Bay	MI	44.98	-85.65
Swartz Creek	MI	42.96	-83.82
Sylvan Lake	MI	42.62	-83.33
Tawas City	MI	44.27	-83.52
Taylor	MI	42.23	-83.27
Tecumseh	MI	42.01	-83.94
Tekonsha	MI	42.10	-84.99
Temperance	MI	41.77	-83.57
Thompsonville	MI	44.52	-85.94
Three Lakes	MI	46.53	-88.18
Three Oaks	MI	41.80	-86.61
Three Rivers	MI	41.95	-85.63
Tower	MI	45.35	-84.29
Traverse City	MI	44.75	-85.60
Trenton	MI	42.14	-83.19
Trimountain	MI	47.06	-88.66
Trowbridge Park	MI	46.56	-87.44
Troy	MI	42.58	-83.15
Trufant	MI	43.32	-85.35
Turner	MI	44.14	-83.79
Tustin	MI	44.10	-85.46
Twin Lake	MI	43.37	-86.18
Twining	MI	44.12	-83.81
Ubly	MI	43.71	-82.94
Union City	MI	42.07	-85.14
Unionville	MI	43.65	-83.47
Utica	MI	42.63	-83.02
Vandalia	MI	41.92	-85.92
Vanderbilt	MI	45.14	-84.66
Vandercook Lake	MI	42.19	-84.39
Vassar	MI	43.37	-83.58
Vermontville	MI	42.63	-85.03
Vernon	MI	42.94	-84.03
Vicksburg	MI	42.12	-85.54
Village of Clarkston	MI	42.73	-83.42
Village of Grosse Pointe Shores	MI	42.45	-82.87
Vineyard Lake	MI	42.09	-84.22
Wacousta	MI	42.82	-84.69
Wakefield	MI	46.48	-89.93
Waldron	MI	41.72	-84.42
Walker	MI	43.00	-85.76
Walkerville	MI	43.71	-86.13
Walled Lake	MI	42.54	-83.47
Walloon Lake	MI	45.27	-84.94
Warren	MI	42.49	-83.03
Watersmeet	MI	46.30	-89.21
Watervliet	MI	42.19	-86.26
Waverly	MI	42.74	-84.63
Wayland	MI	42.67	-85.64
Wayne	MI	42.28	-83.39
Webberville	MI	42.66	-84.19
Wedgewood	MI	44.19	-85.49
Weidman	MI	43.70	-84.98
Wellston	MI	44.22	-85.97
West Branch	MI	44.27	-84.24
West Ishpeming	MI	46.49	-87.72
West Monroe	MI	41.91	-83.43
Westland	MI	42.32	-83.38
Westphalia	MI	42.93	-84.80
Westwood	MI	42.30	-85.63
White Cloud	MI	43.56	-85.77
White Pigeon	MI	41.80	-85.65
White Pine	MI	46.74	-89.58
Whitehall	MI	43.40	-86.34
Whitmore Lake	MI	42.42	-83.75
Whittemore	MI	44.23	-83.80
Williamston	MI	42.68	-84.28
Winn	MI	43.52	-84.90
Wixom	MI	42.52	-83.53
Wolf Lake	MI	43.24	-86.11
Wolverine	MI	45.27	-84.61
Wolverine Lake	MI	42.55	-83.49
Woodhaven	MI	42.13	-83.24
Woodland	MI	42.73	-85.13
Woodland Beach	MI	41.94	-83.31
Wyandotte	MI	42.21	-83.16
Wyoming	MI	42.89	-85.71
Yale	MI	43.13	-82.80
Ypsilanti	MI	42.24	-83.62
Zeba	MI	46.79	-88.41
Zeeland	MI	42.81	-86.01
Zilwaukee	MI	43.48	-83.92
Ada	MN	47.30	-96.52
Adams	MN	43.57	-92.72
Adrian	MN	43.63	-95.93
Afton	MN	44.90	-92.82
Aitkin	MN	46.53	-93.70
Akeley	MN	47.00	-94.73
Albany	MN	45.63	-94.56
Albert Lea	MN	43.65	-93.36
Alberta	MN	45.57	-96.05
Albertville	MN	45.24	-93.66
Alden	MN	43.67	-93.57
Aldrich	MN	46.37	-94.94
Alexandria	MN	45.88	-95.38
Alpha	MN	43.64	-94.87
Altura	MN	44.06	-91.94
Alvarado	MN	48.19	-97.00
Amboy	MN	43.89	-94.16
Andover	MN	45.25	-93.34
Angle Inlet	MN	49.35	-95.07
Annandale	MN	45.26	-94.12
Anoka	MN	45.21	-93.39
Apple Valley	MN	44.75	-93.20
Appleton	MN	45.20	-96.02
Arco	MN	44.38	-96.18
Arden Hills	MN	45.07	-93.17
Argyle	MN	48.34	-96.82
Arlington	MN	44.61	-94.08
Ashby	MN	46.10	-95.82
Askov	MN	46.19	-92.78
Atwater	MN	45.14	-94.78
Audubon	MN	46.87	-95.98
Aurora	MN	47.53	-92.24
Austin	MN	43.67	-92.98
Avoca	MN	43.95	-95.65
Avon	MN	45.61	-94.45
Babbitt	MN	47.64	-91.93
Backus	MN	46.82	-94.51
Badger	MN	48.78	-96.02
Bagley	MN	47.52	-95.40
Baker	MN	46.71	-96.56
Balaton	MN	44.23	-95.87
Ball Club	MN	47.33	-93.95
Barnesville	MN	46.65	-96.42
Barnum	MN	46.51	-92.69
Barrett	MN	45.91	-95.90
Barry	MN	45.56	-96.56
Battle Lake	MN	46.28	-95.72
Baudette	MN	48.71	-94.59
Baxter	MN	46.34	-94.28
Bayport	MN	45.01	-92.78
Beardsley	MN	45.56	-96.71
Beaulieu	MN	47.34	-95.82
Beaver Bay	MN	47.26	-91.31
Beaver Creek	MN	43.61	-96.36
Becker	MN	45.39	-93.89
Bejou	MN	47.44	-95.97
Belgrade	MN	45.45	-95.00
Belle Plaine	MN	44.62	-93.76
Bellechester	MN	44.37	-92.51
Bellingham	MN	45.14	-96.28
Beltrami	MN	47.54	-96.53
Belview	MN	44.61	-95.33
Bemidji	MN	47.49	-94.88
Bena	MN	47.34	-94.21
Benson	MN	45.32	-95.61
Bertha	MN	46.27	-95.06
Bethel	MN	45.40	-93.27
Big Falls	MN	48.18	-93.81
Big Lake	MN	45.34	-93.74
Bigelow	MN	43.51	-95.69
Bigfork	MN	47.75	-93.65
Bingham Lake	MN	43.91	-95.04
Birchwood Village	MN	45.06	-92.98
Bird Island	MN	44.77	-94.89
Biscay	MN	44.83	-94.27
Biwabik	MN	47.54	-92.34
Blackduck	MN	47.72	-94.55
Blaine	MN	45.17	-93.21
Blomkest	MN	44.94	-95.02
Blooming Prairie	MN	43.87	-93.06
Bloomington	MN	44.83	-93.32
Blue Earth	MN	43.64	-94.10
Bluffton	MN	46.47	-95.23
Bock	MN	45.78	-93.55
Borup	MN	47.18	-96.51
Bovey	MN	47.30	-93.41
Bowlus	MN	45.82	-94.41
Boy River	MN	47.17	-94.12
Boyd	MN	44.85	-95.90
Braham	MN	45.72	-93.17
Brainerd	MN	46.36	-94.20
Brandon	MN	45.97	-95.59
Breckenridge	MN	46.27	-96.58
Breezy Point	MN	46.61	-94.21
Brewster	MN	43.70	-95.46
Bricelyn	MN	43.56	-93.81
Brook Park	MN	45.95	-93.07
Brooklyn Center	MN	45.07	-93.32
Brooklyn Park	MN	45.11	-93.35
Brooks	MN	47.82	-96.00
Brookston	MN	46.87	-92.60
Brooten	MN	45.50	-95.12
Browerville	MN	46.08	-94.86
Browns Valley	MN	45.59	-96.83
Brownsdale	MN	43.74	-92.87
Brownsville	MN	43.70	-91.29
Brownton	MN	44.73	-94.35
Bruno	MN	46.28	-92.67
Buckman	MN	45.90	-94.09
Buffalo	MN	45.18	-93.86
Buffalo Lake	MN	44.74	-94.62
Buhl	MN	47.50	-92.78
Burnsville	MN	44.76	-93.28
Burtrum	MN	45.87	-94.69
Butterfield	MN	43.96	-94.79
Byron	MN	44.04	-92.64
Caledonia	MN	43.63	-91.50
Callaway	MN	46.98	-95.92
Calumet	MN	47.32	-93.26
Cambridge	MN	45.56	-93.23
Campbell	MN	46.10	-96.41
Canby	MN	44.72	-96.27
Cannon Falls	MN	44.52	-92.89
Canton	MN	43.53	-91.93
Carlos	MN	45.97	-95.29
Carlton	MN	46.66	-92.43
Carver	MN	44.76	-93.63
Cass Lake	MN	47.38	-94.60
Cedar Mills	MN	44.94	-94.52
Center City	MN	45.39	-92.81
Centerville	MN	45.17	-93.06
Ceylon	MN	43.53	-94.63
Champlin	MN	45.17	-93.39
Chandler	MN	43.93	-95.95
Chanhassen	MN	44.85	-93.56
Chaska	MN	44.82	-93.61
Chatfield	MN	43.84	-92.18
Chickamaw Beach	MN	46.75	-94.38
Chisago City	MN	45.35	-92.91
Chisholm	MN	47.49	-92.88
Chokio	MN	45.57	-96.17
Circle Pines	MN	45.14	-93.15
Clara City	MN	44.96	-95.37
Claremont	MN	44.04	-93.00
Clarissa	MN	46.13	-94.95
Clarkfield	MN	44.79	-95.81
Clarks Grove	MN	43.76	-93.33
Clear Lake	MN	45.45	-94.00
Clearbrook	MN	47.70	-95.43
Clearwater	MN	45.41	-94.04
Clements	MN	44.38	-95.05
Cleveland	MN	44.32	-93.84
Climax	MN	47.61	-96.81
Clinton	MN	45.47	-96.44
Clitherall	MN	46.27	-95.63
Clontarf	MN	45.38	-95.68
Cloquet	MN	46.73	-92.50
Coates	MN	44.72	-93.03
Cobden	MN	44.28	-94.85
Cohasset	MN	47.24	-93.66
Cokato	MN	45.08	-94.19
Cold Spring	MN	45.46	-94.43
Coleraine	MN	47.26	-93.45
Cologne	MN	44.77	-93.79
Columbia Heights	MN	45.05	-93.25
Columbus	MN	45.25	-93.11
Comfrey	MN	44.11	-94.90
Comstock	MN	46.66	-96.75
Conger	MN	43.62	-93.53
Cook	MN	47.84	-92.69
Coon Rapids	MN	45.18	-93.31
Corcoran	MN	45.11	-93.58
Correll	MN	45.23	-96.16
Cosmos	MN	44.94	-94.70
Cottage Grove	MN	44.81	-92.91
Cottonwood	MN	44.61	-95.67
Courtland	MN	44.28	-94.34
Credit River	MN	44.67	-93.36
Cromwell	MN	46.68	-92.87
Crookston	MN	47.77	-96.61
Crosby	MN	46.49	-93.95
Crosslake	MN	46.68	-94.10
Crown College	MN	44.88	-93.74
Crystal	MN	45.04	-93.36
Currie	MN	44.07	-95.67
Cuyuna	MN	46.51	-93.92
Cyrus	MN	45.61	-95.74
Dakota	MN	43.91	-91.36
Dalton	MN	46.17	-95.92
Danube	MN	44.79	-95.10
Danvers	MN	45.28	-95.76
Darfur	MN	44.05	-94.84
Darwin	MN	45.10	-94.42
Dassel	MN	45.08	-94.32
Dawson	MN	44.93	-96.05
Dayton	MN	45.19	-93.47
De Graff	MN	45.26	-95.47
Deephaven	MN	44.93	-93.53
Deer Creek	MN	46.39	-95.32
Deer River	MN	47.34	-93.79
Deerwood	MN	46.47	-93.90
Delano	MN	45.04	-93.79
Delavan	MN	43.77	-94.02
Delhi	MN	44.60	-95.21
Dellwood	MN	45.10	-92.97
Denham	MN	46.36	-92.94
Dennison	MN	44.41	-93.03
Dent	MN	46.55	-95.72
Detroit Lakes	MN	46.81	-95.85
Dexter	MN	43.72	-92.70
Dilworth	MN	46.88	-96.70
Dodge Center	MN	44.03	-92.85
Donaldson	MN	48.57	-96.89
Donnelly	MN	45.69	-96.01
Doran	MN	46.19	-96.49
Dover	MN	43.97	-92.13
Dovray	MN	44.05	-95.55
Dresbach	MN	43.89	-91.35
Duluth	MN	46.77	-92.13
Dumont	MN	45.72	-96.42
Dundas	MN	44.43	-93.20
Dundee	MN	43.84	-95.47
Dunnell	MN	43.56	-94.78
Eagan	MN	44.82	-93.16
Eagle Bend	MN	46.16	-95.03
Eagle Lake	MN	44.16	-93.88
East Bethel	MN	45.35	-93.22
East Grand Forks	MN	47.93	-97.01
East Gull Lake	MN	46.40	-94.36
Easton	MN	43.77	-93.90
Ebro	MN	47.49	-95.54
Echo	MN	44.62	-95.41
Eden Prairie	MN	44.85	-93.46
Eden Valley	MN	45.33	-94.55
Edgerton	MN	43.88	-96.13
Edina	MN	44.89	-93.36
Effie	MN	47.84	-93.64
Eitzen	MN	43.51	-91.47
Elba	MN	44.09	-92.02
Elbow Lake	MN	45.99	-95.98
Elgin	MN	44.13	-92.25
Elizabeth	MN	46.38	-96.13
Elk River	MN	45.33	-93.57
Elko New Market	MN	44.57	-93.33
Elkton	MN	43.66	-92.71
Ellendale	MN	43.87	-93.30
Ellsworth	MN	43.52	-96.02
Elmdale	MN	45.83	-94.49
Elmore	MN	43.51	-94.09
Elrosa	MN	45.56	-94.95
Ely	MN	47.91	-91.85
Elysian	MN	44.21	-93.68
Emily	MN	46.77	-93.98
Emmons	MN	43.51	-93.48
Erhard	MN	46.48	-96.10
Erskine	MN	47.66	-96.02
Esko	MN	46.71	-92.37
Essig	MN	44.33	-94.60
Evan	MN	44.35	-94.84
Evansville	MN	46.01	-95.69
Eveleth	MN	47.47	-92.55
Excelsior	MN	44.90	-93.57
Eyota	MN	43.99	-92.23
Fairfax	MN	44.53	-94.72
Fairhaven	MN	45.32	-94.21
Fairmont	MN	43.64	-94.46
Falcon Heights	MN	44.99	-93.17
Faribault	MN	44.30	-93.28
Farmington	MN	44.66	-93.17
Farwell	MN	45.75	-95.62
Federal Dam	MN	47.24	-94.21
Felton	MN	47.07	-96.51
Fergus Falls	MN	46.29	-96.08
Fertile	MN	47.53	-96.28
Fifty Lakes	MN	46.77	-94.12
Finland	MN	47.43	-91.26
Finlayson	MN	46.21	-92.93
Fish Lake	MN	43.84	-95.05
Fisher	MN	47.80	-96.80
Flensburg	MN	45.95	-94.53
Floodwood	MN	46.91	-92.91
Florence	MN	44.24	-96.05
Foley	MN	45.66	-93.91
Forada	MN	45.79	-95.36
Forest Lake	MN	45.25	-92.97
Foreston	MN	45.73	-93.71
Fort Ripley	MN	46.17	-94.37
Fosston	MN	47.59	-95.75
Fountain	MN	43.74	-92.13
Foxhome	MN	46.28	-96.31
Franklin	MN	44.53	-94.88
Frazee	MN	46.73	-95.70
Freeborn	MN	43.77	-93.56
Freeport	MN	45.66	-94.68
Fridley	MN	45.08	-93.26
Frontenac	MN	44.50	-92.35
Frost	MN	43.58	-93.92
Fulda	MN	43.87	-95.61
Funkley	MN	47.79	-94.43
Garden City	MN	44.05	-94.17
Garfield	MN	45.94	-95.50
Garrison	MN	46.30	-93.83
Garvin	MN	44.21	-95.76
Gary	MN	47.37	-96.27
Gaylord	MN	44.56	-94.21
Gem Lake	MN	45.06	-93.04
Geneva	MN	43.82	-93.27
Genola	MN	45.97	-94.11
Georgetown	MN	47.08	-96.80
Ghent	MN	44.51	-95.89
Gibbon	MN	44.53	-94.52
Gilbert	MN	47.49	-92.46
Gilman	MN	45.74	-93.95
Glencoe	MN	44.77	-94.15
Glenville	MN	43.57	-93.28
Glenwood	MN	45.66	-95.39
Glyndon	MN	46.87	-96.58
Golden Valley	MN	44.99	-93.36
Gonvick	MN	47.74	-95.51
Good Thunder	MN	44.01	-94.07
Goodhue	MN	44.40	-92.63
Goodland	MN	47.16	-93.14
Goodridge	MN	48.14	-95.80
Goodview	MN	44.07	-91.71
Graceville	MN	45.57	-96.44
Granada	MN	43.69	-94.35
Grand Marais	MN	47.76	-90.34
Grand Meadow	MN	43.71	-92.57
Grand Rapids	MN	47.24	-93.53
Granite Falls	MN	44.81	-95.54
Grant	MN	45.08	-92.91
Grasston	MN	45.80	-93.16
Green Isle	MN	44.68	-94.00
Greenbush	MN	48.70	-96.18
Greenfield	MN	45.09	-93.69
Greenwald	MN	45.60	-94.86
Greenwood	MN	44.91	-93.55
Grey Eagle	MN	45.82	-94.75
Grove City	MN	45.15	-94.68
Grygla	MN	48.30	-95.62
Gully	MN	47.77	-95.62
Hackensack	MN	46.93	-94.52
Hadley	MN	44.00	-95.86
Hallock	MN	48.77	-96.94
Halma	MN	48.66	-96.60
Halstad	MN	47.35	-96.83
Ham Lake	MN	45.25	-93.19
Hamburg	MN	44.73	-93.96
Hammond	MN	44.22	-92.37
Hampton	MN	44.61	-93.00
Hancock	MN	45.50	-95.79
Hanley Falls	MN	44.69	-95.62
Hanover	MN	45.16	-93.66
Hanska	MN	44.15	-94.49
Harding	MN	46.12	-94.04
Hardwick	MN	43.77	-96.20
Harmony	MN	43.55	-92.01
Harris	MN	45.60	-92.99
Hartland	MN	43.80	-93.48
Hastings	MN	44.73	-92.85
Hatfield	MN	43.95	-96.19
Hawley	MN	46.87	-96.32
Hayfield	MN	43.89	-92.85
Hayward	MN	43.65	-93.25
Hazel Run	MN	44.75	-95.72
Hector	MN	44.74	-94.71
Heidelberg	MN	44.49	-93.63
Henderson	MN	44.52	-93.91
Hendricks	MN	44.51	-96.43
Hendrum	MN	47.26	-96.81
Henning	MN	46.32	-95.44
Henriette	MN	45.87	-93.12
Herman	MN	45.81	-96.14
Hermantown	MN	46.80	-92.24
Heron Lake	MN	43.80	-95.32
Hewitt	MN	46.32	-95.09
Hibbing	MN	47.40	-92.95
High Forest	MN	43.85	-92.55
Hill City	MN	46.99	-93.59
Hillman	MN	46.01	-93.89
Hills	MN	43.53	-96.36
Hilltop	MN	45.05	-93.25
Hinckley	MN	46.01	-92.91
Hitterdal	MN	46.98	-96.26
Hoffman	MN	45.83	-95.79
Hokah	MN	43.76	-91.35
Holdingford	MN	45.73	-94.47
Holland	MN	44.09	-96.20
Hollandale	MN	43.76	-93.21
Holloway	MN	45.24	-95.91
Holt	MN	48.29	-96.19
Homer	MN	44.01	-91.56
Hopkins	MN	44.93	-93.40
Houston	MN	43.76	-91.57
Howard Lake	MN	45.05	-94.06
Hoyt Lakes	MN	47.57	-92.11
Hubbard	MN	46.84	-95.01
Hugo	MN	45.16	-92.96
Humboldt	MN	48.92	-97.09
Hutchinson	MN	44.89	-94.38
Ihlen	MN	43.92	-96.37
Independence	MN	45.02	-93.72
Inger	MN	47.56	-93.98
International Falls	MN	48.59	-93.41
Inver Grove Heights	MN	44.83	-93.06
Iona	MN	43.92	-95.78
Iron Junction	MN	47.42	-92.61
Ironton	MN	46.48	-94.00
Isanti	MN	45.49	-93.24
Isle	MN	46.14	-93.46
Ivanhoe	MN	44.46	-96.25
Jackson	MN	43.63	-94.99
Janesville	MN	44.12	-93.71
Jasper	MN	43.85	-96.40
Jeffers	MN	44.06	-95.20
Jenkins	MN	46.65	-94.33
Johnson	MN	45.57	-96.29
Jordan	MN	44.66	-93.64
Kandiyohi	MN	45.13	-94.93
Karlstad	MN	48.58	-96.52
Kasota	MN	44.29	-93.97
Kasson	MN	44.03	-92.75
Keewatin	MN	47.40	-93.08
Kelliher	MN	47.95	-94.44
Kellogg	MN	44.31	-92.00
Kennedy	MN	48.64	-96.91
Kenneth	MN	43.75	-96.07
Kensington	MN	45.78	-95.70
Kent	MN	46.44	-96.68
Kenyon	MN	44.27	-92.99
Kerkhoven	MN	45.19	-95.32
Kerrick	MN	46.34	-92.59
Kettle River	MN	46.49	-92.88
Kiester	MN	43.54	-93.71
Kilkenny	MN	44.32	-93.57
Kimball	MN	45.31	-94.30
Kinbrae	MN	43.82	-95.48
Kingston	MN	45.19	-94.31
Kinney	MN	47.52	-92.72
Knife River	MN	46.95	-91.78
La Crescent	MN	43.83	-91.30
La Prairie	MN	47.23	-93.49
La Salle	MN	44.07	-94.57
Lafayette	MN	44.45	-94.39
Lake Benton	MN	44.26	-96.30
Lake Bronson	MN	48.73	-96.66
Lake City	MN	44.45	-92.28
Lake Crystal	MN	44.11	-94.22
Lake Elmo	MN	44.99	-92.91
Lake George	MN	47.18	-94.97
Lake Henry	MN	45.46	-94.80
Lake Lillian	MN	44.95	-94.88
Lake Park	MN	46.88	-96.10
Lake Shore	MN	46.50	-94.37
Lake St. Croix Beach	MN	44.92	-92.77
Lake Wilson	MN	44.00	-95.95
Lakefield	MN	43.68	-95.17
Lakeland	MN	44.95	-92.77
Lakeland Shores	MN	44.95	-92.76
Lakeville	MN	44.68	-93.25
Lamberton	MN	44.23	-95.27
Lancaster	MN	48.86	-96.80
Landfall	MN	44.95	-92.98
Lanesboro	MN	43.72	-91.97
Lansing	MN	43.75	-92.97
Laporte	MN	47.21	-94.76
Lastrup	MN	46.04	-94.06
Lauderdale	MN	44.99	-93.20
Le Center	MN	44.39	-93.73
Le Roy	MN	43.51	-92.51
Le Sueur	MN	44.47	-93.90
Lengby	MN	47.52	-95.63
Leonard	MN	47.65	-95.26
Leonidas	MN	47.47	-92.57
Leota	MN	43.83	-96.02
Lester Prairie	MN	44.88	-94.04
Lewiston	MN	43.98	-91.87
Lewisville	MN	43.92	-94.43
Lexington	MN	45.14	-93.17
Lilydale	MN	44.91	-93.13
Lindstrom	MN	45.39	-92.84
Lino Lakes	MN	45.16	-93.11
Lismore	MN	43.75	-95.95
Litchfield	MN	45.12	-94.53
Little Canada	MN	45.02	-93.08
Little Falls	MN	45.99	-94.36
Little Rock	MN	47.86	-95.10
Littlefork	MN	48.40	-93.56
Long Beach	MN	45.65	-95.43
Long Lake	MN	44.98	-93.57
Long Prairie	MN	45.97	-94.86
Longville	MN	46.99	-94.21
Lonsdale	MN	44.48	-93.42
Loretto	MN	45.05	-93.64
Louisburg	MN	45.16	-96.17
Lowry	MN	45.70	-95.52
Lucan	MN	44.41	-95.41
Lutsen	MN	47.67	-90.69
Luverne	MN	43.65	-96.22
Lyle	MN	43.51	-92.94
Lynd	MN	44.40	-95.87
Mabel	MN	43.52	-91.77
Madelia	MN	44.05	-94.42
Madison	MN	45.01	-96.19
Madison Lake	MN	44.21	-93.82
Magnolia	MN	43.64	-96.08
Mahnomen	MN	46.77	-92.54
Mahtomedi	MN	45.06	-92.97
Mahtowa	MN	46.55	-92.64
Manchester	MN	43.73	-93.45
Manhattan Beach	MN	46.74	-94.14
Mankato	MN	44.17	-93.98
Mantorville	MN	44.07	-92.75
Maple Grove	MN	45.11	-93.46
Maple Lake	MN	45.23	-94.01
Maple Plain	MN	45.01	-93.66
Mapleton	MN	43.93	-93.96
Mapleview	MN	43.69	-92.97
Maplewood	MN	45.02	-93.03
Marble	MN	47.33	-93.29
Marietta	MN	45.01	-96.42
Marine on St. Croix	MN	45.19	-92.78
Marion	MN	43.94	-92.35
Marshall	MN	44.45	-95.79
Martin Lake	MN	45.38	-93.09
Mayer	MN	44.89	-93.89
Maynard	MN	44.91	-95.47
Mazeppa	MN	44.27	-92.54
McGrath	MN	46.24	-93.28
McGregor	MN	46.61	-93.30
McIntosh	MN	47.64	-95.89
McKinley	MN	47.51	-92.41
Meadowlands	MN	47.07	-92.73
Medford	MN	44.17	-93.25
Medicine Lake	MN	45.00	-93.42
Medina	MN	45.03	-93.58
Meire Grove	MN	45.63	-94.87
Melrose	MN	45.68	-94.81
Menahga	MN	46.75	-95.10
Mendota	MN	44.89	-93.16
Mendota Heights	MN	44.88	-93.13
Mentor	MN	47.70	-96.14
Merrifield	MN	46.47	-94.17
Middle River	MN	48.43	-96.16
Midway	MN	47.32	-95.78
Miesville	MN	44.60	-92.82
Milaca	MN	45.76	-93.65
Milan	MN	45.11	-95.91
Millerville	MN	46.07	-95.56
Millville	MN	44.24	-92.30
Milroy	MN	44.42	-95.55
Miltona	MN	46.05	-95.29
Minneapolis	MN	44.96	-93.27
Minneiska	MN	44.20	-91.88
Minneota	MN	44.56	-95.98
Minnesota City	MN	44.09	-91.75
Minnesota Lake	MN	43.84	-93.83
Minnetonka	MN	44.93	-93.46
Minnetonka Beach	MN	44.94	-93.59
Minnetrista	MN	44.94	-93.71
Mizpah	MN	47.92	-94.21
Montevideo	MN	44.95	-95.72
Montgomery	MN	44.45	-93.58
Monticello	MN	45.30	-93.80
Montrose	MN	45.07	-93.92
Moorhead	MN	46.86	-96.74
Moose Lake	MN	46.45	-92.76
Mora	MN	45.88	-93.29
Morgan	MN	44.42	-94.92
Morris	MN	45.59	-95.91
Morristown	MN	44.23	-93.45
Morton	MN	44.55	-94.98
Motley	MN	46.33	-94.64
Mound	MN	44.93	-93.66
Mounds View	MN	45.11	-93.21
Mountain Iron	MN	47.54	-92.62
Mountain Lake	MN	43.94	-94.93
Murdock	MN	45.22	-95.39
Myrtle	MN	43.56	-93.16
Nashua	MN	46.04	-96.31
Nashwauk	MN	47.38	-93.17
Nassau	MN	45.07	-96.44
Naytahwaush	MN	47.27	-95.63
Nelson	MN	45.89	-95.26
Nerstrand	MN	44.34	-93.06
Nett Lake	MN	48.11	-93.08
Nevis	MN	46.96	-94.84
New Auburn	MN	44.67	-94.23
New Brighton	MN	45.07	-93.21
New Germany	MN	44.88	-93.98
New Hope	MN	45.04	-93.39
New London	MN	45.30	-94.95
New Munich	MN	45.63	-94.75
New Prague	MN	44.55	-93.58
New Richland	MN	43.89	-93.49
New Trier	MN	44.60	-92.93
New Ulm	MN	44.31	-94.47
New York Mills	MN	46.52	-95.37
Newfolden	MN	48.36	-96.33
Newport	MN	44.87	-93.00
Nicollet	MN	44.27	-94.19
Nielsville	MN	47.53	-96.82
Nimrod	MN	46.64	-94.88
Nisswa	MN	46.50	-94.30
Norcross	MN	45.87	-96.20
North Branch	MN	45.51	-92.94
North Mankato	MN	44.18	-94.04
North Oaks	MN	45.10	-93.10
North St. Paul	MN	45.01	-93.00
Northfield	MN	44.46	-93.17
Northome	MN	47.87	-94.27
Northrop	MN	43.74	-94.44
Norwood Young America	MN	44.77	-93.92
Nowthen	MN	45.34	-93.45
Oak Grove	MN	45.35	-93.33
Oak Park Heights	MN	45.03	-92.81
Oakdale	MN	44.99	-92.96
Odessa	MN	45.26	-96.33
Odin	MN	43.87	-94.74
Ogema	MN	47.10	-95.92
Ogilvie	MN	45.83	-93.42
Okabena	MN	43.74	-95.32
Oklee	MN	47.84	-95.85
Olivia	MN	44.78	-95.00
Onamia	MN	46.07	-93.67
Ormsby	MN	43.85	-94.70
Orono	MN	44.96	-93.59
Oronoco	MN	44.16	-92.54
Orr	MN	48.06	-92.82
Ortonville	MN	45.30	-96.44
Osage	MN	46.93	-95.26
Osakis	MN	45.87	-95.15
Oslo	MN	48.20	-97.13
Osseo	MN	45.12	-93.40
Ostrander	MN	43.61	-92.43
Otsego	MN	45.26	-93.62
Ottertail	MN	46.43	-95.57
Owatonna	MN	44.09	-93.23
Palisade	MN	46.71	-93.49
Park Rapids	MN	46.92	-95.06
Parkers Prairie	MN	46.15	-95.33
Paynesville	MN	45.38	-94.72
Pease	MN	45.70	-93.65
Pelican Rapids	MN	46.57	-96.09
Pemberton	MN	44.01	-93.78
Pennock	MN	45.15	-95.18
Pequot Lakes	MN	46.59	-94.29
Perham	MN	46.60	-95.58
Perley	MN	47.18	-96.80
Peterson	MN	43.79	-91.83
Pickwick	MN	43.98	-91.49
Pierz	MN	45.98	-94.10
Pillager	MN	46.33	-94.48
Pine Bend	MN	47.42	-95.60
Pine City	MN	45.84	-92.97
Pine Island	MN	44.20	-92.63
Pine Point	MN	46.99	-95.40
Pine River	MN	46.72	-94.40
Pine Springs	MN	45.04	-92.96
Pipestone	MN	44.00	-96.31
Plainview	MN	44.16	-92.17
Plato	MN	44.77	-94.04
Plummer	MN	47.92	-96.04
Plymouth	MN	45.02	-93.46
Ponemah	MN	48.03	-94.90
Porter	MN	44.64	-96.17
Preston	MN	43.67	-92.08
Princeton	MN	45.57	-93.59
Prinsburg	MN	44.93	-95.19
Prior Lake	MN	44.73	-93.44
Proctor	MN	46.74	-92.23
Quamba	MN	45.92	-93.18
Racine	MN	43.78	-92.48
Ramsey	MN	45.26	-93.45
Randall	MN	46.09	-94.50
Randolph	MN	44.53	-93.02
Ranier	MN	48.60	-93.36
Raymond	MN	45.02	-95.24
Red Lake	MN	47.87	-95.01
Red Lake Falls	MN	47.88	-96.27
Red Wing	MN	44.58	-92.61
Redby	MN	47.87	-94.90
Redwood Falls	MN	44.55	-95.10
Regal	MN	45.41	-94.84
Remer	MN	47.06	-93.91
Renville	MN	44.79	-95.20
Revere	MN	44.22	-95.36
Rice	MN	45.76	-94.24
Rice Lake	MN	46.91	-92.13
Richfield	MN	44.87	-93.28
Richmond	MN	45.45	-94.51
Richville	MN	46.51	-95.63
Riverland	MN	47.32	-95.95
Riverton	MN	46.46	-94.05
Robbinsdale	MN	45.02	-93.33
Rochester	MN	44.01	-92.48
Rock Creek	MN	45.76	-92.90
Rockford	MN	45.09	-93.75
Rockville	MN	45.47	-94.32
Rogers	MN	45.18	-93.57
Rollingstone	MN	44.10	-91.82
Ronneby	MN	45.69	-93.86
Roosevelt	MN	48.81	-95.10
Roscoe	MN	45.43	-94.64
Rose Creek	MN	43.60	-92.83
Roseau	MN	48.84	-95.76
Rosemount	MN	44.75	-93.07
Roseville	MN	45.02	-93.15
Rothsay	MN	46.47	-96.28
Round Lake	MN	43.54	-95.47
Roy Lake	MN	47.32	-95.54
Royalton	MN	45.83	-94.29
Rush City	MN	45.69	-92.97
Rushford	MN	43.81	-91.75
Rushford Village	MN	43.80	-91.79
Rushmore	MN	43.62	-95.80
Russell	MN	44.32	-95.94
Ruthton	MN	44.18	-96.10
Rutledge	MN	46.26	-92.88
Sabin	MN	46.78	-96.65
Sacred Heart	MN	44.78	-95.35
Sanborn	MN	44.21	-95.13
Sandstone	MN	46.13	-92.86
Sargeant	MN	43.81	-92.80
Sartell	MN	45.62	-94.21
Sauk Centre	MN	45.74	-94.95
Sauk Rapids	MN	45.59	-94.15
Savage	MN	44.76	-93.36
Scandia	MN	45.25	-92.83
Scanlon	MN	46.71	-92.43
Seaforth	MN	44.48	-95.34
Searles	MN	44.23	-94.44
Sebeka	MN	46.63	-95.09
Sedan	MN	45.58	-95.25
Shafer	MN	45.39	-92.76
Shakopee	MN	44.77	-93.48
Shelly	MN	47.46	-96.82
Sherburn	MN	43.65	-94.73
Shevlin	MN	47.53	-95.26
Shoreview	MN	45.08	-93.14
Shorewood	MN	44.90	-93.60
Silver Bay	MN	47.29	-91.28
Silver Creek	MN	45.31	-93.99
Silver Lake	MN	44.90	-94.20
Skyline	MN	44.14	-94.03
Slayton	MN	43.99	-95.76
Sleepy Eye	MN	44.30	-94.72
Sobieski	MN	45.92	-94.48
Solway	MN	47.52	-95.13
Soudan	MN	47.81	-92.24
South End	MN	47.32	-95.48
South Haven	MN	45.29	-94.22
South St. Paul	MN	44.89	-93.04
Spicer	MN	45.23	-94.94
Spring Grove	MN	43.56	-91.64
Spring Hill	MN	45.52	-94.83
Spring Lake Park	MN	45.12	-93.25
Spring Park	MN	44.94	-93.63
Spring Valley	MN	43.69	-92.39
Springfield	MN	44.24	-94.98
Squaw Lake	MN	47.62	-94.14
St. Anthony	MN	45.03	-93.22
St. Augusta	MN	45.45	-94.19
St. Bonifacius	MN	44.91	-93.75
St. Charles	MN	43.97	-92.06
St. Clair	MN	44.08	-93.86
St. Cloud	MN	45.53	-94.17
St. Francis	MN	45.39	-93.39
St. Hilaire	MN	48.01	-96.21
St. James	MN	43.98	-94.63
St. John's University	MN	45.58	-94.39
St. Joseph	MN	45.57	-94.30
St. Leo	MN	44.72	-96.05
St. Louis Park	MN	44.95	-93.37
St. Martin	MN	45.50	-94.67
St. Marys Point	MN	44.91	-92.77
St. Michael	MN	45.20	-93.69
St. Paul	MN	44.95	-93.10
St. Paul Park	MN	44.84	-92.99
St. Peter	MN	44.33	-93.97
St. Rosa	MN	45.73	-94.71
St. Stephen	MN	45.70	-94.27
St. Vincent	MN	48.97	-97.23
Stacy	MN	45.40	-92.99
Stanchfield	MN	45.66	-93.18
Staples	MN	46.37	-94.82
Starbuck	MN	45.61	-95.53
Steen	MN	43.51	-96.26
Stephen	MN	48.45	-96.88
Stewart	MN	44.72	-94.49
Stewartville	MN	43.86	-92.49
Stillwater	MN	45.06	-92.83
Stockton	MN	44.03	-91.77
Storden	MN	44.04	-95.32
Strandquist	MN	48.49	-96.45
Strathcona	MN	48.55	-96.17
Sturgeon Lake	MN	46.39	-92.82
Sunburg	MN	45.35	-95.24
Sunfish Lake	MN	44.87	-93.09
Swanville	MN	45.92	-94.64
Taconite	MN	47.32	-93.38
Tamarack	MN	46.65	-93.12
Taopi	MN	43.56	-92.64
Taunton	MN	44.59	-96.06
Taylors Falls	MN	45.41	-92.67
Tenstrike	MN	47.66	-94.68
The Lakes	MN	44.10	-95.67
The Ranch	MN	47.32	-95.70
Thief River Falls	MN	48.11	-96.18
Tintah	MN	46.01	-96.32
Tonka Bay	MN	44.91	-93.59
Tower	MN	47.82	-92.27
Tracy	MN	44.24	-95.62
Trail	MN	47.78	-95.70
Trimont	MN	43.76	-94.72
Trommald	MN	46.51	-94.02
Trosky	MN	43.89	-96.25
Truman	MN	43.83	-94.44
Turtle River	MN	47.59	-94.76
Twin Lakes	MN	47.22	-95.65
Twin Valley	MN	47.26	-96.26
Two Harbors	MN	47.03	-91.68
Tyler	MN	44.28	-96.14
Ulen	MN	47.08	-96.26
Underwood	MN	46.29	-95.87
Upsala	MN	45.81	-94.56
Urbank	MN	46.12	-95.51
Utica	MN	43.98	-91.95
Vadnais Heights	MN	45.06	-93.07
Vergas	MN	46.65	-95.80
Vermillion	MN	44.67	-92.96
Verndale	MN	46.40	-95.01
Vernon Center	MN	43.96	-94.17
Vesta	MN	44.51	-95.41
Victoria	MN	44.86	-93.66
Viking	MN	48.22	-96.41
Villard	MN	45.71	-95.27
Vineland	MN	46.18	-93.78
Vining	MN	46.26	-95.54
Virginia	MN	47.53	-92.52
Wabasha	MN	44.37	-92.05
Wabasso	MN	44.40	-95.26
Waconia	MN	44.84	-93.79
Wadena	MN	46.45	-95.13
Wahkon	MN	46.12	-93.52
Waite Park	MN	45.52	-94.24
Waldorf	MN	43.93	-93.70
Walker	MN	47.09	-94.59
Walnut Grove	MN	44.23	-95.47
Walters	MN	43.60	-93.67
Waltham	MN	43.82	-92.87
Wanamingo	MN	44.30	-92.79
Wanda	MN	44.31	-95.21
Warba	MN	47.14	-93.27
Warren	MN	48.19	-96.77
Warroad	MN	48.92	-95.33
Warsaw	MN	44.26	-93.38
Waseca	MN	44.08	-93.50
Watertown	MN	44.96	-93.84
Waterville	MN	44.22	-93.57
Watkins	MN	45.32	-94.41
Watson	MN	45.01	-95.80
Waubun	MN	47.18	-95.94
Waverly	MN	45.06	-93.97
Wayzata	MN	44.97	-93.52
Welcome	MN	43.67	-94.61
Wells	MN	43.74	-93.73
Wendell	MN	46.04	-96.10
West Concord	MN	44.15	-92.90
West Roy Lake	MN	47.31	-95.60
West St. Paul	MN	44.90	-93.09
West Union	MN	45.80	-95.08
Westbrook	MN	44.04	-95.44
Westport	MN	45.71	-95.17
Whalan	MN	43.73	-91.93
Wheaton	MN	45.81	-96.50
Whipholt	MN	47.04	-94.39
White Bear Lake	MN	45.07	-93.01
White Earth	MN	47.10	-95.86
Wilder	MN	43.83	-95.21
Willernie	MN	45.05	-92.96
Williams	MN	48.77	-94.95
Willmar	MN	45.12	-95.06
Willow River	MN	46.32	-92.83
Wilmont	MN	43.76	-95.83
Wilton	MN	47.51	-95.00
Windom	MN	43.87	-95.12
Winger	MN	47.54	-95.99
Winnebago	MN	43.76	-94.17
Winona	MN	44.05	-91.67
Winsted	MN	44.96	-94.05
Winthrop	MN	44.54	-94.36
Winton	MN	47.93	-91.80
Wolf Lake	MN	46.81	-95.35
Wolverton	MN	46.56	-96.74
Wood Lake	MN	44.65	-95.54
Woodbury	MN	44.91	-92.92
Woodland	MN	44.95	-93.52
Woodstock	MN	44.01	-96.10
Worthington	MN	43.63	-95.60
Wrenshall	MN	46.62	-92.38
Wright	MN	46.67	-93.01
Wykoff	MN	43.71	-92.27
Wyoming	MN	45.34	-92.97
Zemple	MN	47.32	-93.79
Zimmerman	MN	45.44	-93.60
Zumbro Falls	MN	44.29	-92.43
Zumbrota	MN	44.30	-92.67
Adrian	MO	38.40	-94.34
Advance	MO	37.10	-89.91
Affton	MO	38.55	-90.33
Agency	MO	39.66	-94.75
Airport Drive	MO	37.14	-94.52
Alba	MO	37.24	-94.42
Albany	MO	40.25	-94.33
Aldrich	MO	37.55	-93.55
Alexandria	MO	40.36	-91.46
Allendale	MO	40.49	-94.29
Allenville	MO	37.22	-89.76
Alma	MO	39.10	-93.55
Altamont	MO	39.89	-94.09
Altenburg	MO	37.63	-89.59
Alton	MO	36.69	-91.39
Amazonia	MO	39.89	-94.89
Amity	MO	39.87	-94.43
Amoret	MO	38.25	-94.59
Amsterdam	MO	38.35	-94.59
Anderson	MO	36.65	-94.44
Annada	MO	39.26	-90.83
Annapolis	MO	37.36	-90.70
Anniston	MO	36.82	-89.33
Appleton City	MO	38.19	-94.03
Arbela	MO	40.46	-92.02
Arbyrd	MO	36.05	-90.24
Arcadia	MO	37.59	-90.63
Archie	MO	38.48	-94.35
Arcola	MO	37.55	-93.88
Argyle	MO	38.30	-92.03
Arkoe	MO	40.26	-94.83
Armstrong	MO	39.27	-92.70
Arnold	MO	38.43	-90.37
Arrow Point	MO	36.54	-93.62
Arrow Rock	MO	39.07	-92.95
Asbury	MO	37.27	-94.61
Ash Grove	MO	37.32	-93.58
Ashburn	MO	39.55	-91.17
Ashland	MO	38.81	-92.24
Ashley	MO	39.25	-91.22
Atlanta	MO	39.90	-92.48
Augusta	MO	38.57	-90.88
Aullville	MO	39.02	-93.68
Aurora	MO	36.97	-93.72
Aurora Springs	MO	38.32	-92.58
Auxvasse	MO	39.02	-91.90
Ava	MO	36.96	-92.67
Avalon	MO	39.66	-93.44
Avilla	MO	37.19	-94.13
Avondale	MO	39.15	-94.55
Bagnell	MO	38.23	-92.60
Baker	MO	36.77	-89.76
Bakersfield	MO	36.53	-92.15
Baldwin Park	MO	38.79	-94.25
Ballwin	MO	38.60	-90.55
Baring	MO	40.24	-92.21
Barnard	MO	40.18	-94.82
Barnett	MO	38.38	-92.67
Barnhart	MO	38.34	-90.40
Bates City	MO	39.00	-94.06
Battlefield	MO	37.12	-93.37
Bel-Nor	MO	38.70	-90.32
Bel-Ridge	MO	38.71	-90.33
Bell City	MO	37.02	-89.82
Bella Villa	MO	38.54	-90.29
Belle	MO	38.29	-91.72
Bellefontaine Neighbors	MO	38.75	-90.23
Bellerive Acres	MO	38.71	-90.31
Bellflower	MO	39.00	-91.35
Belton	MO	38.82	-94.53
Bennett Springs	MO	37.73	-92.86
Bent Tree Harbor	MO	38.25	-93.49
Benton	MO	37.10	-89.56
Benton City	MO	39.13	-91.76
Berger	MO	38.67	-91.34
Berkeley	MO	38.75	-90.34
Bernie	MO	36.67	-89.97
Bertrand	MO	36.91	-89.45
Bethany	MO	40.27	-94.03
Bethel	MO	39.88	-92.02
Beverly Hills	MO	38.70	-90.29
Bevier	MO	39.75	-92.56
Biehle	MO	37.61	-89.84
Big Lake	MO	40.07	-95.35
Big Spring	MO	38.79	-91.48
Bigelow	MO	40.11	-95.29
Billings	MO	37.06	-93.56
Birch Tree	MO	37.00	-91.49
Birmingham	MO	39.17	-94.45
Bismarck	MO	37.77	-90.62
Black Jack	MO	38.80	-90.26
Blackburn	MO	39.10	-93.49
Blackwater	MO	38.98	-92.99
Blairstown	MO	38.56	-93.96
Blanchard	MO	40.57	-95.21
Bland	MO	38.30	-91.63
Blodgett	MO	37.00	-89.53
Bloomfield	MO	36.89	-89.93
Bloomsdale	MO	38.01	-90.22
Blue Eye	MO	36.52	-93.38
Blue Springs	MO	39.01	-94.27
Blue Summit	MO	39.09	-94.48
Blythedale	MO	40.48	-93.93
Bogard	MO	39.46	-93.52
Bolckow	MO	40.12	-94.82
Bolivar	MO	37.61	-93.42
Bonne Terre	MO	37.92	-90.54
Boonville	MO	38.96	-92.75
Bosworth	MO	39.47	-93.34
Bourbon	MO	38.15	-91.25
Bowling Green	MO	39.34	-91.20
Bragg City	MO	36.27	-89.91
Brandsville	MO	36.65	-91.70
Branson	MO	36.61	-93.29
Branson West	MO	36.69	-93.39
Brashear	MO	40.15	-92.38
Braymer	MO	39.59	-93.80
Breckenridge	MO	39.76	-93.81
Breckenridge Hills	MO	38.72	-90.37
Brentwood	MO	38.62	-90.35
Brewer	MO	37.78	-89.92
Briarwood Estates	MO	38.16	-90.59
Bridgeton	MO	38.77	-90.42
Brimson	MO	40.14	-93.74
Bronaugh	MO	37.69	-94.47
Brookfield	MO	39.79	-93.08
Brooklyn Heights	MO	37.17	-94.39
Broseley	MO	36.68	-90.24
Browning	MO	40.03	-93.16
Brownington	MO	38.24	-93.72
Brumley	MO	38.09	-92.48
Brunswick	MO	39.43	-93.13
Bucklin	MO	39.78	-92.89
Buckner	MO	39.13	-94.20
Buell	MO	39.03	-91.44
Buffalo	MO	37.65	-93.10
Bull Creek	MO	36.72	-93.20
Bunceton	MO	38.79	-92.80
Bunker	MO	37.46	-91.21
Burfordville	MO	37.37	-89.81
Burgess	MO	37.56	-94.62
Burlington Junction	MO	40.45	-95.07
Butler	MO	38.26	-94.34
Butterfield	MO	36.75	-93.90
Byrnes Mill	MO	38.44	-90.57
Cabool	MO	37.13	-92.10
Cainsville	MO	40.44	-93.77
Cairo	MO	39.51	-92.44
Caledonia	MO	37.76	-90.77
Calhoun	MO	38.47	-93.62
California	MO	38.63	-92.57
Callao	MO	39.76	-92.62
Calverton Park	MO	38.77	-90.31
Camden	MO	39.20	-94.02
Camden Point	MO	39.45	-94.75
Camdenton	MO	38.01	-92.75
Cameron	MO	39.74	-94.23
Campbell	MO	36.49	-90.08
Canalou	MO	36.75	-89.69
Canton	MO	40.13	-91.53
Cape Girardeau	MO	37.31	-89.56
Cardwell	MO	36.05	-90.29
Carl Junction	MO	37.16	-94.54
Carrollton	MO	39.36	-93.50
Carterville	MO	37.15	-94.44
Carthage	MO	37.15	-94.33
Caruthersville	MO	36.18	-89.67
Carytown	MO	37.26	-94.33
Cassville	MO	36.68	-93.87
Castle Point	MO	38.76	-90.25
Catron	MO	36.61	-89.71
Cave	MO	39.02	-91.04
Cedar Hill	MO	38.36	-90.64
Cedar Hill Lakes	MO	38.33	-90.66
Center	MO	39.51	-91.53
Centertown	MO	38.62	-92.41
Centerview	MO	38.75	-93.84
Centerville	MO	37.44	-90.96
Centralia	MO	39.21	-92.13
Chaffee	MO	37.18	-89.66
Chain of Rocks	MO	38.92	-90.80
Chain-O-Lakes	MO	36.53	-93.72
Chamois	MO	38.67	-91.77
Champ	MO	38.74	-90.45
Charlack	MO	38.70	-90.34
Charleston	MO	36.92	-89.33
Charmwood	MO	38.28	-91.10
Cherokee Pass	MO	37.49	-90.29
Chesapeake	MO	37.11	-93.68
Chesterfield	MO	38.66	-90.58
Chilhowee	MO	38.59	-93.86
Chillicothe	MO	39.80	-93.55
Chula	MO	39.92	-93.48
Clarence	MO	39.74	-92.26
Clark	MO	39.28	-92.36
Clarksburg	MO	38.66	-92.67
Clarksdale	MO	39.81	-94.55
Clarkson Valley	MO	38.63	-90.59
Clarksville	MO	39.37	-90.90
Clarkton	MO	36.45	-89.97
Claycomo	MO	39.20	-94.48
Clayton	MO	38.64	-90.33
Clearmont	MO	40.51	-95.03
Cleveland	MO	38.68	-94.60
Clever	MO	37.03	-93.47
Cliff Village	MO	37.03	-94.52
Clifton Hill	MO	39.44	-92.66
Climax Springs	MO	38.10	-93.05
Clinton	MO	38.37	-93.77
Clyde	MO	40.27	-94.67
Cobalt	MO	37.55	-90.29
Coffey	MO	40.11	-94.01
Cole Camp	MO	38.46	-93.20
Collins	MO	37.89	-93.62
Columbia	MO	38.95	-92.33
Commerce	MO	37.16	-89.45
Conception	MO	40.24	-94.68
Conception Junction	MO	40.27	-94.69
Concord	MO	38.51	-90.35
Concordia	MO	38.99	-93.57
Coney Island	MO	36.59	-93.40
Connelsville	MO	40.28	-92.70
Conway	MO	37.51	-92.83
Cool Valley	MO	38.73	-90.31
Cooter	MO	36.05	-89.81
Corder	MO	39.10	-93.64
Corning	MO	40.25	-95.45
Cosby	MO	39.86	-94.68
Cottleville	MO	38.75	-90.66
Country Club	MO	39.85	-94.82
Country Club Hills	MO	38.72	-90.28
Country Life Acres	MO	38.62	-90.46
Cowgill	MO	39.56	-93.93
Craig	MO	40.19	-95.37
Crane	MO	36.90	-93.57
Creighton	MO	38.50	-94.07
Crestwood	MO	38.56	-90.38
Creve Coeur	MO	38.66	-90.44
Crocker	MO	37.95	-92.27
Cross Timbers	MO	38.02	-93.23
Crystal City	MO	38.22	-90.38
Crystal Lake Park	MO	38.62	-90.43
Crystal Lakes	MO	39.36	-94.19
Cuba	MO	38.07	-91.41
Curryville	MO	39.35	-91.34
Dadeville	MO	37.48	-93.67
Dalton	MO	39.40	-92.99
Danville	MO	38.91	-91.53
Dardenne Prairie	MO	38.74	-90.72
Darlington	MO	40.20	-94.40
Dawn	MO	39.67	-93.63
De Kalb	MO	39.59	-94.92
De Soto	MO	38.14	-90.56
De Witt	MO	39.38	-93.22
Dearborn	MO	39.53	-94.77
Deepwater	MO	38.26	-93.78
Deerfield	MO	37.84	-94.51
Deering	MO	36.19	-89.88
Defiance	MO	38.63	-90.78
Dellwood	MO	38.76	-90.28
Delta	MO	37.20	-89.74
Dennis Acres	MO	37.05	-94.50
Denton	MO	36.09	-89.89
Denver	MO	40.40	-94.32
Des Arc	MO	37.28	-90.64
Des Peres	MO	38.60	-90.45
Desloge	MO	37.88	-90.52
Dexter	MO	36.79	-89.96
Diamond	MO	37.00	-94.32
Diehlstadt	MO	36.96	-89.43
Diggins	MO	37.17	-92.85
Dixon	MO	38.00	-92.10
Doe Run	MO	37.75	-90.50
Doniphan	MO	36.62	-90.82
Doolittle	MO	37.94	-91.89
Dover	MO	39.19	-93.69
Downing	MO	40.49	-92.37
Drexel	MO	38.50	-94.60
Dudley	MO	36.79	-90.09
Duenweg	MO	37.09	-94.41
Duquesne	MO	37.07	-94.46
Dutchtown	MO	37.26	-89.65
Eagle Rock	MO	36.55	-93.74
Eagleville	MO	40.47	-93.99
East Lynne	MO	38.67	-94.23
East Prairie	MO	36.78	-89.38
Easton	MO	39.72	-94.64
Edgar Springs	MO	37.70	-91.87
Edgerton	MO	39.50	-94.63
Edina	MO	40.17	-92.17
Edinburg	MO	40.08	-93.69
Edmundson	MO	38.74	-90.37
El Dorado Springs	MO	37.87	-94.02
Eldon	MO	38.35	-92.58
Ellington	MO	37.24	-90.97
Ellisville	MO	38.59	-90.59
Ellsinore	MO	36.93	-90.75
Elmer	MO	39.96	-92.65
Elmira	MO	39.51	-94.15
Elmo	MO	40.52	-95.12
Elsberry	MO	39.17	-90.79
Emerald Beach	MO	36.57	-93.67
Eminence	MO	37.15	-91.36
Emma	MO	38.98	-93.50
Eolia	MO	39.24	-91.01
Essex	MO	36.81	-89.86
Ethel	MO	39.89	-92.74
Eugene	MO	38.36	-92.40
Eureka	MO	38.50	-90.65
Evergreen	MO	37.55	-92.60
Everton	MO	37.34	-93.70
Ewing	MO	40.01	-91.71
Excello	MO	39.63	-92.47
Excelsior Estates	MO	39.39	-94.21
Excelsior Springs	MO	39.34	-94.24
Exeter	MO	36.67	-93.94
Fair Grove	MO	37.38	-93.15
Fair Play	MO	37.63	-93.58
Fairdealing	MO	36.66	-90.60
Fairfax	MO	40.34	-95.39
Fairview	MO	36.82	-94.09
Farber	MO	39.27	-91.58
Farley	MO	39.29	-94.83
Farmington	MO	37.78	-90.43
Faucett	MO	39.60	-94.80
Fayette	MO	39.15	-92.69
Fenton	MO	38.53	-90.45
Ferguson	MO	38.75	-90.30
Ferrelview	MO	39.31	-94.67
Festus	MO	38.22	-90.41
Fidelity	MO	37.08	-94.31
Fillmore	MO	40.03	-94.97
Fisk	MO	36.78	-90.21
Fleming	MO	39.20	-94.05
Flemington	MO	37.80	-93.50
Flint Hill	MO	38.86	-90.87
Flordell Hills	MO	38.72	-90.26
Florida	MO	39.49	-91.79
Florissant	MO	38.80	-90.33
Foley	MO	39.05	-90.74
Fordland	MO	37.15	-92.94
Forest City	MO	39.98	-95.19
Foristell	MO	38.81	-90.96
Forsyth	MO	36.69	-93.10
Fort Leonard Wood	MO	37.76	-92.13
Fortescue	MO	40.05	-95.32
Fortuna	MO	38.57	-92.80
Foster	MO	38.17	-94.51
Fountain N' Lakes	MO	38.97	-90.85
Frankclay	MO	37.86	-90.61
Frankford	MO	39.49	-91.32
Franklin	MO	39.01	-92.75
Fredericktown	MO	37.56	-90.30
Freeburg	MO	38.32	-91.92
Freeman	MO	38.63	-94.51
Freistatt	MO	37.02	-93.90
Fremont	MO	36.95	-91.16
Fremont Hills	MO	37.06	-93.25
Friedenswald	MO	38.07	-92.76
Frisbee	MO	36.35	-90.03
Frohna	MO	37.64	-89.62
Frontenac	MO	38.63	-90.42
Fulton	MO	38.86	-91.95
Gainesville	MO	36.61	-92.42
Galena	MO	36.80	-93.47
Gallatin	MO	39.91	-93.96
Galt	MO	40.13	-93.39
Garden City	MO	38.56	-94.20
Gasconade	MO	38.67	-91.56
Gentry	MO	40.33	-94.42
Gerald	MO	38.40	-91.33
Gerster	MO	37.96	-93.58
Gibbs	MO	40.10	-92.42
Gideon	MO	36.44	-89.91
Gilliam	MO	39.23	-93.00
Gilman City	MO	40.13	-93.87
Ginger Blue	MO	36.59	-94.46
Gladstone	MO	39.21	-94.56
Glasgow	MO	39.23	-92.84
Glasgow Village	MO	38.76	-90.20
Glen Allen	MO	37.32	-90.03
Glen Echo Park	MO	38.70	-90.30
Glenaire	MO	39.22	-94.45
Glendale	MO	38.59	-90.38
Glenwood	MO	40.52	-92.58
Golden	MO	36.54	-93.66
Golden City	MO	37.39	-94.10
Goodman	MO	36.74	-94.41
Goose Creek Lake	MO	37.98	-90.33
Gordonville	MO	37.31	-89.67
Goss	MO	39.51	-91.94
Gower	MO	39.61	-94.59
Graham	MO	40.20	-95.04
Grain Valley	MO	39.01	-94.22
Granby	MO	36.92	-94.26
Grand Falls Plaza	MO	37.04	-94.54
Grand Pass	MO	39.20	-93.44
Grandin	MO	36.83	-90.82
Grandview	MO	38.88	-94.52
Granger	MO	40.47	-91.97
Grant City	MO	40.49	-94.41
Grantwood Village	MO	38.55	-90.35
Gravois Mills	MO	38.30	-92.82
Gray Summit	MO	38.49	-90.82
Grayhawk	MO	37.93	-90.24
Grayridge	MO	36.82	-89.78
Grayson	MO	39.53	-94.56
Green Castle	MO	40.26	-92.88
Green City	MO	40.26	-92.96
Green Park	MO	38.52	-90.34
Green Ridge	MO	38.62	-93.41
Greendale	MO	38.69	-90.31
Greenfield	MO	37.42	-93.84
Greentop	MO	40.35	-92.57
Greenville	MO	37.13	-90.45
Greenwood	MO	38.84	-94.33
Grovespring	MO	37.40	-92.61
Guilford	MO	40.17	-94.74
Gunn City	MO	38.67	-94.16
Hale	MO	39.61	-93.34
Halfway	MO	37.62	-93.24
Hallsville	MO	39.12	-92.23
Halltown	MO	37.19	-93.63
Hamilton	MO	39.74	-94.00
Hanley Hills	MO	38.69	-90.32
Hannibal	MO	39.71	-91.39
Hardin	MO	39.27	-93.83
Harris	MO	40.31	-93.35
Harrisburg	MO	39.14	-92.46
Harrisonville	MO	38.65	-94.35
Hartsburg	MO	38.70	-92.31
Hartville	MO	37.25	-92.51
Hartwell	MO	38.43	-93.93
Harviell	MO	36.66	-90.48
Harwood	MO	37.96	-94.15
Hawk Point	MO	38.97	-91.13
Hayti	MO	36.23	-89.75
Hayti Heights	MO	36.23	-89.77
Hayward	MO	36.40	-89.67
Haywood City	MO	37.01	-89.60
Hazelwood	MO	38.79	-90.40
Henrietta	MO	39.24	-93.94
Herculaneum	MO	38.26	-90.39
Hermann	MO	38.70	-91.43
Hermitage	MO	37.95	-93.33
Higbee	MO	39.31	-92.51
Higginsville	MO	39.07	-93.73
High Hill	MO	38.88	-91.38
High Ridge	MO	38.46	-90.53
Highlandville	MO	36.94	-93.28
Hillsboro	MO	38.23	-90.57
Hillsdale	MO	38.69	-90.29
Hoberg	MO	37.07	-93.85
Holcomb	MO	36.40	-90.02
Holden	MO	38.71	-93.99
Holland	MO	36.06	-89.87
Holliday	MO	39.49	-92.13
Hollister	MO	36.61	-93.23
Hollywood	MO	36.05	-90.19
Holt	MO	39.45	-94.34
Holts Summit	MO	38.65	-92.11
Homestead	MO	39.36	-94.20
Homestown	MO	36.33	-89.82
Hopkins	MO	40.55	-94.82
Horine	MO	38.27	-90.43
Hornersville	MO	36.04	-90.12
Houston	MO	37.32	-91.96
Houston Lake	MO	39.19	-94.62
Houstonia	MO	38.90	-93.36
Howardville	MO	36.57	-89.60
Hughesville	MO	38.84	-93.30
Humansville	MO	37.80	-93.58
Hume	MO	38.09	-94.58
Humphreys	MO	40.12	-93.32
Hunnewell	MO	39.67	-91.86
Hunter	MO	36.88	-90.85
Huntleigh	MO	38.61	-90.41
Huntsdale	MO	38.91	-92.48
Huntsville	MO	39.44	-92.54
Hurdland	MO	40.15	-92.30
Hurley	MO	36.93	-93.50
Iantha	MO	37.51	-94.40
Iatan	MO	39.48	-94.98
Iberia	MO	38.09	-92.30
Imperial	MO	38.35	-90.38
Independence	MO	39.09	-94.35
Indian Lake	MO	38.10	-91.45
Indian Point	MO	36.65	-93.35
Innsbrook	MO	38.76	-91.05
Ionia	MO	38.50	-93.32
Irena	MO	40.54	-94.39
Iron Mountain Lake	MO	37.69	-90.62
Irondale	MO	37.84	-90.67
Ironton	MO	37.60	-90.63
Irwin	MO	37.59	-94.29
Jackson	MO	37.38	-89.65
Jacksonville	MO	39.59	-92.47
Jameson	MO	40.01	-93.99
Jamesport	MO	39.97	-93.80
Jamestown	MO	38.77	-92.48
Jane	MO	36.54	-94.31
Jasper	MO	37.34	-94.30
Jefferson City	MO	38.57	-92.18
Jennings	MO	38.72	-90.26
Jerico Springs	MO	37.62	-94.02
Jonesburg	MO	38.86	-91.30
Joplin	MO	37.08	-94.50
Josephville	MO	38.83	-90.79
Junction City	MO	37.57	-90.29
Kahoka	MO	40.42	-91.72
Kansas City	MO	39.12	-94.56
Kearney	MO	39.36	-94.36
Kelso	MO	37.19	-89.55
Kennett	MO	36.24	-90.05
Keytesville	MO	39.43	-92.94
Kidder	MO	39.78	-94.10
Kimberling City	MO	36.65	-93.42
Kimmswick	MO	38.37	-90.36
King City	MO	40.05	-94.53
Kingdom City	MO	38.95	-91.94
Kingston	MO	39.64	-94.04
Kingsville	MO	38.74	-94.07
Kinloch	MO	38.74	-90.32
Kirbyville	MO	36.63	-93.16
Kirksville	MO	40.20	-92.57
Kirkwood	MO	38.58	-90.42
Kissee Mills	MO	36.67	-93.05
Knob Lick	MO	37.68	-90.37
Knob Noster	MO	38.77	-93.56
Knox City	MO	40.14	-92.01
Koshkonong	MO	36.60	-91.65
La Belle	MO	40.12	-91.92
La Due	MO	38.31	-93.88
La Grange	MO	40.05	-91.50
La Monte	MO	38.77	-93.42
La Plata	MO	40.02	-92.49
La Russell	MO	37.14	-94.06
La Tour	MO	38.64	-94.10
LaBarque Creek	MO	38.42	-90.68
Laclede	MO	39.79	-93.17
Laddonia	MO	39.24	-91.64
Ladue	MO	38.64	-90.39
Lake Annette	MO	38.65	-94.51
Lake Arrowhead	MO	39.48	-94.32
Lake Lafayette	MO	38.95	-93.97
Lake Lotawana	MO	38.90	-94.26
Lake Ozark	MO	38.20	-92.63
Lake St. Clair	MO	38.32	-91.00
Lake St. Louis	MO	38.78	-90.79
Lake Tapawingo	MO	39.02	-94.31
Lake Tekakwitha	MO	38.44	-90.72
Lake Timberline	MO	38.00	-90.55
Lake Viking	MO	39.93	-94.07
Lake Waukomis	MO	39.23	-94.64
Lake Winnebago	MO	38.82	-94.36
Lakeshire	MO	38.54	-90.34
Lakeside	MO	38.20	-92.62
Lamar	MO	37.49	-94.28
Lamar Heights	MO	37.49	-94.29
Lambert	MO	37.09	-89.55
Lanagan	MO	36.61	-94.45
Lancaster	MO	40.53	-92.53
Laredo	MO	40.03	-93.45
Latham	MO	38.56	-92.68
Lathrop	MO	39.56	-94.32
Laurie	MO	38.21	-92.83
Lawson	MO	39.43	-94.22
Leadington	MO	37.83	-90.48
Leadwood	MO	37.86	-90.59
Leasburg	MO	38.09	-91.30
Leawood	MO	37.03	-94.50
Lebanon	MO	37.67	-92.66
Lee's Summit	MO	38.92	-94.38
Leeton	MO	38.58	-93.70
Leisure Lake	MO	40.11	-93.72
Lemay	MO	38.53	-90.29
Leonard	MO	39.89	-92.18
Leslie	MO	38.42	-91.23
Levasy	MO	39.14	-94.13
Lewis and Clark Village	MO	39.54	-95.05
Lewistown	MO	40.08	-91.81
Lexington	MO	39.18	-93.87
Liberal	MO	37.56	-94.52
Liberty	MO	39.24	-94.42
Licking	MO	37.50	-91.86
Lilbourn	MO	36.59	-89.61
Lincoln	MO	38.39	-93.33
Linn	MO	38.48	-91.84
Linn Creek	MO	38.04	-92.71
Linneus	MO	39.88	-93.19
Lithium	MO	37.83	-89.88
Livonia	MO	40.49	-92.70
Loch Lloyd	MO	38.83	-94.60
Lock Springs	MO	39.85	-93.78
Lockwood	MO	37.39	-93.96
Lohman	MO	38.54	-92.36
Loma Linda	MO	36.99	-94.59
Lone Jack	MO	38.87	-94.19
Longtown	MO	37.67	-89.77
Louisburg	MO	37.76	-93.14
Louisiana	MO	39.44	-91.06
Lowry City	MO	38.14	-93.73
Lucerne	MO	40.46	-93.29
Ludlow	MO	39.65	-93.70
Lupus	MO	38.85	-92.45
Luray	MO	40.45	-91.88
Macks Creek	MO	37.96	-92.97
Macon	MO	39.74	-92.47
Madison	MO	39.48	-92.21
Maitland	MO	40.20	-95.08
Malden	MO	36.60	-90.00
Malta Bend	MO	39.19	-93.36
Manchester	MO	38.58	-90.51
Mansfield	MO	37.11	-92.58
Maplewood	MO	38.61	-90.32
Marble Hill	MO	37.30	-89.98
Marceline	MO	39.72	-92.95
Marionville	MO	37.00	-93.64
Marlborough	MO	38.57	-90.34
Marquand	MO	37.43	-90.17
Marshall	MO	39.12	-93.20
Marshfield	MO	37.34	-92.91
Marston	MO	36.52	-89.61
Marthasville	MO	38.63	-91.06
Martinsburg	MO	39.10	-91.65
Maryland Heights	MO	38.72	-90.47
Maryville	MO	40.34	-94.87
Matthews	MO	36.76	-89.57
Maysville	MO	39.89	-94.37
Mayview	MO	39.05	-93.83
McBaine	MO	38.88	-92.46
McCord Bend	MO	36.79	-93.50
McFall	MO	40.11	-94.22
McKittrick	MO	38.74	-91.45
Meadville	MO	39.79	-93.30
Medill	MO	40.43	-91.77
Mehlville	MO	38.50	-90.31
Memphis	MO	40.46	-92.17
Mendon	MO	39.59	-93.13
Mercer	MO	40.51	-93.53
Merriam Woods	MO	36.72	-93.17
Merwin	MO	38.40	-94.59
Meta	MO	38.31	-92.17
Metz	MO	38.00	-94.44
Mexico	MO	39.16	-91.87
Miami	MO	39.32	-93.23
Middle Grove	MO	39.40	-92.28
Middletown	MO	39.13	-91.41
Milan	MO	40.20	-93.12
Milford	MO	37.59	-94.16
Mill Spring	MO	37.07	-90.68
Millard	MO	40.11	-92.55
Miller	MO	37.22	-93.84
Millersville	MO	37.43	-89.79
Milo	MO	37.76	-94.31
Mindenmines	MO	37.48	-94.58
Mine La Motte	MO	37.61	-90.30
Miner	MO	36.91	-89.54
Mineral Point	MO	37.95	-90.72
Miramiguoa Park	MO	38.24	-91.07
Missouri City	MO	39.24	-94.30
Moberly	MO	39.42	-92.44
Mokane	MO	38.67	-91.87
Moline Acres	MO	38.75	-90.24
Monett	MO	36.92	-93.93
Monroe City	MO	39.65	-91.73
Montgomery City	MO	38.97	-91.50
Monticello	MO	40.12	-91.71
Montier	MO	36.98	-91.57
Montreal	MO	37.97	-92.59
Montrose	MO	38.26	-93.98
Mooresville	MO	39.75	-93.72
Morehouse	MO	36.85	-89.69
Morley	MO	37.04	-89.61
Morrison	MO	38.67	-91.63
Morrisville	MO	37.48	-93.43
Mosby	MO	39.32	-94.31
Moscow Mills	MO	38.94	-90.92
Mound City	MO	40.14	-95.23
Moundville	MO	37.76	-94.45
Mount Leonard	MO	39.13	-93.39
Mount Moriah	MO	40.33	-93.80
Mount Vernon	MO	37.10	-93.82
Mountain Grove	MO	37.13	-92.27
Mountain View	MO	36.99	-91.70
Murphy	MO	38.49	-90.49
Napoleon	MO	39.13	-94.09
Naylor	MO	36.57	-90.61
Neck City	MO	37.25	-94.44
Neelyville	MO	36.56	-90.51
Nelson	MO	38.99	-93.03
Neosho	MO	36.85	-94.40
Nevada	MO	37.84	-94.35
New Bloomfield	MO	38.72	-92.09
New Cambria	MO	39.78	-92.75
New Florence	MO	38.91	-91.45
New Franklin	MO	39.01	-92.74
New Hamburg	MO	37.13	-89.60
New Hampton	MO	40.26	-94.20
New Haven	MO	38.61	-91.22
New London	MO	39.58	-91.40
New Madrid	MO	36.59	-89.55
New Market	MO	39.50	-94.80
New Melle	MO	38.72	-90.88
New Wells	MO	37.55	-89.62
Newark	MO	39.99	-91.97
Newburg	MO	37.92	-91.90
Newtonia	MO	36.88	-94.18
Newtown	MO	40.37	-93.33
Niangua	MO	37.39	-92.83
Nixa	MO	37.05	-93.30
Noel	MO	36.54	-94.49
Norborne	MO	39.30	-93.68
Normandy	MO	38.71	-90.30
North Kansas City	MO	39.14	-94.56
North Lilbourn	MO	36.60	-89.62
Northmoor	MO	39.18	-94.61
Northwoods	MO	38.70	-90.28
Norwood	MO	37.11	-92.42
Norwood Court	MO	38.71	-90.29
Novelty	MO	40.01	-92.21
Novinger	MO	40.23	-92.71
O'Fallon	MO	38.78	-90.72
Oak Grove	MO	39.01	-94.13
Oak Grove Village	MO	38.23	-91.15
Oak Ridge	MO	37.50	-89.73
Oakland	MO	38.58	-90.38
Oaks	MO	39.20	-94.57
Oakview	MO	39.21	-94.57
Oakville	MO	38.45	-90.32
Oakwood	MO	39.20	-94.57
Oakwood Park	MO	39.20	-94.57
Odessa	MO	39.00	-93.97
Old Appleton	MO	37.59	-89.71
Old Jamestown	MO	38.83	-90.29
Old Monroe	MO	38.93	-90.75
Olean	MO	38.41	-92.53
Olivette	MO	38.67	-90.38
Olympian Village	MO	38.13	-90.46
Oran	MO	37.09	-89.65
Oregon	MO	39.99	-95.14
Oronogo	MO	37.19	-94.46
Orrick	MO	39.21	-94.13
Osage Beach	MO	38.14	-92.65
Osborn	MO	39.75	-94.36
Osceola	MO	38.05	-93.69
Osgood	MO	40.20	-93.35
Otterville	MO	38.70	-93.00
Overland	MO	38.70	-90.37
Owensville	MO	38.35	-91.50
Oxly	MO	36.60	-90.68
Ozark	MO	37.03	-93.22
Ozora	MO	37.86	-90.05
Pacific	MO	38.48	-90.75
Pagedale	MO	38.68	-90.31
Palmyra	MO	39.80	-91.53
Paradise	MO	39.43	-94.51
Paris	MO	39.47	-92.01
Park Hills	MO	37.82	-90.50
Parkdale	MO	38.48	-90.53
Parkville	MO	39.21	-94.70
Parkway	MO	38.34	-90.97
Parma	MO	36.61	-89.82
Parnell	MO	40.44	-94.62
Pasadena Hills	MO	38.71	-90.29
Pasadena Park	MO	38.71	-90.30
Pascola	MO	36.27	-89.83
Passaic	MO	38.32	-94.35
Pattonsburg	MO	40.07	-94.11
Paynesville	MO	39.26	-90.90
Peaceful Village	MO	38.47	-90.54
Peculiar	MO	38.73	-94.47
Pendleton	MO	38.83	-91.23
Penermon	MO	36.79	-89.83
Perkins	MO	37.09	-89.77
Perry	MO	39.43	-91.66
Perryville	MO	37.73	-89.88
Pevely	MO	38.29	-90.40
Phelps City	MO	40.40	-95.59
Philadelphia	MO	39.84	-91.74
Phillipsburg	MO	37.55	-92.79
Pickering	MO	40.45	-94.84
Piedmont	MO	37.15	-90.70
Pierce City	MO	36.95	-94.00
Pierpont	MO	38.86	-92.31
Pilot Grove	MO	38.87	-92.91
Pilot Knob	MO	37.62	-90.64
Pine Lawn	MO	38.70	-90.28
Pineville	MO	36.58	-94.39
Pinhook	MO	36.74	-89.27
Plato	MO	37.50	-92.22
Platte City	MO	39.36	-94.76
Platte Woods	MO	39.23	-94.65
Plattsburg	MO	39.55	-94.46
Pleasant Hill	MO	38.81	-94.27
Pleasant Hope	MO	37.47	-93.27
Pleasant Valley	MO	39.22	-94.48
Plevna	MO	39.98	-92.08
Pocahontas	MO	37.50	-89.64
Pollock	MO	40.36	-93.08
Polo	MO	39.55	-94.04
Pomona	MO	36.87	-91.91
Pontiac	MO	36.52	-92.61
Poplar Bluff	MO	36.76	-90.41
Portage Des Sioux	MO	38.93	-90.34
Portageville	MO	36.43	-89.70
Potosi	MO	37.93	-90.78
Powersville	MO	40.55	-93.30
Prairie Hill	MO	39.52	-92.74
Prairie Home	MO	38.81	-92.59
Prathersville	MO	39.32	-94.27
Preston	MO	37.94	-93.21
Princeton	MO	40.40	-93.59
Purcell	MO	37.24	-94.44
Purdin	MO	39.95	-93.16
Purdy	MO	36.82	-93.92
Puxico	MO	36.95	-90.16
Queen City	MO	40.41	-92.57
Quitman	MO	40.37	-95.08
Qulin	MO	36.60	-90.25
Raintree Plantation	MO	38.25	-90.60
Randolph	MO	39.16	-94.49
Ravanna	MO	40.46	-93.46
Ravenwood	MO	40.35	-94.67
Raymondville	MO	37.34	-91.84
Raymore	MO	38.80	-94.46
Raytown	MO	38.99	-94.46
Rayville	MO	39.35	-94.06
Rea	MO	40.06	-94.76
Redings Mill	MO	37.02	-94.52
Reeds	MO	37.12	-94.17
Reeds Spring	MO	36.74	-93.38
Renick	MO	39.34	-92.41
Rensselaer	MO	39.67	-91.54
Republic	MO	37.17	-93.41
Revere	MO	40.49	-91.68
Rhineland	MO	38.72	-91.52
Rich Hill	MO	38.10	-94.36
Richards	MO	37.91	-94.56
Richland	MO	37.86	-92.40
Richmond	MO	39.28	-93.97
Richmond Heights	MO	38.63	-90.33
Ridgely	MO	39.45	-94.64
Ridgeway	MO	40.38	-93.94
Risco	MO	36.55	-89.82
Ritchey	MO	36.94	-94.19
River Bend	MO	39.18	-94.39
Riverside	MO	39.17	-94.63
Riverview	MO	38.74	-90.21
Riverview Estates	MO	38.75	-94.52
Rives	MO	36.09	-90.01
Rocheport	MO	38.98	-92.56
Rock Hill	MO	38.61	-90.37
Rock Port	MO	40.41	-95.53
Rockaway Beach	MO	36.70	-93.16
Rockville	MO	38.07	-94.08
Rocky Comfort	MO	36.74	-94.09
Rogersville	MO	37.11	-93.07
Rolla	MO	37.95	-91.76
Roscoe	MO	37.98	-93.82
Rosebud	MO	38.38	-91.40
Rosendale	MO	40.04	-94.82
Rothville	MO	39.65	-93.06
Rush Hill	MO	39.21	-91.73
Rushville	MO	39.59	-95.02
Russellville	MO	38.51	-92.44
Rutledge	MO	40.31	-92.09
Saddlebrooke	MO	36.83	-93.20
Saginaw	MO	37.02	-94.48
Salem	MO	37.64	-91.53
Salisbury	MO	39.42	-92.80
Sappington	MO	38.53	-90.37
Sarcoxie	MO	37.07	-94.13
Savannah	MO	39.94	-94.83
Saverton	MO	39.64	-91.27
Schell City	MO	38.02	-94.12
Scotsdale	MO	38.39	-90.59
Scott City	MO	37.22	-89.54
Sedalia	MO	38.71	-93.23
Sedgewickville	MO	37.51	-89.91
Seligman	MO	36.52	-93.94
Senath	MO	36.13	-90.16
Seneca	MO	36.84	-94.61
Seymour	MO	37.15	-92.77
Shakertowne	MO	37.69	-89.87
Shawneetown	MO	37.55	-89.66
Shelbina	MO	39.69	-92.04
Shelbyville	MO	39.81	-92.04
Sheldon	MO	37.66	-94.30
Shell Knob	MO	36.60	-93.60
Sheridan	MO	40.52	-94.61
Shoal Creek Drive	MO	37.04	-94.52
Shoal Creek Estates	MO	37.02	-94.49
Shrewsbury	MO	38.59	-90.33
Sibley	MO	39.18	-94.20
Sikeston	MO	36.88	-89.59
Silex	MO	39.13	-91.06
Skidmore	MO	40.29	-95.08
Slater	MO	39.22	-93.07
Smithton	MO	38.68	-93.09
Smithville	MO	39.40	-94.57
South Fork	MO	36.64	-91.95
South Gifford	MO	40.03	-92.68
South Gorin	MO	40.36	-92.03
South Greenfield	MO	37.38	-93.84
South Lineville	MO	40.58	-93.52
Southwest City	MO	36.52	-94.61
Spanish Lake	MO	38.79	-90.21
Sparta	MO	37.00	-93.08
Spickard	MO	40.24	-93.59
Spokane	MO	36.87	-93.29
Springfield	MO	37.19	-93.29
St. Ann	MO	38.73	-90.39
St. Catharine	MO	39.80	-93.00
St. Charles	MO	38.80	-90.52
St. Clair	MO	38.35	-90.99
St. Clement	MO	39.28	-91.21
St. Cloud	MO	38.17	-91.21
St. Elizabeth	MO	38.26	-92.27
St. Francisville	MO	40.44	-91.58
St. George	MO	38.54	-90.31
St. James	MO	38.00	-91.61
St. John	MO	38.71	-90.35
St. Joseph	MO	39.76	-94.82
St. Louis	MO	38.64	-90.24
St. Martins	MO	38.60	-92.33
St. Mary	MO	37.87	-89.95
St. Paul	MO	38.85	-90.74
St. Peters	MO	38.78	-90.60
St. Robert	MO	37.83	-92.15
St. Thomas	MO	38.37	-92.22
Stanberry	MO	40.22	-94.54
Stanton	MO	38.27	-91.11
Stark City	MO	36.86	-94.19
Ste. Genevieve	MO	37.98	-90.05
Steele	MO	36.09	-89.86
Steelville	MO	37.97	-91.35
Stella	MO	36.76	-94.19
Stewartsville	MO	39.76	-94.50
Stockton	MO	37.70	-93.80
Stotesbury	MO	37.98	-94.57
Stotts City	MO	37.10	-93.95
Stoutland	MO	37.81	-92.52
Stoutsville	MO	39.55	-91.86
Stover	MO	38.44	-92.99
Strafford	MO	37.27	-93.12
Strasburg	MO	38.76	-94.16
Sturgeon	MO	39.23	-92.28
Sugar Creek	MO	39.14	-94.41
Sullivan	MO	38.21	-91.16
Summer Set	MO	38.09	-90.58
Summersville	MO	37.18	-91.66
Sumner	MO	39.66	-93.24
Sundown	MO	36.56	-92.64
Sunrise Beach	MO	38.16	-92.78
Sunset Hills	MO	38.53	-90.41
Sweet Springs	MO	38.96	-93.42
Sycamore Hills	MO	38.70	-90.35
Syracuse	MO	38.67	-92.88
Tallapoosa	MO	36.51	-89.82
Taneyville	MO	36.74	-93.04
Taos	MO	38.50	-92.09
Tarkio	MO	40.44	-95.38
Tarrants	MO	39.36	-91.18
Tarsney Lakes	MO	38.95	-94.21
Tebbetts	MO	38.62	-91.96
Terre du Lac	MO	37.90	-90.62
Thayer	MO	36.52	-91.54
Theodosia	MO	36.58	-92.66
Thomasville	MO	36.79	-91.53
Three Creeks	MO	38.57	-90.99
Tightwad	MO	38.31	-93.54
Tina	MO	39.54	-93.44
Tindall	MO	40.16	-93.61
Tipton	MO	38.66	-92.78
Town and Country	MO	38.63	-90.48
Tracy	MO	39.38	-94.79
Trenton	MO	40.08	-93.60
Trimble	MO	39.48	-94.56
Triplett	MO	39.50	-93.19
Troy	MO	38.97	-90.97
Truesdale	MO	38.81	-91.12
Truxton	MO	39.00	-91.24
Turney	MO	39.64	-94.32
Tuscumbia	MO	38.24	-92.46
Twin Oaks	MO	38.57	-90.50
Umber View Heights	MO	37.62	-93.80
Union	MO	38.44	-91.00
Union Star	MO	39.98	-94.60
Unionville	MO	40.48	-93.00
Unity Village	MO	38.96	-94.40
University City	MO	38.67	-90.33
Uplands Park	MO	38.69	-90.28
Urbana	MO	37.84	-93.17
Urich	MO	38.46	-94.00
Utica	MO	39.75	-93.63
Valley Park	MO	38.55	-90.50
Van Buren	MO	37.01	-91.01
Vandalia	MO	39.31	-91.49
Vandiver	MO	39.16	-91.85
Vanduser	MO	36.99	-89.69
Velda City	MO	38.69	-90.29
Velda Village Hills	MO	38.69	-90.29
Verona	MO	36.96	-93.79
Versailles	MO	38.43	-92.85
Vibbard	MO	39.39	-94.14
Viburnum	MO	37.72	-91.13
Vienna	MO	38.19	-91.95
Villa Ridge	MO	38.47	-90.88
Village of Four Seasons	MO	38.20	-92.71
Vinita Park	MO	38.69	-90.34
Vista	MO	37.99	-93.66
Waco	MO	37.25	-94.60
Walker	MO	37.90	-94.23
Walnut Grove	MO	37.41	-93.55
Wardell	MO	36.35	-89.82
Wardsville	MO	38.49	-92.18
Warrensburg	MO	38.76	-93.73
Warrenton	MO	38.82	-91.14
Warsaw	MO	38.25	-93.37
Warson Woods	MO	38.61	-90.39
Washburn	MO	36.59	-93.97
Washington	MO	38.55	-91.02
Wasola	MO	36.78	-92.57
Watson	MO	40.48	-95.62
Waverly	MO	39.21	-93.52
Wayland	MO	40.40	-91.58
Waynesville	MO	37.82	-92.22
Weatherby	MO	39.91	-94.24
Weatherby Lake	MO	39.23	-94.70
Weaubleau	MO	37.89	-93.54
Webb City	MO	37.14	-94.47
Webster Groves	MO	38.59	-90.35
Weingarten	MO	37.89	-90.22
Weldon Spring	MO	38.71	-90.65
Weldon Spring Heights	MO	38.70	-90.69
Wellington	MO	39.14	-93.99
Wellston	MO	38.68	-90.29
Wellsville	MO	39.07	-91.57
Wentworth	MO	36.99	-94.08
Wentzville	MO	38.82	-90.87
West Alton	MO	38.86	-90.20
West Line	MO	38.64	-94.59
West Plains	MO	36.74	-91.87
West Sullivan	MO	38.19	-91.19
Westboro	MO	40.54	-95.32
Weston	MO	39.40	-94.89
Westphalia	MO	38.44	-92.00
Westwood	MO	38.64	-90.43
Wheatland	MO	37.94	-93.40
Wheaton	MO	36.76	-94.06
Wheeling	MO	39.79	-93.39
White Branch	MO	38.23	-93.35
White Oak	MO	36.33	-90.03
Whiteman AFB	MO	38.73	-93.55
Whiteside	MO	39.18	-91.02
Whitewater	MO	37.24	-89.80
Whiting	MO	36.79	-89.37
Wilbur Park	MO	38.55	-90.31
Wildwood	MO	38.58	-90.67
Willard	MO	37.29	-93.42
Williamstown	MO	40.24	-91.80
Williamsville	MO	36.97	-90.55
Willow Springs	MO	36.99	-91.96
Wilson City	MO	36.92	-89.22
Winchester	MO	38.59	-90.53
Windsor	MO	38.53	-93.52
Windsor Place	MO	38.93	-92.70
Winfield	MO	38.99	-90.75
Winigan	MO	40.05	-92.90
Winona	MO	37.00	-91.33
Winston	MO	39.87	-94.14
Wood Heights	MO	39.34	-94.16
Woodson Terrace	MO	38.73	-90.36
Wooldridge	MO	38.91	-92.52
Worth	MO	40.40	-94.45
Wortham	MO	37.84	-90.60
Worthington	MO	40.41	-92.69
Wright City	MO	38.83	-91.04
Wyaconda	MO	40.39	-91.93
Wyatt	MO	36.96	-89.17
Zalma	MO	37.14	-90.08
Abbeville	MS	34.50	-89.50
Aberdeen	MS	33.83	-88.55
Ackerman	MS	33.31	-89.17
Agricola	MS	30.81	-88.52
Alcorn State University	MS	31.88	-91.14
Algoma	MS	34.18	-89.04
Alligator	MS	34.09	-90.72
Amory	MS	33.98	-88.48
Anguilla	MS	32.97	-90.83
Arcola	MS	33.27	-90.88
Arkabutla	MS	34.70	-90.12
Arnold Line	MS	31.34	-89.38
Artesia	MS	33.42	-88.64
Ashland	MS	34.83	-89.18
Austin	MS	34.64	-90.45
Baldwyn	MS	34.51	-88.64
Bassfield	MS	31.50	-89.74
Batesville	MS	34.32	-89.92
Baxterville	MS	31.09	-89.59
Bay Springs	MS	31.98	-89.28
Bay St. Louis	MS	30.32	-89.36
Beaumont	MS	31.17	-88.93
Beauregard	MS	31.72	-90.39
Beechwood	MS	32.34	-90.81
Belmont	MS	34.51	-88.21
Belzoni	MS	33.18	-90.49
Benndale	MS	30.87	-88.81
Benoit	MS	33.65	-91.01
Benton	MS	32.82	-90.26
Bentonia	MS	32.64	-90.37
Bethlehem	MS	34.58	-89.33
Beulah	MS	33.79	-90.98
Big Creek	MS	33.85	-89.42
Big Point	MS	30.59	-88.48
Biggersville	MS	34.84	-88.56
Biloxi	MS	30.43	-88.94
Blue Mountain	MS	34.67	-89.03
Blue Springs	MS	34.39	-88.88
Bobo	MS	34.13	-90.68
Bogue Chitto	MS	32.83	-88.92
Bolivar	MS	33.66	-91.05
Bolton	MS	32.35	-90.46
Bond	MS	30.90	-89.17
Booneville	MS	34.66	-88.57
Bovina	MS	32.35	-90.74
Boyle	MS	33.71	-90.72
Brandon	MS	32.28	-89.99
Braxton	MS	32.03	-89.97
Bridgetown	MS	34.89	-89.90
Brookhaven	MS	31.58	-90.44
Brooksville	MS	33.24	-88.58
Bruce	MS	33.99	-89.35
Buckatunna	MS	31.55	-88.53
Bude	MS	31.46	-90.85
Burnsville	MS	34.83	-88.32
Byhalia	MS	34.87	-89.69
Byram	MS	32.19	-90.29
Caledonia	MS	33.68	-88.33
Calhoun City	MS	33.86	-89.31
Canton	MS	32.60	-90.03
Carrollton	MS	33.51	-89.92
Carthage	MS	32.74	-89.53
Cary	MS	32.81	-90.92
Centreville	MS	31.09	-91.07
Chalybeate	MS	34.93	-88.87
Charleston	MS	34.01	-90.06
Chunky	MS	32.33	-88.93
Clara	MS	31.58	-88.69
Clarksdale	MS	34.19	-90.57
Cleary	MS	32.16	-90.20
Cleveland	MS	33.74	-90.73
Clinton	MS	32.35	-90.34
Cloverdale	MS	31.50	-91.42
Coahoma	MS	34.37	-90.52
Coffeeville	MS	33.98	-89.68
Coldwater	MS	34.69	-89.98
Collins	MS	31.65	-89.57
Collinsville	MS	32.49	-88.84
Columbia	MS	31.26	-89.83
Columbus	MS	33.51	-88.41
Columbus AFB	MS	33.63	-88.45
Como	MS	34.51	-89.94
Conehatta	MS	32.47	-89.27
Corinth	MS	34.95	-88.51
Courtland	MS	34.24	-89.94
Crawford	MS	33.30	-88.63
Crenshaw	MS	34.50	-90.19
Crosby	MS	31.27	-91.06
Crowder	MS	34.17	-90.14
Cruger	MS	33.32	-90.24
Crystal Springs	MS	31.99	-90.36
D'Iberville	MS	30.44	-88.90
D'Lo	MS	31.99	-89.90
Darling	MS	34.36	-90.28
De Kalb	MS	32.77	-88.66
De Soto	MS	31.97	-88.72
DeLisle	MS	30.38	-89.28
Decatur	MS	32.43	-89.11
Delta City	MS	33.07	-90.79
Dennis	MS	34.56	-88.23
Derma	MS	33.86	-89.29
Diamondhead	MS	30.38	-89.35
Doddsville	MS	33.66	-90.52
Drew	MS	33.81	-90.53
Dublin	MS	34.07	-90.49
Duck Hill	MS	33.63	-89.72
Dumas	MS	34.64	-88.84
Duncan	MS	34.04	-90.75
Dundee	MS	34.53	-90.45
Durant	MS	33.08	-89.86
Eagle Bend	MS	32.53	-91.02
Eastabuchie	MS	31.43	-89.29
Ecru	MS	34.35	-89.03
Eden	MS	32.98	-90.32
Edwards	MS	32.33	-90.61
Elizabeth	MS	33.43	-90.88
Elliott	MS	33.69	-89.75
Ellisville	MS	31.60	-89.21
Enterprise	MS	32.17	-88.82
Escatawpa	MS	30.49	-88.54
Ethel	MS	33.12	-89.47
Eudora	MS	34.83	-90.15
Eupora	MS	33.54	-89.28
Falcon	MS	34.39	-90.26
Falkner	MS	34.84	-88.95
Farmington	MS	34.92	-88.45
Farrell	MS	34.26	-90.68
Fayette	MS	31.71	-91.06
Fernwood	MS	31.19	-90.46
Flora	MS	32.54	-90.31
Florence	MS	32.16	-90.12
Flowood	MS	32.34	-90.07
Forest	MS	32.36	-89.48
Foxworth	MS	31.24	-89.88
French Camp	MS	33.29	-89.40
Friars Point	MS	34.37	-90.64
Fulton	MS	34.26	-88.40
Gattman	MS	33.88	-88.24
Gautier	MS	30.41	-88.66
Georgetown	MS	31.87	-90.16
Glen	MS	34.86	-88.42
Glen Allan	MS	33.02	-91.01
Glendale	MS	31.37	-89.31
Glendora	MS	33.83	-90.29
Gloster	MS	31.20	-91.02
Gluckstadt	MS	32.53	-90.10
Golden	MS	34.49	-88.19
Goodman	MS	32.97	-89.91
Grace	MS	32.99	-90.96
Greenville	MS	33.38	-91.05
Greenwood	MS	33.51	-90.20
Grenada	MS	33.78	-89.81
Gulf Hills	MS	30.43	-88.81
Gulf Park Estates	MS	30.38	-88.76
Gulfport	MS	30.42	-89.07
Gunnison	MS	33.94	-90.95
Guntown	MS	34.45	-88.66
Hamilton	MS	33.75	-88.41
Harperville	MS	32.49	-89.49
Hatley	MS	33.98	-88.42
Hattiesburg	MS	31.31	-89.32
Hazlehurst	MS	31.86	-90.39
Heidelberg	MS	31.89	-88.99
Helena	MS	30.49	-88.51
Henderson Point	MS	30.31	-89.29
Hermanville	MS	31.96	-90.84
Hernando	MS	34.85	-89.99
Hickory	MS	32.32	-89.02
Hickory Flat	MS	34.62	-89.19
Hide-A-Way Lake	MS	30.58	-89.64
Hillsboro	MS	32.45	-89.49
Holcomb	MS	33.76	-89.97
Hollandale	MS	33.18	-90.85
Holly Springs	MS	34.78	-89.45
Horn Lake	MS	34.95	-90.05
Houston	MS	33.90	-89.00
Hurley	MS	30.66	-88.50
Independence	MS	34.71	-89.81
Indianola	MS	33.45	-90.64
Inverness	MS	33.35	-90.59
Isola	MS	33.26	-90.59
Itta Bena	MS	33.50	-90.32
Iuka	MS	34.81	-88.20
Jacinto	MS	34.76	-88.43
Jackson	MS	32.32	-90.21
Jonestown	MS	34.32	-90.45
Jumpertown	MS	34.71	-88.67
Kearney Park	MS	32.59	-90.32
Kilmichael	MS	33.44	-89.56
Kiln	MS	30.42	-89.43
Kirkville	MS	34.44	-88.49
Kokomo	MS	31.20	-90.00
Kosciusko	MS	33.06	-89.59
Kossuth	MS	34.87	-88.64
Lake	MS	32.33	-89.31
Lakeview	MS	34.99	-90.14
Lamar	MS	34.91	-89.32
Lambert	MS	34.20	-90.28
Latimer	MS	30.49	-88.85
Lauderdale	MS	32.51	-88.53
Laurel	MS	31.70	-89.14
Leaf	MS	31.03	-88.80
Leakesville	MS	31.15	-88.56
Learned	MS	32.20	-90.55
Leland	MS	33.40	-90.89
Lena	MS	32.59	-89.59
Lexington	MS	33.12	-90.05
Liberty	MS	31.16	-90.80
Long Beach	MS	30.35	-89.16
Longview	MS	33.40	-88.93
Louin	MS	32.08	-89.27
Louise	MS	32.98	-90.59
Louisville	MS	33.12	-89.05
Lucedale	MS	30.93	-88.60
Lula	MS	34.45	-90.48
Lumberton	MS	31.01	-89.46
Lyman	MS	30.51	-89.13
Lynchburg	MS	34.96	-90.11
Lyon	MS	34.22	-90.54
Maben	MS	33.55	-89.08
Macon	MS	33.12	-88.56
Madison	MS	32.47	-90.13
Magee	MS	31.87	-89.73
Magnolia	MS	31.16	-90.47
Mantachie	MS	34.32	-88.50
Mantee	MS	33.72	-89.06
Marietta	MS	34.50	-88.47
Marion	MS	32.43	-88.65
Marks	MS	34.25	-90.27
Mathiston	MS	33.54	-89.13
Mayersville	MS	32.90	-91.05
McComb	MS	31.24	-90.47
McCool	MS	33.20	-89.34
McLain	MS	31.10	-88.82
Meadville	MS	31.47	-90.89
Mendenhall	MS	31.96	-89.87
Meridian	MS	32.38	-88.69
Meridian Station	MS	32.55	-88.61
Merigold	MS	33.84	-90.73
Metcalfe	MS	33.45	-91.00
Mississippi State	MS	33.45	-88.79
Mississippi Valley State University	MS	33.52	-90.34
Mize	MS	31.87	-89.55
Monticello	MS	31.55	-90.12
Montrose	MS	32.13	-89.23
Mooreville	MS	34.26	-88.58
Moorhead	MS	33.45	-90.51
Morgan City	MS	33.38	-90.35
Morgantown	MS	31.58	-91.35
Morton	MS	32.35	-89.66
Moselle	MS	31.51	-89.28
Moss Point	MS	30.43	-88.53
Mound Bayou	MS	33.88	-90.73
Mount Olive	MS	31.75	-89.66
Mount Pleasant	MS	34.95	-89.53
Myrtle	MS	34.56	-89.12
Natchez	MS	31.54	-91.39
Nellieburg	MS	32.40	-88.78
Nettleton	MS	34.08	-88.63
New Albany	MS	34.49	-89.02
New Augusta	MS	31.20	-89.03
New Hamilton	MS	33.75	-88.44
New Hebron	MS	31.73	-89.98
New Hope	MS	33.46	-88.34
New Houlka	MS	34.04	-89.02
New Site	MS	34.56	-88.42
Newton	MS	32.33	-89.15
Nicholson	MS	30.49	-89.70
Nitta Yuma	MS	33.02	-90.85
North Carrollton	MS	33.52	-89.92
North Tunica	MS	34.70	-90.38
Noxapater	MS	32.99	-89.06
Oak Grove	MS	31.29	-89.41
Oakland	MS	34.06	-89.91
Ocean Springs	MS	30.40	-88.79
Okolona	MS	34.01	-88.75
Olive Branch	MS	34.96	-89.84
Osyka	MS	31.01	-90.47
Ovett	MS	31.49	-89.03
Oxford	MS	34.35	-89.54
Pace	MS	33.79	-90.86
Pachuta	MS	32.04	-88.88
Paden	MS	34.66	-88.26
Panther Burn	MS	33.07	-90.87
Paris	MS	34.17	-89.45
Pascagoula	MS	30.36	-88.56
Pass Christian	MS	30.32	-89.24
Pattison	MS	31.89	-90.88
Pearl	MS	32.27	-90.09
Pearl River	MS	32.80	-89.24
Pearlington	MS	30.25	-89.60
Pelahatchie	MS	32.32	-89.81
Petal	MS	31.35	-89.24
Pheba	MS	33.58	-88.95
Philadelphia	MS	32.78	-89.12
Picayune	MS	30.53	-89.67
Pickens	MS	32.89	-89.97
Pittsboro	MS	33.94	-89.34
Plantersville	MS	34.21	-88.67
Polkville	MS	32.19	-89.70
Pontotoc	MS	34.25	-89.01
Pope	MS	34.22	-89.94
Poplarville	MS	30.84	-89.53
Port Gibson	MS	31.96	-90.98
Porterville	MS	32.69	-88.47
Potts Camp	MS	34.65	-89.31
Prentiss	MS	31.60	-89.87
Puckett	MS	32.09	-89.78
Purvis	MS	31.15	-89.41
Quitman	MS	32.04	-88.72
Raleigh	MS	32.03	-89.53
Randolph	MS	34.18	-89.16
Rawls Springs	MS	31.38	-89.39
Raymond	MS	32.26	-90.41
Red Banks	MS	34.83	-89.56
Redwater	MS	32.79	-89.55
Redwood	MS	32.47	-90.80
Rena Lara	MS	34.16	-90.77
Renova	MS	33.78	-90.72
Richland	MS	32.23	-90.16
Richton	MS	31.35	-88.94
Ridgeland	MS	32.42	-90.16
Rienzi	MS	34.76	-88.53
Ripley	MS	34.73	-88.94
Robinhood	MS	32.20	-89.97
Rolling Fork	MS	32.91	-90.88
Rosedale	MS	33.86	-91.04
Roxie	MS	31.51	-91.07
Ruleville	MS	33.72	-90.55
Runnelstown	MS	31.38	-89.11
Sallis	MS	33.02	-89.76
Saltillo	MS	34.38	-88.70
Sandersville	MS	31.78	-89.04
Sardis	MS	34.44	-89.91
Satartia	MS	32.67	-90.54
Saucier	MS	30.62	-89.14
Schlater	MS	33.64	-90.35
Scooba	MS	32.83	-88.48
Scott	MS	33.59	-91.08
Sebastopol	MS	32.57	-89.33
Seminary	MS	31.56	-89.50
Senatobia	MS	34.61	-89.98
Shannon	MS	34.11	-88.69
Sharon	MS	31.80	-89.09
Shaw	MS	33.60	-90.77
Shelby	MS	33.95	-90.77
Sherman	MS	34.36	-88.84
Shubuta	MS	31.86	-88.70
Shuqualak	MS	32.98	-88.57
Sidon	MS	33.41	-90.21
Silver City	MS	33.09	-90.50
Silver Creek	MS	31.60	-90.00
Skene	MS	33.70	-90.80
Slate Springs	MS	33.74	-89.38
Sledge	MS	34.43	-90.22
Smithville	MS	34.07	-88.40
Snow Lake Shores	MS	34.82	-89.24
Soso	MS	31.75	-89.28
Southaven	MS	34.95	-89.98
St. Martin	MS	30.44	-88.86
Standing Pine	MS	32.67	-89.45
Starkville	MS	33.46	-88.83
State Line	MS	31.44	-88.47
Stewart	MS	33.45	-89.44
Stoneville	MS	33.42	-90.92
Stonewall	MS	32.13	-88.80
Strayhorn	MS	34.62	-90.15
Sturgis	MS	33.35	-89.05
Summit	MS	31.28	-90.47
Sumner	MS	33.97	-90.37
Sumrall	MS	31.42	-89.54
Sunflower	MS	33.54	-90.54
Sylvarena	MS	32.01	-89.38
Symonds	MS	33.83	-90.89
Taylor	MS	34.27	-89.58
Taylorsville	MS	31.83	-89.43
Tchula	MS	33.18	-90.22
Terry	MS	32.11	-90.29
Thaxton	MS	34.30	-89.17
Tillatoba	MS	33.99	-89.90
Tishomingo	MS	34.64	-88.23
Toccopola	MS	34.26	-89.22
Toomsuba	MS	32.43	-88.51
Tremont	MS	34.23	-88.25
Tucker	MS	32.71	-89.05
Tula	MS	34.24	-89.37
Tunica	MS	34.69	-90.38
Tunica Resorts	MS	34.82	-90.32
Tupelo	MS	34.27	-88.73
Tutwiler	MS	34.02	-90.43
Tylertown	MS	31.12	-90.14
Union	MS	32.57	-89.12
University	MS	34.37	-89.54
Utica	MS	32.11	-90.62
Vaiden	MS	33.33	-89.75
Valley Park	MS	32.63	-90.85
Van Vleet	MS	33.98	-88.90
Vancleave	MS	30.55	-88.67
Vardaman	MS	33.88	-89.18
Verona	MS	34.19	-88.72
Vicksburg	MS	32.32	-90.88
Victoria	MS	34.84	-89.62
Wade	MS	30.63	-88.56
Walls	MS	34.93	-90.17
Walnut	MS	34.95	-88.92
Walnut Grove	MS	32.59	-89.46
Walthall	MS	33.61	-89.28
Water Valley	MS	34.16	-89.63
Waterford	MS	34.65	-89.46
Waveland	MS	30.30	-89.39
Waynesboro	MS	31.68	-88.63
Webb	MS	33.95	-90.35
Weir	MS	33.26	-89.30
Wesson	MS	31.70	-90.40
West	MS	33.20	-89.78
West Hattiesburg	MS	31.31	-89.38
West Point	MS	33.61	-88.66
Wheeler	MS	34.58	-88.60
White Oak	MS	34.64	-90.35
Wiggins	MS	30.86	-89.14
Winona	MS	33.49	-89.73
Winstonville	MS	33.91	-90.75
Winterville	MS	33.50	-91.06
Woodland	MS	33.78	-89.05
Woodville	MS	31.10	-91.30
Yazoo City	MS	32.86	-90.41
Absarokee	MT	45.53	-109.46
Acton	MT	45.93	-108.68
Alberton	MT	47.00	-114.49
Alder	MT	45.32	-112.11
Alzada	MT	45.02	-104.41
Amsterdam	MT	45.74	-111.34
Anaconda-Deer Lodge County	MT	46.09	-113.14
Antelope	MT	48.69	-104.45
Argenta	MT	45.28	-112.86
Arlee	MT	47.17	-114.08
Ashland	MT	45.60	-106.30
Augusta	MT	47.49	-112.39
Avon	MT	46.63	-112.58
Ayers Ranch Colony	MT	47.05	-108.95
Azure	MT	48.31	-109.81
Babb	MT	48.89	-113.45
Bainville	MT	48.14	-104.22
Baker	MT	46.36	-104.27
Ballantine	MT	45.95	-108.14
Basin	MT	46.28	-112.29
Batavia	MT	48.18	-114.41
Bear Dance	MT	47.90	-114.03
Bearcreek	MT	45.16	-109.16
Beaver Creek	MT	48.54	-109.81
Belfry	MT	45.14	-109.00
Belgrade	MT	45.78	-111.18
Belknap	MT	47.65	-115.42
Belt	MT	47.39	-110.93
Biddle	MT	45.11	-105.31
Big Arm	MT	47.79	-114.27
Big Sandy	MT	48.18	-110.11
Big Sky	MT	45.26	-111.33
Big Sky Colony	MT	48.84	-112.77
Big Stone Colony	MT	47.40	-111.21
Big Timber	MT	45.83	-109.95
Bigfork	MT	48.08	-114.05
Billings	MT	45.79	-108.55
Birch Creek Colony	MT	48.25	-112.47
Birney	MT	45.42	-106.49
Black Eagle	MT	47.53	-111.26
Blackfoot	MT	48.58	-112.87
Bloomfield	MT	47.41	-104.92
Boneau	MT	48.30	-109.87
Bonner-West Riverside	MT	46.88	-113.89
Boulder	MT	46.24	-112.12
Box Elder	MT	48.32	-110.02
Boyd	MT	45.45	-109.07
Bozeman	MT	45.68	-111.05
Brady	MT	48.03	-111.84
Brandon	MT	45.47	-112.13
Bridger	MT	45.80	-110.90
Broadus	MT	45.44	-105.41
Broadview	MT	46.10	-108.88
Brockton	MT	48.16	-104.90
Brockway	MT	47.30	-105.76
Brooks	MT	47.21	-109.42
Browning	MT	48.56	-113.02
Bull Lake	MT	48.23	-115.85
Busby	MT	45.53	-106.98
Butte-Silver Bow	MT	45.90	-112.66
Bynum	MT	47.97	-112.32
Camas	MT	47.62	-114.66
Camp Three	MT	46.45	-108.57
Camrose Colony	MT	48.31	-111.61
Canyon Creek	MT	46.81	-112.25
Cardwell	MT	45.87	-111.96
Carlton	MT	46.69	-114.06
Carter	MT	47.78	-110.93
Cascade	MT	47.28	-111.70
Cascade Colony	MT	47.44	-111.82
Centerville	MT	47.38	-111.14
Charlo	MT	47.44	-114.17
Charlos Heights	MT	46.13	-114.19
Chester	MT	48.51	-110.97
Chinook	MT	48.59	-109.23
Choteau	MT	47.81	-112.18
Churchill	MT	45.75	-111.31
Circle	MT	47.42	-105.59
Clancy	MT	46.45	-112.00
Clinton	MT	46.77	-113.72
Clyde Park	MT	45.88	-110.61
Coffee Creek	MT	47.35	-110.08
Colstrip	MT	45.89	-106.63
Columbia Falls	MT	48.37	-114.19
Columbus	MT	45.64	-109.25
Condon	MT	47.53	-113.69
Conner	MT	45.93	-114.13
Conrad	MT	48.17	-111.95
Cooke City	MT	45.02	-109.91
Coram	MT	48.43	-114.05
Corvallis	MT	46.31	-114.11
Corwin Springs	MT	45.13	-110.80
Craig	MT	47.07	-111.97
Crane	MT	47.58	-104.24
Crow Agency	MT	45.60	-107.46
Culbertson	MT	48.14	-104.52
Custer	MT	46.13	-107.56
Cut Bank	MT	48.63	-112.33
Cyr	MT	47.00	-114.59
Danvers	MT	47.23	-109.71
Darby	MT	46.02	-114.18
Dayton	MT	47.86	-114.28
De Borgia	MT	47.37	-115.32
Deer Lodge	MT	46.40	-112.73
Deerfield Colony	MT	47.26	-109.68
Dell	MT	44.73	-112.70
Denton	MT	47.32	-109.95
Dewey	MT	45.78	-112.85
Dillon	MT	45.22	-112.63
Dixon	MT	47.32	-114.36
Dodson	MT	48.40	-108.25
Drummond	MT	46.67	-113.15
Duncan Ranch Colony	MT	46.44	-110.03
Dupuyer	MT	48.18	-112.47
Dutton	MT	47.85	-111.71
Eagle Creek Colony	MT	48.70	-111.20
East End Colony	MT	48.75	-109.55
East Glacier Park Village	MT	48.45	-113.22
East Helena	MT	46.58	-111.92
East Malta Colony	MT	48.35	-107.61
East Missoula	MT	46.88	-113.95
Edgar	MT	45.46	-108.86
Ekalaka	MT	45.89	-104.55
Elkhorn	MT	46.28	-111.95
Elliston	MT	46.56	-112.46
Elmo	MT	47.83	-114.35
Emigrant	MT	45.38	-110.76
Ennis	MT	45.35	-111.73
Essex	MT	48.28	-113.61
Eureka	MT	48.88	-115.05
Evaro	MT	47.07	-114.03
Evergreen	MT	48.23	-114.27
Fair Haven Colony	MT	47.40	-111.63
Fairfield	MT	47.62	-111.98
Fairview	MT	47.85	-104.05
Fallon	MT	46.84	-105.13
Finley Point	MT	47.75	-114.08
Fishtail	MT	45.45	-109.51
Flat Willow Colony	MT	46.73	-108.49
Flaxville	MT	48.80	-105.17
Florence	MT	46.63	-114.08
Floweree	MT	47.72	-111.03
Fords Creek Colony	MT	47.13	-108.92
Forest Hill Village	MT	48.12	-114.26
Forsyth	MT	46.27	-106.67
Fort Belknap Agency	MT	48.43	-108.68
Fort Benton	MT	47.83	-110.66
Fort Peck	MT	48.01	-106.46
Fort Shaw	MT	47.50	-111.82
Fort Smith	MT	45.32	-107.94
Fortine	MT	48.77	-114.89
Forty Mile Colony	MT	45.28	-107.36
Four Corners	MT	45.67	-111.18
Fox	MT	45.29	-109.21
Fox Lake	MT	47.69	-104.63
Frazer	MT	48.05	-106.05
Frenchtown	MT	47.03	-114.25
Froid	MT	48.34	-104.49
Fromberg	MT	45.39	-108.90
Gallatin Gateway	MT	45.59	-111.19
Gallatin River Ranch	MT	45.90	-111.33
Gardiner	MT	45.05	-110.74
Garrison	MT	46.54	-112.82
Geraldine	MT	47.60	-110.27
Geyser	MT	47.26	-110.49
Gibson Flats	MT	47.46	-111.24
Gildford	MT	48.57	-110.31
Gildford Colony	MT	48.80	-110.28
Gilman	MT	47.51	-112.36
Glacier Colony	MT	48.83	-112.21
Glasgow	MT	48.20	-106.63
Glen	MT	45.48	-112.69
Glendale Colony	MT	48.84	-112.54
Glendive	MT	47.11	-104.71
Goldcreek	MT	46.58	-112.93
Golden Valley Colony	MT	46.26	-109.27
Grant	MT	45.01	-113.07
Grass Range	MT	47.03	-108.80
Great Falls	MT	47.50	-111.30
Greycliff	MT	45.76	-109.78
Hall	MT	46.59	-113.20
Hamilton	MT	46.25	-114.16
Happys Inn	MT	48.06	-115.13
Hardin	MT	45.74	-107.61
Hardy	MT	47.18	-111.82
Harlem	MT	48.53	-108.78
Harlowton	MT	46.44	-109.84
Harrison	MT	45.70	-111.78
Hartland Colony	MT	48.95	-109.45
Haugan	MT	47.39	-115.41
Havre	MT	48.54	-109.68
Havre North	MT	48.56	-109.67
Hays	MT	48.01	-108.66
Heart Butte	MT	48.29	-112.83
Hebgen Lake Estates	MT	44.77	-111.19
Helena	MT	46.60	-112.02
Helena Flats	MT	48.28	-114.24
Helena Valley Northeast	MT	46.71	-111.94
Helena Valley Northwest	MT	46.73	-112.06
Helena Valley Southeast	MT	46.62	-111.90
Helena Valley West Central	MT	46.66	-112.06
Helena West Side	MT	46.60	-112.13
Helmville	MT	46.86	-112.97
Heron	MT	48.06	-115.98
Herron	MT	48.53	-109.77
Hidden Lake Colony	MT	48.60	-112.60
Highwood	MT	47.60	-110.77
Hilger	MT	47.26	-109.36
Hilldale Colony	MT	48.80	-109.78
Hillside Colony	MT	48.98	-112.07
Hingham	MT	48.56	-110.42
Hinsdale	MT	48.40	-107.09
Hobson	MT	47.00	-109.87
Hogeland	MT	48.85	-108.66
Homestead	MT	48.42	-104.54
Horizon Colony	MT	48.72	-112.23
Hot Springs	MT	47.61	-114.67
Hungry Horse	MT	48.38	-114.06
Huntley	MT	45.90	-108.30
Huson	MT	47.03	-114.34
Hysham	MT	46.29	-107.23
Indian Springs	MT	48.96	-115.04
Inverness	MT	48.56	-110.71
Ismay	MT	46.50	-104.79
Jackson	MT	45.37	-113.41
Jardine	MT	45.06	-110.62
Jeffers	MT	45.35	-111.70
Jefferson City	MT	46.38	-112.03
Jette	MT	47.72	-114.19
Joliet	MT	45.48	-108.97
Joplin	MT	48.56	-110.77
Jordan	MT	47.32	-106.91
Judith Gap	MT	46.68	-109.75
Kalispell	MT	48.22	-114.33
Kerr	MT	47.68	-114.18
Kevin	MT	48.75	-111.97
Kicking Horse	MT	47.46	-114.06
Kila	MT	48.12	-114.48
Kilby Butte Colony	MT	46.48	-108.36
King Arthur Park	MT	45.67	-111.13
King Ranch Colony	MT	47.06	-109.64
Kings Point	MT	47.77	-114.15
Kingsbury Colony	MT	48.30	-112.48
Klein	MT	46.40	-108.55
Kremlin	MT	48.57	-110.09
Lake Mary Ronan	MT	47.92	-114.38
Lakeside	MT	48.02	-114.23
Lakeview	MT	44.60	-111.81
Lame Deer	MT	45.62	-106.61
Landusky	MT	47.90	-108.62
Laredo	MT	48.43	-109.89
Laurel	MT	45.67	-108.78
Lavina	MT	46.30	-108.94
Lewistown	MT	47.05	-109.45
Lewistown Heights	MT	47.08	-109.47
Libby	MT	48.39	-115.56
Lima	MT	44.64	-112.59
Lincoln	MT	46.95	-112.67
Lindisfarne	MT	47.80	-114.21
Lindsay	MT	47.22	-105.15
Little Bitterroot Lake	MT	48.13	-114.73
Little Browning	MT	48.63	-112.35
Livingston	MT	45.67	-110.56
Lockwood	MT	45.83	-108.40
Lodge Grass	MT	45.31	-107.37
Lodge Pole	MT	48.03	-108.55
Logan	MT	45.88	-111.42
Lolo	MT	46.77	-114.11
Loma	MT	47.95	-110.49
Lonepine	MT	47.69	-114.64
Loring Colony	MT	48.79	-107.97
Luther	MT	45.28	-109.42
Malmstrom AFB	MT	47.51	-111.18
Malta	MT	48.36	-107.87
Mammoth	MT	45.67	-112.02
Manhattan	MT	45.86	-111.33
Marion	MT	48.09	-114.68
Martin City	MT	48.39	-114.03
Martinsdale	MT	46.45	-110.31
Martinsdale Colony	MT	46.49	-110.26
Marysville	MT	46.75	-112.30
Maverick Mountain	MT	45.42	-113.11
Maxville	MT	46.48	-113.24
McAllister	MT	45.44	-111.73
Medicine Lake	MT	48.50	-104.50
Melstone	MT	46.60	-107.87
Midway Colony	MT	48.07	-111.99
Miles City	MT	46.41	-105.84
Milford Colony	MT	47.33	-112.21
Miller Colony	MT	47.93	-112.29
Missoula	MT	46.87	-114.03
Moccasin	MT	47.05	-109.91
Monarch	MT	47.10	-110.84
Montana City	MT	46.52	-111.93
Montaqua	MT	45.51	-108.91
Moore	MT	46.97	-109.70
Mountain View Colony	MT	46.07	-108.72
Muddy	MT	45.58	-106.78
Musselshell	MT	46.49	-108.10
Nashua	MT	48.13	-106.36
Neihart	MT	46.94	-110.74
New Miami Colony	MT	48.19	-112.28
New Rockport Colony	MT	47.86	-112.03
Niarada	MT	47.83	-114.56
Nibbe	MT	45.98	-108.03
Norris	MT	45.57	-111.69
North Browning	MT	48.57	-113.03
North Harlem Colony	MT	48.58	-108.76
Noxon	MT	47.99	-115.77
Nye	MT	45.43	-109.81
Old Agency	MT	47.33	-114.30
Olney	MT	48.55	-114.57
Opheim	MT	48.86	-106.41
Orchard Homes	MT	46.85	-114.08
Outlook	MT	48.89	-104.78
Ovando	MT	47.02	-113.18
Pablo	MT	47.60	-114.11
Paradise	MT	47.38	-114.80
Park City	MT	45.63	-108.93
Parker School	MT	48.25	-109.73
Peerless	MT	48.78	-105.83
Pendroy	MT	48.07	-112.30
Philipsburg	MT	46.33	-113.30
Piltzville	MT	46.85	-113.85
Pine Creek	MT	45.51	-110.57
Pinesdale	MT	46.33	-114.22
Pinnacle	MT	48.36	-113.65
Pioneer Junction	MT	48.32	-115.52
Plains	MT	47.46	-114.88
Pleasant Valley Colony	MT	47.34	-111.04
Plentywood	MT	48.78	-104.56
Plevna	MT	46.42	-104.52
Polebridge	MT	48.76	-114.28
Polson	MT	47.69	-114.14
Pompeys Pillar	MT	45.99	-107.95
Pondera Colony	MT	48.24	-112.42
Ponderosa Pines	MT	46.03	-111.37
Pony	MT	45.66	-111.88
Poplar	MT	48.11	-105.20
Potomac	MT	46.88	-113.58
Power	MT	47.72	-111.70
Prairie Elk Colony	MT	48.01	-105.80
Pray	MT	45.42	-110.65
Pryor	MT	45.41	-108.53
Racetrack	MT	46.28	-112.74
Rader Creek	MT	45.85	-112.32
Radersburg	MT	46.20	-111.63
Rapelje	MT	45.97	-109.26
Ravalli	MT	47.28	-114.16
Raynesford	MT	47.27	-110.73
Red Lodge	MT	45.19	-109.25
Redstone	MT	48.82	-104.94
Reed Point	MT	45.71	-109.55
Reserve	MT	48.60	-104.47
Rexford	MT	48.90	-115.17
Rhodes	MT	48.28	-114.47
Riceville	MT	47.22	-110.93
Richey	MT	47.64	-105.07
Rimini	MT	46.49	-112.25
Rimrock Colony	MT	48.90	-112.10
Riverbend	MT	47.15	-114.83
Riverview Colony	MT	48.18	-111.03
Roberts	MT	45.34	-109.18
Rockport Colony	MT	48.07	-112.48
Rockvale	MT	45.52	-108.87
Rocky Boy West	MT	48.30	-109.99
Rocky Boy's Agency	MT	48.26	-109.77
Rocky Point	MT	47.73	-114.19
Rollins	MT	47.91	-114.19
Ronan	MT	47.53	-114.10
Roscoe	MT	45.35	-109.49
Rosebud	MT	46.27	-106.45
Roundup	MT	46.45	-108.54
Roy	MT	47.33	-108.96
Rudyard	MT	48.56	-110.55
Ryegate	MT	46.30	-109.25
Saco	MT	48.46	-107.34
Saddle Butte	MT	48.52	-109.64
Sage Creek Colony	MT	48.93	-110.97
Saltese	MT	47.41	-115.51
Sand Coulee	MT	47.40	-111.17
Sangrey	MT	48.28	-109.82
Santa Rita	MT	48.70	-112.32
Sapphire Ridge	MT	46.89	-110.25
Savage	MT	47.45	-104.34
Scobey	MT	48.79	-105.42
Sedan	MT	45.96	-110.88
Seeley Lake	MT	47.17	-113.46
Seville Colony	MT	48.71	-112.59
Shawmut	MT	46.34	-109.51
Shelby	MT	48.50	-111.86
Shepherd	MT	45.95	-108.35
Sheridan	MT	45.46	-112.19
Sidney	MT	47.72	-104.17
Silesia	MT	45.55	-108.84
Silver Gate	MT	45.02	-109.98
Silver Star	MT	45.69	-112.29
Simms	MT	47.49	-111.95
Sleeping Buffalo	MT	48.48	-107.53
Snowslip	MT	48.26	-113.45
Somers	MT	48.08	-114.23
South Browning	MT	48.55	-113.01
South Glastonbury	MT	45.31	-110.81
South Hills	MT	46.56	-112.00
Spokane Creek	MT	46.53	-111.74
Spring Creek Colony	MT	47.15	-109.62
Springdale	MT	45.74	-110.22
Springdale Colony	MT	46.46	-111.02
Springhill	MT	45.88	-111.08
Springwater Colony	MT	46.46	-109.75
Square Butte	MT	47.51	-110.20
St. Ignatius	MT	47.32	-114.10
St. Marie	MT	48.41	-106.50
St. Mary	MT	48.74	-113.43
St. Pierre	MT	48.24	-109.82
St. Regis	MT	47.30	-115.10
St. Xavier	MT	45.46	-107.73
Stanford	MT	47.15	-110.22
Starr School	MT	48.60	-113.14
Stevensville	MT	46.51	-114.09
Stockett	MT	47.35	-111.17
Stryker	MT	48.67	-114.77
Sula	MT	45.85	-113.96
Sun Prairie	MT	47.53	-111.49
Sun River	MT	47.53	-111.72
Sunburst	MT	48.87	-111.90
Sunnybrook Colony	MT	48.16	-110.73
Superior	MT	47.20	-114.90
Surprise Creek Colony	MT	47.17	-110.34
Swan Lake	MT	47.94	-113.80
Sweet Grass	MT	48.99	-111.97
Sylvanite	MT	48.71	-115.87
Terry	MT	46.79	-105.31
The Silos	MT	46.40	-111.59
Thompson Falls	MT	47.60	-115.34
Three Forks	MT	45.89	-111.55
Toston	MT	46.16	-111.45
Townsend	MT	46.32	-111.52
Tracy	MT	47.41	-111.15
Trego	MT	48.65	-114.93
Trout Creek	MT	47.83	-115.58
Troy	MT	48.46	-115.89
Turah	MT	46.84	-113.83
Turner	MT	48.85	-108.40
Turner Colony	MT	48.76	-108.43
Turtle Lake	MT	47.67	-114.09
Twin Bridges	MT	45.54	-112.33
Twin Creeks	MT	46.91	-113.73
Twin Hills Colony	MT	48.02	-111.07
Twodot	MT	46.42	-110.07
Ulm	MT	47.42	-111.52
Unionville	MT	46.55	-112.09
Utica	MT	46.97	-110.09
Valier	MT	48.31	-112.25
Vaughn	MT	47.55	-111.56
Victor	MT	46.42	-114.15
Vida	MT	47.83	-105.49
Virginia City	MT	45.30	-111.94
Walkerville	MT	46.04	-112.54
Warm Spring Creek	MT	47.18	-109.28
Weeksville	MT	47.53	-115.01
West Glacier	MT	48.49	-113.99
West Glendive	MT	47.11	-104.75
West Havre	MT	48.55	-109.73
West Kootenai	MT	48.96	-115.22
West Yellowstone	MT	44.66	-111.11
Westby	MT	48.87	-104.06
Wheatland	MT	45.96	-111.58
White Haven	MT	48.35	-115.52
White Sulphur Springs	MT	46.55	-110.90
Whitefish	MT	48.44	-114.35
Whitehall	MT	45.87	-112.10
Whitetail	MT	48.90	-105.16
Whitewater	MT	48.76	-107.63
Whitlash	MT	48.91	-111.25
Wibaux	MT	46.99	-104.19
Willow Creek	MT	45.81	-111.65
Wilsall	MT	45.98	-110.66
Windham	MT	47.08	-110.14
Wineglass	MT	45.63	-110.62
Winifred	MT	47.56	-109.38
Winnett	MT	47.00	-108.35
Winston	MT	46.47	-111.67
Wisdom	MT	45.61	-113.45
Wise River	MT	45.79	-112.94
Wolf Creek	MT	47.01	-112.07
Wolf Point	MT	48.09	-105.64
Woods Bay	MT	48.01	-114.07
Worden	MT	45.96	-108.16
Wye	MT	46.95	-114.13
Wyola	MT	45.12	-107.37
Yaak	MT	48.83	-115.69
York	MT	46.72	-111.75
Zenith Colony	MT	48.87	-112.34
Zortman	MT	47.92	-108.51
Zurich	MT	48.59	-109.03
Aberdeen	NC	35.13	-79.44
Advance	NC	35.95	-80.39
Ahoskie	NC	36.28	-76.99
Alamance	NC	36.03	-79.49
Albemarle	NC	35.36	-80.19
Alexis	NC	35.39	-81.12
Alliance	NC	35.14	-76.81
Altamahaw	NC	36.19	-79.51
Anderson Creek	NC	35.28	-78.96
Andrews	NC	35.20	-83.83
Angier	NC	35.51	-78.74
Ansonville	NC	35.10	-80.11
Apex	NC	35.72	-78.88
Aquadale	NC	35.22	-80.22
Arapahoe	NC	35.02	-76.83
Archdale	NC	35.90	-79.96
Archer Lodge	NC	35.68	-78.37
Arrowhead Beach	NC	36.23	-76.70
Asheboro	NC	35.72	-79.81
Asheville	NC	35.57	-82.55
Ashley Heights	NC	35.09	-79.37
Askewville	NC	36.11	-76.94
Atkinson	NC	34.53	-78.17
Atlantic	NC	34.88	-76.34
Atlantic Beach	NC	34.70	-76.74
Aulander	NC	36.23	-77.11
Aurora	NC	35.30	-76.79
Autryville	NC	35.00	-78.64
Avery Creek	NC	35.47	-82.57
Avon	NC	35.34	-75.51
Ayden	NC	35.47	-77.42
Badin	NC	35.41	-80.12
Bailey	NC	35.78	-78.11
Bakersville	NC	36.02	-82.16
Bald Head Island	NC	33.87	-77.98
Balfour	NC	35.35	-82.49
Banner Elk	NC	36.16	-81.87
Barbecue	NC	35.33	-79.04
Barker Heights	NC	35.31	-82.44
Barker Ten Mile	NC	34.68	-78.99
Barnardsville	NC	35.78	-82.46
Bath	NC	35.47	-76.81
Bayboro	NC	35.15	-76.77
Bayshore	NC	34.29	-77.80
Bayview	NC	35.44	-76.79
Bear Grass	NC	35.77	-77.13
Beaufort	NC	34.72	-76.65
Beech Mountain	NC	36.21	-81.89
Belhaven	NC	35.54	-76.62
Bell Arthur	NC	35.59	-77.51
Belmont	NC	35.22	-81.04
Belville	NC	34.22	-78.00
Belvoir	NC	35.71	-77.47
Belwood	NC	35.48	-81.53
Bennett	NC	35.58	-79.53
Benson	NC	35.39	-78.54
Bent Creek	NC	35.51	-82.62
Bermuda Run	NC	36.00	-80.43
Bessemer City	NC	35.28	-81.28
Bethania	NC	36.18	-80.33
Bethel	NC	35.81	-77.38
Bethlehem	NC	35.82	-81.30
Beulaville	NC	34.92	-77.77
Biltmore Forest	NC	35.53	-82.54
Biscoe	NC	35.36	-79.78
Black Creek	NC	35.64	-77.93
Black Mountain	NC	35.61	-82.33
Bladenboro	NC	34.54	-78.79
Blowing Rock	NC	36.13	-81.67
Blue Clay Farms	NC	34.30	-77.89
Boardman	NC	34.43	-78.94
Bogue	NC	34.69	-77.03
Boiling Spring Lakes	NC	34.04	-78.07
Boiling Springs	NC	35.25	-81.66
Bolivia	NC	34.07	-78.15
Bolton	NC	34.32	-78.40
Bonnetsville	NC	35.01	-78.40
Boone	NC	36.21	-81.67
Boonville	NC	36.23	-80.71
Bostic	NC	35.36	-81.84
Bowdens	NC	35.06	-78.11
Bowmore	NC	34.94	-79.30
Brandywine Bay	NC	34.74	-76.83
Brevard	NC	35.25	-82.73
Briar Chapel	NC	35.82	-79.12
Brices Creek	NC	35.04	-77.08
Bridgeton	NC	35.13	-77.01
Broad Creek	NC	34.73	-76.92
Broadway	NC	35.46	-79.06
Brogden	NC	35.30	-78.03
Brookford	NC	35.70	-81.34
Brunswick	NC	34.28	-78.72
Bryson City	NC	35.43	-83.45
Buies Creek	NC	35.41	-78.74
Bunn	NC	35.96	-78.25
Bunnlevel	NC	35.31	-78.76
Burgaw	NC	34.55	-77.92
Burlington	NC	36.08	-79.47
Burnsville	NC	35.92	-82.30
Butner	NC	36.13	-78.74
Butters	NC	34.57	-78.85
Buxton	NC	35.25	-75.54
Cajah's Mountain	NC	35.85	-81.54
Calabash	NC	33.89	-78.56
Calypso	NC	35.15	-78.10
Camden	NC	36.33	-76.17
Cameron	NC	35.33	-79.25
Candor	NC	35.30	-79.73
Canton	NC	35.54	-82.85
Cape Carteret	NC	34.69	-77.06
Cape Colony	NC	36.02	-76.58
Caroleen	NC	35.28	-81.79
Carolina Beach	NC	34.04	-77.90
Carolina Meadows	NC	35.86	-79.02
Carolina Shores	NC	33.91	-78.57
Carrboro	NC	35.93	-79.09
Carthage	NC	35.32	-79.41
Cary	NC	35.78	-78.82
Casar	NC	35.51	-81.62
Cashiers	NC	35.11	-83.10
Castalia	NC	36.08	-78.06
Castle Hayne	NC	34.36	-77.91
Caswell Beach	NC	33.91	-78.05
Catawba	NC	35.71	-81.07
Cedar Point	NC	34.69	-77.08
Cedar Rock	NC	35.94	-81.46
Centerville	NC	36.19	-78.11
Cerro Gordo	NC	34.32	-78.93
Chadbourn	NC	34.33	-78.82
Chapel Hill	NC	35.93	-79.04
Charlotte	NC	35.21	-80.83
Cherokee	NC	35.49	-83.30
Cherry Branch	NC	34.93	-76.81
Cherryville	NC	35.38	-81.38
Chimney Rock Village	NC	35.45	-82.26
China Grove	NC	35.57	-80.57
Chinquapin	NC	34.83	-77.82
Chocowinity	NC	35.51	-77.10
Chowan Beach	NC	36.21	-76.71
Claremont	NC	35.71	-81.15
Clarkton	NC	34.49	-78.66
Clayton	NC	35.66	-78.45
Clemmons	NC	36.03	-80.39
Cleveland	NC	35.73	-80.68
Cliffside	NC	35.25	-81.77
Clinton	NC	35.00	-78.33
Clyde	NC	35.53	-82.91
Coats	NC	35.41	-78.67
Cofield	NC	36.36	-76.91
Coinjock	NC	36.35	-75.95
Colerain	NC	36.20	-76.77
Columbia	NC	35.92	-76.24
Columbus	NC	35.25	-82.21
Como	NC	36.50	-77.00
Concord	NC	35.39	-80.64
Conetoe	NC	35.82	-77.46
Connelly Springs	NC	35.75	-81.50
Conover	NC	35.72	-81.22
Conway	NC	36.44	-77.23
Cooleemee	NC	35.81	-80.56
Cordova	NC	34.91	-79.82
Cornelius	NC	35.47	-80.88
Cove City	NC	35.19	-77.32
Cove Creek	NC	36.29	-81.79
Cramerton	NC	35.23	-81.07
Creedmoor	NC	36.13	-78.68
Creswell	NC	35.87	-76.40
Cricket	NC	36.17	-81.19
Crossnore	NC	36.02	-81.93
Crouse	NC	35.42	-81.30
Cullowhee	NC	35.31	-83.18
Cypress Landing	NC	35.50	-77.05
Dallas	NC	35.32	-81.18
Dana	NC	35.32	-82.36
Danbury	NC	36.41	-80.21
Davidson	NC	35.48	-80.82
Davis	NC	34.79	-76.47
Deep Run	NC	35.14	-77.72
Deercroft	NC	34.96	-79.43
Delco	NC	34.32	-78.23
Dellview	NC	35.39	-81.41
Delway	NC	34.82	-78.22
Denton	NC	35.64	-80.11
Denver	NC	35.55	-81.04
Dillsboro	NC	35.37	-83.25
Dobbins Heights	NC	34.91	-79.69
Dobson	NC	36.39	-80.72
Dortches	NC	36.01	-77.86
Dover	NC	35.22	-77.43
Drexel	NC	35.76	-81.61
Dublin	NC	34.66	-78.72
Duck	NC	36.19	-75.75
Dudley	NC	35.27	-78.04
Dundarrach	NC	34.92	-79.16
Dunn	NC	35.31	-78.61
Durham	NC	35.98	-78.90
Earl	NC	35.20	-81.53
East Arcadia	NC	34.38	-78.32
East Bend	NC	36.22	-80.51
East Flat Rock	NC	35.28	-82.42
East Laurinburg	NC	34.77	-79.45
East Rockingham	NC	34.91	-79.76
East Spencer	NC	35.68	-80.42
Eastover	NC	35.10	-78.79
Eden	NC	36.50	-79.74
Edenton	NC	36.06	-76.60
Edneyville	NC	35.40	-82.33
Efland	NC	36.08	-79.17
Elizabeth City	NC	36.29	-76.24
Elizabethtown	NC	34.62	-78.61
Elk Park	NC	36.16	-81.98
Elkin	NC	36.26	-80.85
Ellenboro	NC	35.33	-81.76
Ellerbe	NC	35.07	-79.76
Elm City	NC	35.80	-77.86
Elon	NC	36.10	-79.51
Elrod	NC	34.61	-79.23
Elroy	NC	35.33	-77.92
Emerald Isle	NC	34.66	-77.03
Emma	NC	35.60	-82.60
Enfield	NC	36.18	-77.67
Engelhard	NC	35.51	-76.01
Enochville	NC	35.52	-80.67
Erwin	NC	35.32	-78.67
Etowah	NC	35.30	-82.59
Eureka	NC	35.54	-77.88
Everetts	NC	35.83	-77.17
Evergreen	NC	34.41	-78.91
Fair Bluff	NC	34.31	-79.03
Fairfield	NC	35.55	-76.23
Fairfield Harbour	NC	35.07	-76.96
Fairmont	NC	34.49	-79.11
Fairplains	NC	36.19	-81.15
Fairview	NC	35.16	-80.52
Faison	NC	35.12	-78.14
Faith	NC	35.59	-80.46
Falcon	NC	35.19	-78.65
Falkland	NC	35.70	-77.51
Fallston	NC	35.43	-81.50
Farmington	NC	36.01	-80.54
Farmville	NC	35.60	-77.59
Fayetteville	NC	35.08	-78.97
Fearrington Village	NC	35.80	-79.08
Five Points	NC	35.02	-79.35
Flat Rock	NC	35.27	-82.45
Fletcher	NC	35.43	-82.51
Fontana Dam	NC	35.43	-83.82
Forest City	NC	35.33	-81.87
Forest Hills	NC	35.30	-83.20
Forest Oaks	NC	35.99	-79.71
Foscoe	NC	36.15	-81.78
Fountain	NC	35.67	-77.63
Four Oaks	NC	35.45	-78.42
Foxfire	NC	35.18	-79.56
Franklin	NC	35.18	-83.38
Franklinton	NC	36.10	-78.46
Franklinville	NC	35.74	-79.69
Fremont	NC	35.54	-77.98
Frisco	NC	35.25	-75.60
Fruitland	NC	35.40	-82.42
Fuquay-Varina	NC	35.60	-78.78
Gamewell	NC	35.86	-81.60
Garland	NC	34.79	-78.39
Garner	NC	35.69	-78.61
Garysburg	NC	36.45	-77.56
Gaston	NC	36.50	-77.65
Gastonia	NC	35.25	-81.18
Gatesville	NC	36.41	-76.76
Germanton	NC	36.25	-80.24
Gerton	NC	35.48	-82.35
Gibson	NC	34.76	-79.61
Gibsonville	NC	36.10	-79.54
Glen Alpine	NC	35.73	-81.78
Glen Raven	NC	36.12	-79.47
Glenville	NC	35.17	-83.12
Glenwood	NC	35.62	-81.98
Gloucester	NC	34.73	-76.54
Godwin	NC	35.22	-78.68
Gold Hill	NC	35.52	-80.35
Goldsboro	NC	35.38	-77.97
Goldston	NC	35.59	-79.33
Gorman	NC	36.04	-78.81
Governors Club	NC	35.84	-79.05
Governors Village	NC	35.85	-79.03
Graham	NC	36.06	-79.39
Graingers	NC	35.32	-77.51
Grandfather Village	NC	36.09	-81.85
Grandy	NC	36.24	-75.88
Granite Falls	NC	35.80	-81.42
Granite Quarry	NC	35.61	-80.45
Grantsboro	NC	35.14	-76.84
Green Level	NC	36.12	-79.34
Greenevers	NC	34.83	-77.93
Greensboro	NC	36.09	-79.82
Greenville	NC	35.60	-77.38
Grifton	NC	35.38	-77.44
Grimesland	NC	35.57	-77.20
Grover	NC	35.17	-81.46
Gulf	NC	35.56	-79.28
Half Moon	NC	34.83	-77.46
Halifax	NC	36.33	-77.59
Hallsboro	NC	34.32	-78.59
Hamilton	NC	35.94	-77.21
Hamlet	NC	34.89	-79.71
Hampstead	NC	34.36	-77.75
Harkers Island	NC	34.70	-76.56
Harmony	NC	35.96	-80.77
Harrells	NC	34.73	-78.20
Harrellsville	NC	36.30	-76.79
Harrisburg	NC	35.31	-80.65
Hassell	NC	35.91	-77.28
Hatteras	NC	35.22	-75.69
Havelock	NC	34.91	-76.90
Haw River	NC	36.09	-79.36
Hayesville	NC	35.05	-83.82
Hays	NC	36.25	-81.11
Hemby Bridge	NC	35.11	-80.62
Henderson	NC	36.33	-78.41
Hendersonville	NC	35.32	-82.46
Henrietta	NC	35.26	-81.80
Hertford	NC	36.18	-76.47
Hickory	NC	35.74	-81.32
Hiddenite	NC	35.91	-81.08
High Point	NC	35.99	-79.99
High Shoals	NC	35.39	-81.20
Highlands	NC	35.05	-83.20
Hightsville	NC	34.27	-77.94
Hildebran	NC	35.72	-81.42
Hillsborough	NC	36.08	-79.10
Hobgood	NC	36.03	-77.39
Hobucken	NC	35.25	-76.57
Hoffman	NC	35.03	-79.55
Holden Beach	NC	33.91	-78.32
Hollister	NC	36.26	-77.94
Holly Ridge	NC	34.49	-77.56
Holly Springs	NC	35.65	-78.84
Hookerton	NC	35.42	-77.59
Hoopers Creek	NC	35.44	-82.44
Hope Mills	NC	34.97	-78.96
Horse Shoe	NC	35.33	-82.56
Hot Springs	NC	35.89	-82.83
Hudson	NC	35.85	-81.49
Huntersville	NC	35.41	-80.87
Icard	NC	35.73	-81.46
Indian Beach	NC	34.69	-76.90
Indian Trail	NC	35.07	-80.65
Ingold	NC	34.83	-78.35
Iron Station	NC	35.45	-81.15
Ivanhoe	NC	34.58	-78.25
JAARS	NC	34.86	-80.75
Jackson	NC	36.39	-77.42
Jackson Heights	NC	35.22	-77.63
Jackson Springs	NC	35.21	-79.63
Jacksonville	NC	34.73	-77.39
James City	NC	35.05	-77.00
Jamestown	NC	36.00	-79.93
Jamesville	NC	35.81	-76.90
Jefferson	NC	36.42	-81.47
Jonesville	NC	36.24	-80.83
Kannapolis	NC	35.48	-80.65
Keener	NC	35.12	-78.30
Kelford	NC	36.18	-77.22
Kelly	NC	34.46	-78.31
Kenansville	NC	34.96	-77.97
Kenly	NC	35.60	-78.13
Kernersville	NC	36.11	-80.08
Kill Devil Hills	NC	36.02	-75.67
King	NC	36.27	-80.36
Kings Grant	NC	34.27	-77.86
Kings Mountain	NC	35.24	-81.35
Kingstown	NC	35.36	-81.62
Kinston	NC	35.28	-77.59
Kittrell	NC	36.22	-78.44
Kitty Hawk	NC	36.07	-75.72
Knightdale	NC	35.79	-78.50
Kure Beach	NC	34.00	-77.91
La Grange	NC	35.31	-77.79
Lake Junaluska	NC	35.53	-82.97
Lake Lure	NC	35.45	-82.20
Lake Norman of Catawba	NC	35.60	-80.99
Lake Norman of Iredell	NC	35.54	-80.93
Lake Park	NC	35.08	-80.63
Lake Royale	NC	35.96	-78.19
Lake Santeetlah	NC	35.36	-83.87
Lake Waccamaw	NC	34.32	-78.51
Landis	NC	35.55	-80.61
Lansing	NC	36.50	-81.51
Lasker	NC	36.35	-77.31
Lattimore	NC	35.32	-81.66
Laurel Hill	NC	34.81	-79.55
Laurel Park	NC	35.31	-82.50
Laurinburg	NC	34.76	-79.48
Lawndale	NC	35.41	-81.56
Leggett	NC	35.99	-77.58
Leland	NC	34.22	-78.04
Lenoir	NC	35.91	-81.52
Lewiston Woodville	NC	36.11	-77.18
Lewisville	NC	36.11	-80.42
Lexington	NC	35.80	-80.27
Liberty	NC	35.86	-79.57
Light Oak	NC	35.29	-81.48
Lilesville	NC	34.97	-79.98
Lillington	NC	35.41	-78.81
Lincolnton	NC	35.48	-81.24
Linden	NC	35.25	-78.75
Linville	NC	36.07	-81.87
Littleton	NC	36.43	-77.91
Locust	NC	35.27	-80.44
Long Creek	NC	34.43	-78.02
Long View	NC	35.72	-81.39
Louisburg	NC	36.10	-78.30
Love Valley	NC	35.99	-80.97
Lowell	NC	35.28	-81.10
Lowesville	NC	35.42	-81.01
Lowgap	NC	36.52	-80.87
Lucama	NC	35.64	-78.01
Lumber Bridge	NC	34.89	-79.07
Lumberton	NC	34.63	-79.02
Macclesfield	NC	35.75	-77.67
Macon	NC	36.44	-78.08
Madison	NC	36.39	-79.98
Maggie Valley	NC	35.52	-83.06
Magnolia	NC	34.90	-78.05
Maiden	NC	35.59	-81.23
Mamers	NC	35.41	-78.94
Manns Harbor	NC	35.90	-75.78
Manteo	NC	35.90	-75.65
Mar-Mac	NC	35.33	-78.06
Marble	NC	35.18	-83.93
Marietta	NC	34.37	-79.12
Marion	NC	35.68	-82.00
Mars Hill	NC	35.83	-82.55
Marshall	NC	35.80	-82.68
Marshallberg	NC	34.73	-76.51
Marshville	NC	34.99	-80.37
Marvin	NC	35.00	-80.82
Matthews	NC	35.12	-80.71
Maury	NC	35.48	-77.59
Maxton	NC	34.74	-79.35
Mayodan	NC	36.42	-79.97
Maysville	NC	34.91	-77.23
McAdenville	NC	35.27	-81.08
McDonald	NC	34.55	-79.18
McFarlan	NC	34.81	-79.98
McLeansville	NC	36.10	-79.65
Mebane	NC	36.08	-79.28
Mesic	NC	35.20	-76.65
Micro	NC	35.56	-78.20
Middleburg	NC	36.40	-78.32
Middlesex	NC	35.79	-78.20
Midland	NC	35.25	-80.53
Midway	NC	35.98	-80.22
Millers Creek	NC	36.19	-81.24
Millingport	NC	35.38	-80.31
Mills River	NC	35.38	-82.59
Milton	NC	36.54	-79.21
Milwaukee	NC	36.40	-77.23
Mineral Springs	NC	34.94	-80.69
Minnesott Beach	NC	34.99	-76.82
Mint Hill	NC	35.18	-80.66
Misenheimer	NC	35.48	-80.29
Mocksville	NC	35.90	-80.56
Momeyer	NC	35.96	-78.05
Moncure	NC	35.63	-79.07
Monroe	NC	35.00	-80.56
Montreat	NC	35.65	-82.30
Mooresboro	NC	35.30	-81.70
Mooresville	NC	35.58	-80.83
Moravian Falls	NC	36.11	-81.19
Morehead City	NC	34.73	-76.74
Morganton	NC	35.74	-81.70
Morrisville	NC	35.84	-78.84
Morven	NC	34.86	-80.00
Mount Airy	NC	36.51	-80.61
Mount Gilead	NC	35.22	-80.01
Mount Holly	NC	35.31	-81.01
Mount Olive	NC	35.20	-78.07
Mount Pleasant	NC	35.39	-80.43
Mountain Home	NC	35.37	-82.50
Mountain View	NC	35.68	-81.37
Moyock	NC	36.50	-76.17
Mulberry	NC	36.23	-81.17
Murfreesboro	NC	36.44	-77.10
Murphy	NC	35.09	-84.02
Murraysville	NC	34.29	-77.84
Myrtle Grove	NC	34.13	-77.89
Nags Head	NC	35.95	-75.63
Nashville	NC	35.97	-77.96
Navassa	NC	34.28	-78.04
Nebo	NC	35.72	-81.91
Neuse Forest	NC	34.97	-76.94
New Bern	NC	35.10	-77.07
New Hope	NC	35.38	-77.89
New London	NC	35.43	-80.22
Newland	NC	36.09	-81.93
Newport	NC	34.77	-76.88
Newton	NC	35.66	-81.23
Newton Grove	NC	35.25	-78.35
Norlina	NC	36.44	-78.20
Norman	NC	35.17	-79.72
North Topsail Beach	NC	34.49	-77.44
North Wilkesboro	NC	36.17	-81.14
Northchase	NC	34.31	-77.88
Northlakes	NC	35.78	-81.37
Northwest	NC	34.32	-78.14
Norwood	NC	35.23	-80.11
Oak City	NC	35.96	-77.31
Oak Island	NC	33.91	-78.12
Oak Ridge	NC	36.17	-79.99
Oakboro	NC	35.23	-80.33
Ocean Isle Beach	NC	33.89	-78.46
Ocracoke	NC	35.07	-76.00
Ogden	NC	34.26	-77.79
Old Fort	NC	35.63	-82.18
Old Hundred	NC	34.82	-79.59
Oriental	NC	35.03	-76.68
Orrum	NC	34.47	-79.01
Ossipee	NC	36.17	-79.52
Oxford	NC	36.32	-78.59
Pantego	NC	35.59	-76.66
Parkton	NC	34.90	-79.01
Parmele	NC	35.82	-77.31
Patterson Springs	NC	35.23	-81.52
Peachland	NC	34.99	-80.27
Peletier	NC	34.73	-77.07
Pembroke	NC	34.68	-79.19
Pikeville	NC	35.50	-77.99
Pilot Mountain	NC	36.38	-80.47
Pine Knoll Shores	NC	34.70	-76.83
Pine Level	NC	35.50	-78.25
Pinebluff	NC	35.11	-79.47
Pinehurst	NC	35.19	-79.47
Pinetops	NC	35.79	-77.64
Pinetown	NC	35.61	-76.86
Pineville	NC	35.09	-80.89
Piney Green	NC	34.77	-77.30
Pink Hill	NC	35.06	-77.74
Pinnacle	NC	36.32	-80.42
Pittsboro	NC	35.73	-79.17
Plain View	NC	35.24	-78.56
Pleasant Garden	NC	35.95	-79.75
Pleasant Hill	NC	36.25	-80.89
Plymouth	NC	35.86	-76.75
Polkton	NC	35.00	-80.20
Polkville	NC	35.42	-81.64
Pollocksville	NC	35.01	-77.22
Porters Neck	NC	34.29	-77.77
Potters Hill	NC	34.96	-77.70
Powellsville	NC	36.23	-76.93
Princeton	NC	35.47	-78.16
Princeville	NC	35.89	-77.53
Proctorville	NC	34.48	-79.04
Prospect	NC	34.74	-79.23
Pumpkin Center	NC	34.79	-77.36
Raeford	NC	34.98	-79.23
Raemon	NC	34.62	-79.35
Raleigh	NC	35.83	-78.64
Ramseur	NC	35.74	-79.65
Randleman	NC	35.82	-79.81
Ranlo	NC	35.29	-81.13
Raynham	NC	34.58	-79.19
Red Cross	NC	35.27	-80.36
Red Oak	NC	36.06	-77.90
Red Springs	NC	34.81	-79.18
Reidsville	NC	36.34	-79.67
Rennert	NC	34.81	-79.08
Rex	NC	34.85	-79.05
Rhodhiss	NC	35.77	-81.43
Rich Square	NC	36.27	-77.28
Richfield	NC	35.47	-80.26
Richlands	NC	34.90	-77.54
Riegelwood	NC	34.34	-78.22
River Bend	NC	35.07	-77.15
River Road	NC	35.51	-76.99
Roanoke Rapids	NC	36.45	-77.65
Robbins	NC	35.43	-79.58
Robbinsville	NC	35.32	-83.81
Roberdel	NC	34.98	-79.75
Robersonville	NC	35.82	-77.25
Rockfish	NC	34.99	-79.07
Rockingham	NC	34.94	-79.76
Rockwell	NC	35.55	-80.41
Rocky Mount	NC	35.97	-77.80
Rocky Point	NC	34.44	-77.89
Rodanthe	NC	35.59	-75.47
Rolesville	NC	35.92	-78.46
Ronda	NC	36.22	-80.94
Roper	NC	35.88	-76.62
Rose Hill	NC	34.83	-78.03
Roseboro	NC	34.96	-78.51
Rosman	NC	35.15	-82.82
Rougemont	NC	36.21	-78.91
Rowland	NC	34.54	-79.29
Roxboro	NC	36.39	-78.98
Roxobel	NC	36.20	-77.24
Royal Pines	NC	35.48	-82.50
Ruffin	NC	36.44	-79.53
Rural Hall	NC	36.22	-80.30
Ruth	NC	35.38	-81.94
Rutherford College	NC	35.75	-81.53
Rutherfordton	NC	35.36	-81.96
Salem	NC	35.70	-81.70
Salemburg	NC	35.02	-78.50
Salisbury	NC	35.67	-80.49
Saluda	NC	35.24	-82.35
Salvo	NC	35.55	-75.47
Sandy Creek	NC	34.28	-78.16
Sandyfield	NC	34.37	-78.30
Sanford	NC	35.50	-79.17
Saratoga	NC	35.65	-77.78
Sawmills	NC	35.82	-81.48
Saxapahaw	NC	35.96	-79.32
Scotch Meadows	NC	34.69	-79.52
Scotland Neck	NC	36.13	-77.42
Sea Breeze	NC	34.07	-77.89
Seaboard	NC	36.49	-77.44
Seagrove	NC	35.54	-79.78
Sedalia	NC	36.08	-79.62
Selma	NC	35.54	-78.29
Seven Devils	NC	36.15	-81.81
Seven Lakes	NC	35.26	-79.59
Seven Springs	NC	35.22	-77.85
Severn	NC	36.51	-77.19
Shallotte	NC	33.98	-78.38
Shannon	NC	34.85	-79.14
Sharpsburg	NC	35.87	-77.83
Shelby	NC	35.29	-81.55
Siler City	NC	35.73	-79.46
Silver City	NC	35.00	-79.23
Silver Lake	NC	34.14	-77.91
Simpson	NC	35.58	-77.28
Sims	NC	35.76	-78.06
Skippers Corner	NC	34.33	-77.91
Smithfield	NC	35.52	-78.35
Smithtown	NC	36.23	-80.57
Sneads Ferry	NC	34.56	-77.38
Snow Hill	NC	35.45	-77.68
South Henderson	NC	36.30	-78.41
South Mills	NC	36.44	-76.33
South Rosemary	NC	36.45	-77.71
South Weldon	NC	36.41	-77.60
Southern Pines	NC	35.19	-79.40
Southern Shores	NC	36.12	-75.73
Southmont	NC	35.65	-80.28
Southport	NC	33.93	-78.01
Sparta	NC	36.50	-81.12
Speed	NC	35.97	-77.44
Spencer	NC	35.70	-80.43
Spencer Mountain	NC	35.31	-81.11
Spindale	NC	35.36	-81.92
Spivey's Corner	NC	35.20	-78.48
Spout Springs	NC	35.27	-79.05
Spring Hope	NC	35.94	-78.11
Spring Lake	NC	35.18	-78.99
Springdale	NC	35.29	-81.15
Spruce Pine	NC	35.91	-82.07
St. Helena	NC	34.52	-77.92
St. James	NC	33.94	-78.10
St. Pauls	NC	34.81	-78.98
St. Stephens	NC	35.76	-81.27
Staley	NC	35.80	-79.55
Stallings	NC	35.11	-80.66
Stanfield	NC	35.23	-80.43
Stanley	NC	35.35	-81.09
Stantonsburg	NC	35.61	-77.82
Star	NC	35.40	-79.78
Statesville	NC	35.79	-80.87
Stedman	NC	35.01	-78.70
Stem	NC	36.20	-78.72
Stokes	NC	35.71	-77.27
Stokesdale	NC	36.23	-79.98
Stoneville	NC	36.47	-79.91
Stonewall	NC	35.14	-76.74
Stony Point	NC	35.87	-81.04
Stovall	NC	36.44	-78.57
Sugar Mountain	NC	36.13	-81.86
Summerfield	NC	36.20	-79.90
Sunbury	NC	36.45	-76.61
Sunset Beach	NC	33.89	-78.50
Surf City	NC	34.44	-77.53
Swan Quarter	NC	35.41	-76.32
Swannanoa	NC	35.60	-82.39
Swansboro	NC	34.69	-77.13
Swepsonville	NC	36.03	-79.36
Sylva	NC	35.38	-83.22
Tabor City	NC	34.15	-78.87
Tar Heel	NC	34.73	-78.79
Tarboro	NC	35.91	-77.56
Taylorsville	NC	35.92	-81.18
Taylortown	NC	35.21	-79.49
Teachey	NC	34.77	-78.01
Thomasville	NC	35.88	-80.08
Toast	NC	36.50	-80.64
Tobaccoville	NC	36.23	-80.36
Topsail Beach	NC	34.37	-77.65
Trent Woods	NC	35.08	-77.09
Trenton	NC	35.06	-77.35
Trinity	NC	35.88	-80.01
Troutman	NC	35.70	-80.89
Troy	NC	35.36	-79.89
Tryon	NC	35.21	-82.24
Turkey	NC	35.00	-78.18
Tyro	NC	35.80	-80.38
Unionville	NC	35.08	-80.52
Valdese	NC	35.76	-81.57
Valle Crucis	NC	36.22	-81.80
Valley Hill	NC	35.29	-82.49
Vanceboro	NC	35.30	-77.16
Vandemere	NC	35.19	-76.66
Vander	NC	35.04	-78.79
Vann Crossroads	NC	35.17	-78.40
Varnamtown	NC	33.95	-78.23
Vass	NC	35.25	-79.28
Waco	NC	35.36	-81.43
Wade	NC	35.16	-78.74
Wadesboro	NC	34.96	-80.07
Wagram	NC	34.89	-79.37
Wake Forest	NC	35.96	-78.51
Wakulla	NC	34.80	-79.26
Walkertown	NC	36.15	-80.17
Wallace	NC	34.74	-77.99
Wallburg	NC	36.01	-80.17
Walnut Cove	NC	36.29	-80.14
Walnut Creek	NC	35.31	-77.87
Walstonburg	NC	35.60	-77.70
Wanchese	NC	35.84	-75.64
Warrenton	NC	36.40	-78.16
Warsaw	NC	35.00	-78.09
Washington	NC	35.56	-77.05
Washington Park	NC	35.53	-77.03
Watha	NC	34.65	-77.96
Waves	NC	35.57	-75.47
Waxhaw	NC	34.94	-80.74
Waynesville	NC	35.49	-83.00
Weaverville	NC	35.70	-82.56
Webster	NC	35.35	-83.22
Weddington	NC	35.02	-80.74
Welcome	NC	35.91	-80.25
Weldon	NC	36.42	-77.61
Wendell	NC	35.77	-78.36
Wentworth	NC	36.40	-79.76
Wesley Chapel	NC	35.01	-80.69
West Canton	NC	35.54	-82.87
West Jefferson	NC	36.38	-81.49
West Marion	NC	35.65	-82.02
Westport	NC	35.50	-80.98
Whispering Pines	NC	35.25	-79.37
Whitakers	NC	36.11	-77.71
White Lake	NC	34.65	-78.49
White Oak	NC	34.74	-78.72
White Plains	NC	36.44	-80.65
Whiteville	NC	34.33	-78.70
Whitsett	NC	36.08	-79.57
Whittier	NC	35.43	-83.35
Wilkesboro	NC	36.14	-81.18
Williamston	NC	35.85	-77.07
Wilmington	NC	34.21	-77.89
Wilson	NC	35.73	-77.93
Wilson's Mills	NC	35.59	-78.36
Windsor	NC	35.99	-76.94
Winfall	NC	36.21	-76.46
Wingate	NC	34.99	-80.45
Winston-Salem	NC	36.10	-80.26
Winterville	NC	35.53	-77.40
Winton	NC	36.39	-76.93
Woodfin	NC	35.65	-82.59
Woodland	NC	36.33	-77.21
Woodlawn	NC	36.12	-79.30
Wrightsboro	NC	34.29	-77.93
Wrightsville Beach	NC	34.21	-77.80
Yadkin College	NC	35.87	-80.39
Yadkinville	NC	36.13	-80.66
Yanceyville	NC	36.41	-79.33
Youngsville	NC	36.02	-78.49
Zebulon	NC	35.83	-78.31
Abercrombie	ND	46.45	-96.73
Adams	ND	48.42	-98.07
Alamo	ND	48.58	-103.47
Alexander	ND	47.84	-103.64
Alice	ND	46.76	-97.56
Almont	ND	46.73	-101.50
Alsen	ND	48.63	-98.70
Ambrose	ND	48.96	-103.48
Amenia	ND	47.01	-97.22
Amidon	ND	46.48	-103.32
Anamoose	ND	47.88	-100.24
Aneta	ND	47.68	-97.99
Antler	ND	48.97	-101.28
Apple Valley	ND	46.82	-100.60
Ardoch	ND	48.21	-97.34
Argusville	ND	47.05	-96.94
Arnegard	ND	47.81	-103.44
Arthur	ND	47.10	-97.22
Ashley	ND	46.03	-99.37
Auburn	ND	48.51	-97.44
Ayr	ND	47.04	-97.49
Balfour	ND	47.95	-100.53
Balta	ND	48.17	-100.04
Bantry	ND	48.49	-100.61
Barney	ND	46.27	-97.00
Barton	ND	48.51	-100.17
Bathgate	ND	48.88	-97.47
Beach	ND	46.92	-104.01
Belcourt	ND	48.84	-99.74
Belfield	ND	46.89	-103.20
Benedict	ND	47.83	-101.08
Bergen	ND	48.00	-100.72
Berlin	ND	46.38	-98.49
Berthold	ND	48.31	-101.76
Beulah	ND	47.27	-101.77
Binford	ND	47.56	-98.35
Bisbee	ND	48.63	-99.38
Bismarck	ND	46.81	-100.77
Blacktail	ND	48.43	-103.74
Blanchard	ND	47.34	-97.22
Bottineau	ND	48.82	-100.44
Bowbells	ND	48.80	-102.25
Bowdon	ND	47.47	-99.71
Bowman	ND	46.18	-103.40
Braddock	ND	46.56	-100.09
Briarwood	ND	46.79	-96.79
Brinsmade	ND	48.18	-99.32
Brocket	ND	48.21	-98.36
Brooktree Park	ND	47.00	-96.90
Buchanan	ND	47.06	-98.83
Bucyrus	ND	46.06	-102.79
Buffalo	ND	46.92	-97.55
Burlington	ND	48.26	-101.41
Butte	ND	47.84	-100.67
Buxton	ND	47.60	-97.10
Caledonia	ND	47.46	-96.89
Calio	ND	48.62	-98.94
Calvin	ND	48.85	-98.94
Cando	ND	48.49	-99.20
Cannon Ball	ND	46.32	-100.63
Canton City (Hensel)	ND	48.69	-97.67
Carpio	ND	48.44	-101.72
Carrington	ND	47.45	-99.13
Carson	ND	46.42	-101.57
Casselton	ND	46.90	-97.21
Cathay	ND	47.55	-99.41
Cavalier	ND	48.79	-97.62
Cayuga	ND	46.08	-97.38
Center	ND	47.11	-101.30
Christine	ND	46.58	-96.81
Churchs Ferry	ND	48.27	-99.19
Cleveland	ND	46.89	-99.12
Clifford	ND	47.35	-97.41
Cogswell	ND	46.11	-97.78
Coleharbor	ND	47.54	-101.22
Colfax	ND	46.47	-96.87
Columbus	ND	48.90	-102.78
Conway	ND	48.23	-97.68
Cooperstown	ND	47.44	-98.13
Courtenay	ND	47.22	-98.57
Crary	ND	48.07	-98.63
Crosby	ND	48.92	-103.30
Crystal	ND	48.60	-97.67
Dahlen	ND	48.16	-97.93
Davenport	ND	46.71	-97.07
Dawson	ND	46.87	-99.75
Dazey	ND	47.19	-98.20
De Lamere	ND	46.27	-97.33
Deering	ND	48.40	-101.05
Denhoff	ND	47.48	-100.26
Des Lacs	ND	48.26	-101.56
Devils Lake	ND	48.11	-98.87
Dickey	ND	46.54	-98.47
Dickinson	ND	46.89	-102.80
Dodge	ND	47.31	-102.20
Donnybrook	ND	48.51	-101.89
Douglas	ND	47.86	-101.50
Drake	ND	47.92	-100.37
Drayton	ND	48.56	-97.18
Driscoll	ND	46.84	-100.14
Dunn Center	ND	47.35	-102.62
Dunseith	ND	48.81	-100.06
Dwight	ND	46.30	-96.74
East Dunseith	ND	48.86	-100.02
East Fairview	ND	47.85	-104.04
Edgeley	ND	46.36	-98.71
Edinburg	ND	48.50	-97.86
Edmore	ND	48.41	-98.45
Egeland	ND	48.63	-99.10
Elgin	ND	46.40	-101.85
Ellendale	ND	46.00	-98.53
Elliott	ND	46.40	-97.81
Embden	ND	46.81	-97.44
Emerado	ND	47.93	-97.36
Enderlin	ND	46.62	-97.60
Englevale	ND	46.39	-97.90
Epping	ND	48.28	-103.36
Erie	ND	47.12	-97.39
Esmond	ND	48.03	-99.76
Fairdale	ND	48.49	-98.23
Fairmount	ND	46.05	-96.60
Fargo	ND	46.86	-96.83
Fessenden	ND	47.65	-99.63
Fingal	ND	46.76	-97.79
Finley	ND	47.51	-97.84
Flasher	ND	46.45	-101.23
Flaxton	ND	48.90	-102.39
Forbes	ND	45.94	-98.78
Fordville	ND	48.22	-97.80
Forest River	ND	48.22	-97.47
Forman	ND	46.10	-97.64
Fort Ransom	ND	46.52	-97.93
Fort Totten	ND	47.97	-99.02
Fort Yates	ND	46.09	-100.63
Fortuna	ND	48.91	-103.78
Four Bears Village	ND	47.99	-102.59
Foxholm	ND	48.37	-101.57
Fredonia	ND	46.33	-99.10
Frontier	ND	46.80	-96.83
Fullerton	ND	46.16	-98.43
Gackle	ND	46.63	-99.14
Galesburg	ND	47.27	-97.41
Gardena	ND	48.70	-100.50
Gardner	ND	47.14	-96.97
Garrison	ND	47.65	-101.42
Gascoyne	ND	46.12	-103.08
Gilby	ND	48.08	-97.47
Gladstone	ND	46.86	-102.58
Glen Ullin	ND	46.81	-101.83
Glenburn	ND	48.51	-101.22
Glenfield	ND	47.46	-98.57
Golden Valley	ND	47.29	-102.07
Golva	ND	46.73	-103.98
Goodrich	ND	47.48	-100.12
Grace City	ND	47.55	-98.80
Grafton	ND	48.41	-97.41
Grand Forks	ND	47.92	-97.09
Grand Forks AFB	ND	47.96	-97.39
Grandin	ND	47.24	-97.00
Grano	ND	48.62	-101.59
Granville	ND	48.27	-100.84
Great Bend	ND	46.15	-96.80
Green Acres	ND	48.84	-99.69
Grenora	ND	48.62	-103.94
Gwinner	ND	46.23	-97.66
Hague	ND	46.03	-100.00
Halliday	ND	47.35	-102.34
Hamberg	ND	47.76	-99.52
Hamilton	ND	48.81	-97.45
Hampden	ND	48.54	-98.65
Hankinson	ND	46.07	-96.89
Hannaford	ND	47.31	-98.19
Hannah	ND	48.97	-98.69
Hansboro	ND	48.95	-99.38
Harmon	ND	46.95	-100.96
Harvey	ND	47.78	-99.93
Harwood	ND	46.98	-96.88
Hatton	ND	47.64	-97.46
Havana	ND	45.95	-97.62
Haynes	ND	45.97	-102.47
Hazelton	ND	46.49	-100.28
Hazen	ND	47.30	-101.62
Hebron	ND	46.90	-102.04
Heil	ND	46.39	-101.70
Heimdal	ND	47.79	-99.65
Hettinger	ND	46.00	-102.63
Hillsboro	ND	47.40	-97.06
Hoople	ND	48.54	-97.64
Hope	ND	47.32	-97.72
Horace	ND	46.76	-96.91
Hunter	ND	47.19	-97.21
Hurdsfield	ND	47.45	-99.93
Inkster	ND	48.15	-97.64
Jamestown	ND	46.91	-98.69
Jessie	ND	47.54	-98.23
Jud	ND	46.53	-98.90
Karlsruhe	ND	48.09	-100.62
Kathryn	ND	46.68	-97.97
Kenmare	ND	48.67	-102.07
Kensal	ND	47.30	-98.73
Kief	ND	47.86	-100.51
Killdeer	ND	47.37	-102.75
Kindred	ND	46.65	-97.02
Knox	ND	48.34	-99.69
Kramer	ND	48.69	-100.71
Kulm	ND	46.30	-98.95
LaMoure	ND	46.36	-98.30
Lakota	ND	48.04	-98.35
Landa	ND	48.90	-100.91
Langdon	ND	48.76	-98.38
Lankin	ND	48.31	-97.92
Lansford	ND	48.63	-101.38
Larimore	ND	47.91	-97.63
Larson	ND	48.89	-102.86
Lawton	ND	48.30	-98.37
Leal	ND	47.10	-98.32
Leeds	ND	48.29	-99.43
Lehr	ND	46.28	-99.35
Leith	ND	46.36	-101.64
Leonard	ND	46.65	-97.25
Lidgerwood	ND	46.07	-97.15
Lignite	ND	48.88	-102.56
Lincoln	ND	46.77	-100.70
Linton	ND	46.27	-100.23
Lisbon	ND	46.44	-97.68
Litchville	ND	46.66	-98.19
Logan	ND	48.16	-101.18
Loma	ND	48.64	-98.53
Long Creek	ND	48.10	-103.25
Loraine	ND	48.87	-101.57
Ludden	ND	46.01	-98.12
Luverne	ND	47.25	-97.93
Maddock	ND	47.96	-99.53
Makoti	ND	47.96	-101.80
Mandan	ND	46.83	-100.89
Mandaree	ND	47.75	-102.70
Manning	ND	47.23	-102.77
Mantador	ND	46.17	-96.98
Manvel	ND	48.07	-97.18
Mapleton	ND	46.89	-97.05
Marion	ND	46.61	-98.34
Marmarth	ND	46.30	-103.93
Martin	ND	47.83	-100.12
Max	ND	47.82	-101.29
Maxbass	ND	48.72	-101.14
Mayville	ND	47.50	-97.33
McClusky	ND	47.48	-100.44
McGregor	ND	48.60	-102.93
McHenry	ND	47.58	-98.59
McLeod	ND	46.39	-97.30
McVille	ND	47.77	-98.18
Medina	ND	46.89	-99.30
Medora	ND	46.91	-103.53
Menoken	ND	46.81	-100.53
Mercer	ND	47.49	-100.71
Michigan City	ND	48.02	-98.12
Milnor	ND	46.26	-97.46
Milton	ND	48.63	-98.05
Minnewaukan	ND	48.07	-99.25
Minot	ND	48.24	-101.28
Minot AFB	ND	48.42	-101.34
Minto	ND	48.29	-97.37
Mohall	ND	48.77	-101.52
Monango	ND	46.17	-98.60
Montpelier	ND	46.70	-98.59
Mooreton	ND	46.27	-96.88
Mott	ND	46.37	-102.32
Mountain	ND	48.68	-97.86
Munich	ND	48.67	-98.84
Mylo	ND	48.64	-99.62
Napoleon	ND	46.50	-99.77
Nash	ND	48.48	-97.52
Neche	ND	48.98	-97.55
Nekoma	ND	48.58	-98.38
New England	ND	46.54	-102.87
New Leipzig	ND	46.38	-101.95
New Rockford	ND	47.68	-99.14
New Salem	ND	46.84	-101.42
New Town	ND	47.99	-102.49
Newburg	ND	48.71	-100.91
Niagara	ND	48.00	-97.88
Nome	ND	46.68	-97.82
Noonan	ND	48.89	-103.01
North River	ND	46.95	-96.80
Northwood	ND	47.73	-97.57
Oakes	ND	46.14	-98.09
Oberon	ND	47.92	-99.21
Oriska	ND	46.93	-97.79
Orrin	ND	48.09	-100.17
Osnabrock	ND	48.67	-98.15
Overly	ND	48.68	-100.15
Oxbow	ND	46.66	-96.82
Page	ND	47.16	-97.57
Palermo	ND	48.34	-102.23
Park River	ND	48.39	-97.74
Parshall	ND	47.96	-102.13
Pekin	ND	47.79	-98.33
Pembina	ND	48.97	-97.25
Perth	ND	48.71	-99.46
Petersburg	ND	48.02	-98.00
Pettibone	ND	47.12	-99.52
Pick City	ND	47.51	-101.46
Pillsbury	ND	47.21	-97.80
Pingree	ND	47.16	-98.91
Pisek	ND	48.31	-97.71
Plaza	ND	48.03	-101.96
Porcupine	ND	46.22	-101.10
Portal	ND	48.99	-102.55
Portland	ND	47.50	-97.37
Powers Lake	ND	48.56	-102.65
Prairie Rose	ND	46.82	-96.84
Raleigh	ND	46.36	-101.31
Ray	ND	48.34	-103.17
Reeder	ND	46.11	-102.94
Regan	ND	47.16	-100.53
Regent	ND	46.42	-102.56
Reile's Acres	ND	46.93	-96.87
Reynolds	ND	47.67	-97.11
Rhame	ND	46.23	-103.65
Richardton	ND	46.88	-102.33
Riverdale	ND	47.50	-101.37
Robinson	ND	47.14	-99.78
Rocklake	ND	48.79	-99.25
Rogers	ND	47.07	-98.20
Rolette	ND	48.66	-99.84
Rolla	ND	48.84	-99.61
Ross	ND	48.31	-102.54
Rugby	ND	48.37	-99.99
Ruso	ND	47.84	-100.93
Ruthville	ND	48.37	-101.30
Rutland	ND	46.05	-97.51
Ryder	ND	47.92	-101.67
Sanborn	ND	46.94	-98.22
Sarles	ND	48.94	-99.00
Sawyer	ND	48.09	-101.05
Scranton	ND	46.15	-103.14
Selfridge	ND	46.04	-100.92
Selz	ND	47.86	-99.89
Sentinel Butte	ND	46.92	-103.84
Sharon	ND	47.60	-97.90
Sheldon	ND	46.59	-97.49
Shell Valley	ND	48.81	-99.83
Sherwood	ND	48.96	-101.63
Sheyenne	ND	47.83	-99.12
Sibley	ND	47.22	-97.97
Solen	ND	46.39	-100.80
Souris	ND	48.91	-100.68
South Heart	ND	46.87	-102.99
Spiritwood	ND	46.93	-98.49
Spiritwood Lake	ND	47.08	-98.59
Springbrook	ND	48.25	-103.46
St. John	ND	48.94	-99.71
St. Thomas	ND	48.62	-97.45
Stanley	ND	48.31	-102.40
Stanton	ND	47.32	-101.38
Starkweather	ND	48.45	-98.88
Steele	ND	46.86	-99.92
Strasburg	ND	46.13	-100.16
Streeter	ND	46.66	-99.36
Surrey	ND	48.24	-101.13
Sutton	ND	47.40	-98.44
Sykeston	ND	47.47	-99.40
Tappen	ND	46.87	-99.63
Taylor	ND	46.90	-102.42
Thompson	ND	47.77	-97.10
Tioga	ND	48.39	-102.94
Tolley	ND	48.73	-101.83
Tolna	ND	47.83	-98.44
Tower City	ND	46.93	-97.68
Towner	ND	48.35	-100.41
Trenton	ND	48.07	-103.84
Turtle Lake	ND	47.52	-100.89
Tuttle	ND	47.14	-99.99
Underwood	ND	47.46	-101.14
Upham	ND	48.58	-100.73
Valley City	ND	46.92	-98.00
Velva	ND	48.06	-100.93
Venturia	ND	46.00	-99.55
Verona	ND	46.36	-98.08
Voltaire	ND	48.02	-100.84
Wahpeton	ND	46.27	-96.61
Walcott	ND	46.55	-96.94
Wales	ND	48.89	-98.60
Walhalla	ND	48.92	-97.92
Warwick	ND	47.85	-98.71
Washburn	ND	47.29	-101.03
Watford City	ND	47.80	-103.27
West Fargo	ND	46.86	-96.90
Westhope	ND	48.91	-101.02
Wheatland	ND	46.90	-97.35
White Earth	ND	48.38	-102.77
White Shield	ND	47.66	-101.84
Wildrose	ND	48.63	-103.18
Williston	ND	48.19	-103.65
Willow City	ND	48.60	-100.29
Wilton	ND	47.16	-100.78
Wimbledon	ND	47.17	-98.46
Wing	ND	47.14	-100.28
Wishek	ND	46.26	-99.55
Wolford	ND	48.50	-99.70
Woodworth	ND	47.14	-99.30
Wyndmere	ND	46.26	-97.13
York	ND	48.31	-99.57
Ypsilanti	ND	46.78	-98.56
Zap	ND	47.29	-101.92
Zeeland	ND	45.97	-99.83
Abie	NE	41.33	-96.95
Adams	NE	40.46	-96.51
Agnew	NE	41.01	-96.81
Ainsworth	NE	42.55	-99.86
Albion	NE	41.69	-98.00
Alda	NE	40.87	-98.47
Alexandria	NE	40.25	-97.39
Allen	NE	42.41	-96.84
Alliance	NE	42.10	-102.88
Alma	NE	40.10	-99.37
Alvo	NE	40.87	-96.39
Ames	NE	41.45	-96.63
Amherst	NE	40.84	-99.27
Anoka	NE	42.95	-98.83
Anselmo	NE	41.62	-99.86
Ansley	NE	41.29	-99.38
Arapahoe	NE	40.31	-99.90
Arcadia	NE	41.42	-99.13
Archer	NE	41.17	-98.14
Arlington	NE	41.45	-96.36
Arnold	NE	41.42	-100.19
Arthur	NE	41.57	-101.69
Ashland	NE	41.04	-96.37
Ashton	NE	41.25	-98.80
Aten	NE	42.84	-97.44
Atkinson	NE	42.53	-98.97
Atlanta	NE	40.37	-99.47
Auburn	NE	40.39	-95.84
Aurora	NE	40.86	-98.01
Avoca	NE	40.80	-96.12
Axtell	NE	40.48	-99.13
Ayr	NE	40.44	-98.44
Bancroft	NE	42.01	-96.57
Barada	NE	40.22	-95.58
Barneston	NE	40.05	-96.57
Bartlett	NE	41.88	-98.55
Bartley	NE	40.25	-100.31
Bassett	NE	42.58	-99.54
Battle Creek	NE	42.00	-97.60
Bayard	NE	41.76	-103.32
Bazile Mills	NE	42.51	-97.91
Beacon View	NE	41.07	-96.33
Beatrice	NE	40.27	-96.75
Beaver City	NE	40.14	-99.83
Beaver Crossing	NE	40.78	-97.28
Beaver Lake	NE	40.92	-95.89
Bee	NE	41.01	-97.06
Beemer	NE	41.93	-96.81
Belden	NE	42.41	-97.21
Belgrade	NE	41.47	-98.07
Bellevue	NE	41.16	-95.90
Bellwood	NE	41.34	-97.24
Belmar	NE	41.31	-101.93
Belvidere	NE	40.25	-97.56
Benedict	NE	41.01	-97.61
Benkelman	NE	40.05	-101.54
Bennet	NE	40.68	-96.50
Bennington	NE	41.37	-96.16
Berea	NE	42.21	-102.98
Bertrand	NE	40.53	-99.63
Berwyn	NE	41.35	-99.50
Big Springs	NE	41.06	-102.07
Bladen	NE	40.32	-98.60
Blair	NE	41.54	-96.14
Bloomfield	NE	42.60	-97.65
Bloomington	NE	40.09	-99.04
Blue Hill	NE	40.33	-98.45
Blue Springs	NE	40.14	-96.66
Bow Valley	NE	42.72	-97.25
Boys Town	NE	41.26	-96.13
Bradshaw	NE	40.88	-97.75
Brady	NE	41.02	-100.37
Brainard	NE	41.18	-97.00
Brewster	NE	41.94	-99.86
Bridgeport	NE	41.66	-103.10
Bristow	NE	42.84	-98.58
Broadwater	NE	41.60	-102.85
Brock	NE	40.48	-95.96
Broken Bow	NE	41.41	-99.64
Brownlee	NE	42.29	-100.62
Brownville	NE	40.40	-95.66
Brule	NE	41.09	-101.89
Bruning	NE	40.34	-97.57
Bruno	NE	41.28	-96.96
Brunswick	NE	42.34	-97.97
Buccaneer Bay	NE	41.05	-95.97
Burchard	NE	40.15	-96.35
Burr	NE	40.54	-96.30
Burton	NE	42.91	-99.59
Burwell	NE	41.78	-99.13
Bushnell	NE	41.23	-103.89
Butte	NE	42.91	-98.85
Byron	NE	40.00	-97.77
Cairo	NE	41.00	-98.60
Callaway	NE	41.29	-99.92
Cambridge	NE	40.28	-100.17
Campbell	NE	40.30	-98.73
Carleton	NE	40.30	-97.68
Carroll	NE	42.28	-97.19
Cedar Bluffs	NE	41.40	-96.61
Cedar Creek	NE	41.04	-96.10
Cedar Rapids	NE	41.56	-98.15
Center	NE	42.61	-97.88
Central City	NE	41.11	-98.00
Ceresco	NE	41.06	-96.65
Chadron	NE	42.83	-103.00
Chalco	NE	41.18	-96.14
Chambers	NE	42.20	-98.75
Champion	NE	40.47	-101.74
Chapman	NE	41.02	-98.16
Chappell	NE	41.09	-102.47
Cheney	NE	40.73	-96.59
Chester	NE	40.01	-97.62
Clarks	NE	41.22	-97.84
Clarkson	NE	41.72	-97.12
Clatonia	NE	40.47	-96.85
Clay Center	NE	40.53	-98.05
Clearwater	NE	42.17	-98.19
Clinton	NE	42.76	-102.35
Cody	NE	42.94	-101.25
Coleridge	NE	42.51	-97.20
Colon	NE	41.30	-96.61
Columbus	NE	41.44	-97.36
Comstock	NE	41.56	-99.24
Concord	NE	42.38	-96.99
Cook	NE	40.51	-96.16
Cordova	NE	40.72	-97.35
Cornlea	NE	41.68	-97.57
Cortland	NE	40.51	-96.71
Cotesfield	NE	41.36	-98.63
Cowles	NE	40.17	-98.45
Cozad	NE	40.86	-99.99
Crab Orchard	NE	40.33	-96.42
Craig	NE	41.79	-96.36
Crawford	NE	42.68	-103.42
Creighton	NE	42.46	-97.91
Creston	NE	41.71	-97.36
Crete	NE	40.62	-96.95
Crofton	NE	42.73	-97.50
Crookston	NE	42.93	-100.75
Culbertson	NE	40.22	-100.84
Curtis	NE	40.63	-100.51
Cushing	NE	41.29	-98.37
Dakota City	NE	42.42	-96.42
Dalton	NE	41.41	-102.97
Danbury	NE	40.04	-100.41
Dannebrog	NE	41.12	-98.55
Davenport	NE	40.31	-97.81
Davey	NE	40.98	-96.67
David City	NE	41.25	-97.13
Dawson	NE	40.13	-95.83
Daykin	NE	40.32	-97.30
De Witt	NE	40.39	-96.92
Decatur	NE	42.01	-96.25
Denton	NE	40.74	-96.85
Deshler	NE	40.14	-97.72
Deweese	NE	40.35	-98.14
Diller	NE	40.11	-96.94
Dix	NE	41.23	-103.49
Dixon	NE	42.42	-96.99
Dodge	NE	41.72	-96.88
Doniphan	NE	40.77	-98.37
Dorchester	NE	40.65	-97.12
Douglas	NE	40.59	-96.39
Du Bois	NE	40.03	-96.05
Dunbar	NE	40.67	-96.03
Duncan	NE	41.39	-97.49
Dunning	NE	41.83	-100.10
Dwight	NE	41.08	-97.02
Eagle	NE	40.82	-96.43
Eddyville	NE	41.01	-99.62
Edgar	NE	40.37	-97.97
Edison	NE	40.28	-99.78
Elba	NE	41.29	-98.57
Elgin	NE	41.98	-98.08
Elk Creek	NE	40.29	-96.13
Elm Creek	NE	40.72	-99.38
Elmwood	NE	40.84	-96.30
Elsie	NE	40.85	-101.39
Elwood	NE	40.59	-99.86
Elyria	NE	41.68	-99.01
Emerald	NE	40.81	-96.84
Emerson	NE	42.28	-96.73
Emmet	NE	42.48	-98.81
Enders	NE	40.45	-101.54
Endicott	NE	40.08	-97.10
Ericson	NE	41.78	-98.68
Eustis	NE	40.66	-100.03
Ewing	NE	42.26	-98.34
Exeter	NE	40.64	-97.45
Fairbury	NE	40.14	-97.18
Fairfield	NE	40.43	-98.10
Fairmont	NE	40.63	-97.58
Falls City	NE	40.06	-95.60
Farnam	NE	40.71	-100.22
Farwell	NE	41.22	-98.63
Filley	NE	40.29	-96.53
Firth	NE	40.54	-96.60
Fontanelle	NE	41.54	-96.43
Fordyce	NE	42.70	-97.36
Fort Calhoun	NE	41.46	-96.03
Foster	NE	42.27	-97.67
Franklin	NE	40.10	-98.95
Fremont	NE	41.44	-96.49
Friend	NE	40.65	-97.28
Fullerton	NE	41.36	-97.97
Funk	NE	40.46	-99.25
Gandy	NE	41.47	-100.46
Garland	NE	40.94	-96.99
Garrison	NE	41.18	-97.16
Geneva	NE	40.53	-97.60
Genoa	NE	41.45	-97.73
Gering	NE	41.83	-103.66
Gibbon	NE	40.75	-98.85
Gilead	NE	40.15	-97.42
Giltner	NE	40.78	-98.15
Glenvil	NE	40.50	-98.25
Glenwood	NE	40.76	-99.08
Goehner	NE	40.83	-97.22
Gordon	NE	42.81	-102.20
Gothenburg	NE	40.92	-100.15
Grafton	NE	40.63	-97.71
Grand Island	NE	40.92	-98.36
Grant	NE	40.84	-101.73
Greeley Center	NE	41.55	-98.53
Greenwood	NE	40.96	-96.44
Gresham	NE	41.03	-97.40
Gretna	NE	41.13	-96.20
Gross	NE	42.95	-98.57
Guide Rock	NE	40.07	-98.33
Gurley	NE	41.32	-102.97
Hadar	NE	42.11	-97.45
Haigler	NE	40.01	-101.94
Hallam	NE	40.54	-96.79
Halsey	NE	41.90	-100.27
Hamlet	NE	40.38	-101.23
Hampton	NE	40.88	-97.89
Harbine	NE	40.19	-96.97
Hardy	NE	40.01	-97.92
Harrisburg	NE	41.55	-103.73
Harrison	NE	42.69	-103.88
Hartington	NE	42.62	-97.27
Harvard	NE	40.62	-98.10
Hastings	NE	40.60	-98.39
Hay Springs	NE	42.68	-102.69
Hayes Center	NE	40.51	-101.02
Hazard	NE	41.09	-99.08
Heartwell	NE	40.57	-98.79
Hebron	NE	40.17	-97.59
Hemingford	NE	42.32	-103.08
Henderson	NE	40.78	-97.81
Hendley	NE	40.13	-99.97
Henry	NE	42.00	-104.05
Herman	NE	41.67	-96.22
Hershey	NE	41.16	-101.00
Hickman	NE	40.62	-96.63
Hildreth	NE	40.34	-99.05
Holbrook	NE	40.30	-100.01
Holdrege	NE	40.44	-99.38
Holmesville	NE	40.20	-96.66
Holstein	NE	40.47	-98.65
Homer	NE	42.32	-96.49
Hooper	NE	41.61	-96.55
Hordville	NE	41.08	-97.89
Hoskins	NE	42.11	-97.30
Howard City (Boelus)	NE	41.08	-98.72
Howells	NE	41.72	-97.00
Hubbard	NE	42.39	-96.59
Hubbell	NE	40.01	-97.50
Humboldt	NE	40.17	-95.94
Humphrey	NE	41.69	-97.49
Huntley	NE	40.21	-99.29
Hyannis	NE	42.00	-101.76
Imperial	NE	40.51	-101.64
Inavale	NE	40.09	-98.65
Indianola	NE	40.23	-100.42
Inglewood	NE	41.42	-96.50
Inland	NE	40.60	-98.22
Inman	NE	42.38	-98.53
Ithaca	NE	41.16	-96.54
Jackson	NE	42.45	-96.57
Jansen	NE	40.18	-97.08
Johnson	NE	40.41	-96.00
Johnstown	NE	42.57	-100.06
Julian	NE	40.52	-95.87
Juniata	NE	40.59	-98.51
Kearney	NE	40.70	-99.08
Kenesaw	NE	40.62	-98.66
Kennard	NE	41.48	-96.20
Keystone	NE	41.22	-101.58
Kilgore	NE	42.94	-100.96
Kimball	NE	41.23	-103.65
King Lake	NE	41.31	-96.30
Kramer	NE	40.59	-96.87
La Platte	NE	41.07	-95.93
La Vista	NE	41.18	-96.07
Lake Waconda	NE	40.84	-95.86
Lakeview	NE	41.50	-97.37
Lamar	NE	40.57	-101.98
Laurel	NE	42.43	-97.10
Lawrence	NE	40.29	-98.26
Lebanon	NE	40.05	-100.28
Leigh	NE	41.70	-97.24
Lemoyne	NE	41.28	-101.81
Leshara	NE	41.33	-96.43
Lewellen	NE	41.33	-102.14
Lewiston	NE	40.24	-96.41
Lexington	NE	40.78	-99.75
Liberty	NE	40.09	-96.48
Lincoln	NE	40.81	-96.68
Lindsay	NE	41.70	-97.69
Lindy	NE	42.74	-97.75
Linoma Beach	NE	41.06	-96.31
Linwood	NE	41.41	-96.93
Lisco	NE	41.50	-102.62
Litchfield	NE	41.16	-99.15
Lodgepole	NE	41.15	-102.64
Long Pine	NE	42.54	-99.70
Loomis	NE	40.48	-99.51
Lorenzo	NE	41.06	-103.08
Loretto	NE	41.76	-98.08
Lorton	NE	40.60	-96.02
Louisville	NE	41.00	-96.16
Loup City	NE	41.28	-98.97
Lushton	NE	40.72	-97.72
Lyman	NE	41.92	-104.04
Lynch	NE	42.83	-98.47
Lyons	NE	41.94	-96.47
Macy	NE	42.12	-96.37
Madison	NE	41.83	-97.46
Madrid	NE	40.85	-101.53
Magnet	NE	42.46	-97.47
Malcolm	NE	40.91	-96.87
Malmo	NE	41.27	-96.72
Manley	NE	40.92	-96.17
Marquette	NE	41.01	-98.01
Martell	NE	40.64	-96.76
Martin	NE	41.26	-101.71
Martinsburg	NE	42.51	-96.83
Maskell	NE	42.69	-96.98
Mason City	NE	41.22	-99.30
Max	NE	40.11	-101.40
Maxwell	NE	41.08	-100.53
Maywood	NE	40.66	-100.62
McCook	NE	40.20	-100.62
McCool Junction	NE	40.74	-97.60
McGrew	NE	41.75	-103.42
McLean	NE	42.39	-97.47
Mead	NE	41.22	-96.49
Meadow Grove	NE	42.03	-97.74
Melbeta	NE	41.78	-103.52
Melia	NE	41.10	-96.28
Memphis	NE	41.09	-96.43
Merna	NE	41.49	-99.76
Merriman	NE	42.92	-101.70
Milford	NE	40.77	-97.05
Miller	NE	40.93	-99.39
Milligan	NE	40.50	-97.39
Minatare	NE	41.81	-103.50
Minden	NE	40.50	-98.97
Mitchell	NE	41.94	-103.81
Monowi	NE	42.83	-98.33
Monroe	NE	41.47	-97.60
Moorefield	NE	40.69	-100.40
Morrill	NE	41.96	-103.92
Morse Bluff	NE	41.43	-96.77
Mullen	NE	42.04	-101.04
Murdock	NE	40.93	-96.28
Murray	NE	40.92	-95.93
Naper	NE	42.96	-99.10
Naponee	NE	40.07	-99.14
Nebraska City	NE	40.68	-95.86
Nehawka	NE	40.83	-95.99
Neligh	NE	42.13	-98.03
Nelson	NE	40.20	-98.07
Nemaha	NE	40.34	-95.68
Nenzel	NE	42.93	-101.10
Newcastle	NE	42.65	-96.87
Newman Grove	NE	41.75	-97.78
Newport	NE	42.60	-99.33
Nickerson	NE	41.53	-96.47
Niobrara	NE	42.75	-98.03
Nora	NE	40.16	-97.97
Norfolk	NE	42.03	-97.43
Norman	NE	40.48	-98.79
North Bend	NE	41.46	-96.79
North Loup	NE	41.50	-98.77
North Platte	NE	41.13	-100.76
O'Neill	NE	42.46	-98.65
Oak	NE	40.24	-97.90
Oakdale	NE	42.07	-97.97
Oakland	NE	41.84	-96.47
Obert	NE	42.69	-97.03
Oconto	NE	41.14	-99.76
Octavia	NE	41.35	-97.06
Odell	NE	40.05	-96.80
Odessa	NE	40.70	-99.25
Offutt AFB	NE	41.12	-95.92
Ogallala	NE	41.13	-101.72
Ohiowa	NE	40.41	-97.45
Omaha	NE	41.26	-96.05
Ong	NE	40.40	-97.84
Orchard	NE	42.34	-98.24
Ord	NE	41.60	-98.92
Orleans	NE	40.13	-99.46
Osceola	NE	41.18	-97.55
Oshkosh	NE	41.41	-102.35
Osmond	NE	42.36	-97.60
Otoe	NE	40.72	-96.12
Overland	NE	41.08	-97.98
Overton	NE	40.74	-99.54
Oxford	NE	40.25	-99.63
Page	NE	42.40	-98.42
Palisade	NE	40.35	-101.11
Palmer	NE	41.22	-98.26
Palmyra	NE	40.71	-96.39
Panama	NE	40.60	-96.51
Papillion	NE	41.14	-96.08
Parks	NE	40.04	-101.73
Pawnee City	NE	40.11	-96.15
Paxton	NE	41.12	-101.35
Pender	NE	42.11	-96.71
Peru	NE	40.48	-95.73
Petersburg	NE	41.85	-98.08
Phillips	NE	40.90	-98.21
Pickrell	NE	40.38	-96.73
Pierce	NE	42.20	-97.53
Pilger	NE	42.01	-97.05
Plainview	NE	42.35	-97.79
Platte Center	NE	41.54	-97.49
Plattsmouth	NE	41.01	-95.89
Pleasant Dale	NE	40.79	-96.93
Pleasanton	NE	40.97	-99.09
Plymouth	NE	40.30	-96.99
Polk	NE	41.08	-97.78
Ponca	NE	42.56	-96.71
Poole	NE	40.99	-98.96
Potter	NE	41.22	-103.31
Prague	NE	41.31	-96.81
Prairie Home	NE	40.86	-96.52
Preston	NE	40.03	-95.52
Primrose	NE	41.62	-98.24
Princeton	NE	40.58	-96.71
Prosser	NE	40.69	-98.58
Raeville	NE	41.90	-98.05
Ragan	NE	40.31	-99.29
Ralston	NE	41.20	-96.04
Randolph	NE	42.38	-97.36
Ravenna	NE	41.03	-98.90
Raymond	NE	40.96	-96.78
Red Cloud	NE	40.09	-98.52
Republican City	NE	40.10	-99.22
Reynolds	NE	40.06	-97.34
Richfield	NE	41.11	-96.08
Richland	NE	41.44	-97.21
Rising City	NE	41.20	-97.30
Riverdale	NE	40.78	-99.16
Riverton	NE	40.09	-98.76
Roca	NE	40.66	-96.66
Rockville	NE	41.12	-98.83
Rogers	NE	41.46	-96.92
Rosalie	NE	42.06	-96.51
Roscoe	NE	41.13	-101.59
Roseland	NE	40.47	-98.56
Royal	NE	42.33	-98.13
Rulo	NE	40.05	-95.43
Rushville	NE	42.71	-102.47
Ruskin	NE	40.14	-97.87
Salem	NE	40.08	-95.73
Santee	NE	42.84	-97.85
Sarben	NE	41.17	-101.30
Sargent	NE	41.64	-99.37
Saronville	NE	40.60	-97.94
Schuyler	NE	41.45	-97.06
Scotia	NE	41.47	-98.70
Scottsbluff	NE	41.87	-103.66
Scribner	NE	41.67	-96.67
Seneca	NE	42.04	-100.83
Seward	NE	40.91	-97.10
Shelby	NE	41.19	-97.43
Shelton	NE	40.78	-98.73
Shickley	NE	40.42	-97.72
Sholes	NE	42.33	-97.29
Shubert	NE	40.24	-95.68
Sidney	NE	41.13	-102.97
Silver Creek	NE	41.32	-97.67
Smithfield	NE	40.57	-99.74
Snyder	NE	41.70	-96.79
South Bend	NE	41.00	-96.25
South Sioux City	NE	42.46	-96.41
Spalding	NE	41.69	-98.36
Spencer	NE	42.88	-98.70
Sprague	NE	40.63	-96.74
Springfield	NE	41.11	-96.15
Springview	NE	42.82	-99.75
St. Edward	NE	41.57	-97.86
St. Helena	NE	42.81	-97.25
St. Libory	NE	41.08	-98.36
St. Paul	NE	41.21	-98.46
Stamford	NE	40.13	-99.59
Stanton	NE	41.95	-97.21
Staplehurst	NE	40.97	-97.17
Stapleton	NE	41.48	-100.51
Steele City	NE	40.04	-97.02
Steinauer	NE	40.21	-96.23
Stella	NE	40.23	-95.77
Sterling	NE	40.46	-96.38
Stockham	NE	40.72	-97.94
Stockville	NE	40.53	-100.38
Strang	NE	40.41	-97.59
Stratton	NE	40.15	-101.23
Stromsburg	NE	41.12	-97.59
Stuart	NE	42.60	-99.14
Sumner	NE	40.95	-99.51
Sunol	NE	41.15	-102.76
Superior	NE	40.02	-98.06
Surprise	NE	41.10	-97.31
Sutherland	NE	41.16	-101.12
Sutton	NE	40.61	-97.86
Swanton	NE	40.38	-97.08
Syracuse	NE	40.66	-96.18
Table Rock	NE	40.18	-96.09
Talmage	NE	40.53	-96.02
Tamora	NE	40.89	-97.23
Tarnov	NE	41.61	-97.50
Taylor	NE	41.77	-99.38
Tecumseh	NE	40.37	-96.19
Tekamah	NE	41.78	-96.22
Terrytown	NE	41.85	-103.67
Thayer	NE	40.97	-97.50
Thedford	NE	41.98	-100.57
Thurston	NE	42.17	-96.70
Tilden	NE	42.04	-97.83
Tobias	NE	40.42	-97.34
Trenton	NE	40.17	-101.01
Trumbull	NE	40.68	-98.27
Tryon	NE	41.56	-100.95
Uehling	NE	41.73	-96.51
Ulysses	NE	41.07	-97.20
Unadilla	NE	40.68	-96.27
Union	NE	40.81	-95.92
Upland	NE	40.32	-98.90
Utica	NE	40.90	-97.35
Valentine	NE	42.88	-100.55
Valley	NE	41.31	-96.36
Valparaiso	NE	41.08	-96.83
Venango	NE	40.76	-102.04
Venice	NE	41.24	-96.35
Verdel	NE	42.81	-98.19
Verdigre	NE	42.60	-98.04
Verdon	NE	40.15	-95.71
Virginia	NE	40.25	-96.50
Waco	NE	40.90	-97.46
Wahoo	NE	41.22	-96.62
Wakefield	NE	42.27	-96.86
Wallace	NE	40.84	-101.16
Walthill	NE	42.15	-96.49
Walton	NE	40.80	-96.57
Wann	NE	41.14	-96.36
Washington	NE	41.40	-96.21
Waterbury	NE	42.46	-96.74
Waterloo	NE	41.29	-96.29
Wauneta	NE	40.42	-101.38
Wausa	NE	42.50	-97.54
Waverly	NE	40.91	-96.53
Wayne	NE	42.24	-97.01
Weeping Water	NE	40.87	-96.14
Wellfleet	NE	40.75	-100.73
West Point	NE	41.84	-96.71
Western	NE	40.39	-97.20
Westerville	NE	41.40	-99.38
Weston	NE	41.19	-96.74
White Clay	NE	43.00	-102.56
Whitney	NE	42.78	-103.26
Wilber	NE	40.48	-96.96
Wilcox	NE	40.36	-99.17
Willow Island	NE	40.89	-100.07
Wilsonville	NE	40.11	-100.11
Winnebago	NE	42.24	-96.47
Winnetoon	NE	42.51	-97.96
Winside	NE	42.18	-97.18
Winslow	NE	41.61	-96.50
Wisner	NE	41.99	-96.91
Wolbach	NE	41.40	-98.39
Wood Lake	NE	42.64	-100.24
Wood River	NE	40.82	-98.60
Woodland Hills	NE	40.75	-96.42
Woodland Park	NE	42.05	-97.35
Wymore	NE	40.12	-96.66
Wynot	NE	42.74	-97.17
Yankee Hill	NE	40.77	-96.73
York	NE	40.87	-97.59
Yutan	NE	41.24	-96.40
Alton	NH	43.46	-71.22
Amherst	NH	42.86	-71.62
Antrim	NH	43.04	-71.95
Ashland	NH	43.70	-71.63
Bartlett	NH	44.07	-71.28
Belmont	NH	43.44	-71.48
Bennington	NH	43.00	-71.92
Berlin	NH	44.48	-71.28
Bethlehem	NH	44.28	-71.69
Blodgett Landing	NH	43.38	-72.04
Bradford	NH	43.27	-71.96
Bristol	NH	43.60	-71.73
Canaan	NH	43.65	-72.02
Center Ossipee	NH	43.75	-71.15
Center Sandwich	NH	43.81	-71.44
Charlestown	NH	43.24	-72.42
Claremont	NH	43.39	-72.33
Colebrook	NH	44.89	-71.49
Concord	NH	43.23	-71.56
Contoocook	NH	43.23	-71.71
Conway	NH	43.99	-71.12
Derry	NH	42.89	-71.28
Dover	NH	43.19	-70.88
Durham	NH	43.14	-70.93
East Merrimack	NH	42.87	-71.48
Enfield	NH	43.64	-72.15
Epping	NH	43.03	-71.10
Exeter	NH	42.98	-70.95
Farmington	NH	43.40	-71.07
Francestown	NH	42.99	-71.81
Franklin	NH	43.45	-71.67
Goffstown	NH	43.02	-71.60
Gorham	NH	44.39	-71.20
Greenville	NH	42.77	-71.80
Groveton	NH	44.61	-71.52
Hampton	NH	42.94	-70.83
Hampton Beach	NH	42.91	-70.81
Hancock	NH	42.97	-71.98
Hanover	NH	43.71	-72.27
Henniker	NH	43.18	-71.82
Hillsborough	NH	43.12	-71.90
Hinsdale	NH	42.79	-72.49
Hooksett	NH	43.09	-71.46
Hudson	NH	42.76	-71.43
Jaffrey	NH	42.81	-72.02
Keene	NH	42.95	-72.31
Klondike Corner	NH	42.96	-71.64
Laconia	NH	43.58	-71.48
Lancaster	NH	44.49	-71.57
Lebanon	NH	43.64	-72.25
Lincoln	NH	44.06	-71.67
Lisbon	NH	44.21	-71.91
Littleton	NH	44.33	-71.77
Londonderry	NH	42.85	-71.36
Loudon	NH	43.28	-71.47
Manchester	NH	42.98	-71.44
Marlborough	NH	42.90	-72.21
Melvin Village	NH	43.69	-71.31
Meredith	NH	43.65	-71.50
Milford	NH	42.83	-71.68
Milton	NH	43.40	-70.99
Milton Mills	NH	43.51	-70.97
Mountain Lakes	NH	44.12	-71.96
Nashua	NH	42.75	-71.49
New Boston	NH	42.98	-71.69
New Hampton	NH	43.61	-71.65
New London	NH	43.42	-71.99
Newfields	NH	43.04	-70.94
Newmarket	NH	43.08	-70.94
Newport	NH	43.36	-72.18
North Conway	NH	44.04	-71.12
North Haverhill	NH	44.09	-72.02
North Walpole	NH	43.15	-72.45
North Woodstock	NH	44.04	-71.70
Peterborough	NH	42.88	-71.96
Pinardville	NH	43.00	-71.51
Pittsfield	NH	43.30	-71.33
Plainfield	NH	43.53	-72.35
Plymouth	NH	43.74	-71.70
Portsmouth	NH	43.06	-70.78
Raymond	NH	43.04	-71.18
Rochester	NH	43.30	-70.98
Sanbornville	NH	43.55	-71.03
Seabrook Beach	NH	42.88	-70.82
Somersworth	NH	43.25	-70.89
South Hooksett	NH	43.03	-71.43
Suissevale	NH	43.72	-71.36
Suncook	NH	43.14	-71.45
Tilton Northfield	NH	43.44	-71.59
Troy	NH	42.83	-72.18
Union	NH	43.49	-71.02
Walpole	NH	43.08	-72.42
Warner	NH	43.28	-71.82
West Stewartstown	NH	44.99	-71.53
West Swanzey	NH	42.87	-72.32
Whitefield	NH	44.37	-71.61
Wilton	NH	42.85	-71.74
Winchester	NH	42.78	-72.38
Wolfeboro	NH	43.59	-71.21
Woodsville	NH	44.14	-72.03
Absecon	NJ	39.42	-74.49
Absecon Highlands	NJ	39.44	-74.47
Allamuchy	NJ	40.93	-74.81
Allendale	NJ	41.03	-74.13
Allenhurst	NJ	40.24	-74.00
Allentown	NJ	40.18	-74.59
Allenwood	NJ	40.14	-74.10
Alloway	NJ	39.56	-75.35
Alpha	NJ	40.66	-75.16
Alpine	NJ	40.97	-73.92
Ampere North	NJ	40.78	-74.19
Anderson	NJ	40.76	-74.93
Andover	NJ	40.99	-74.74
Annandale	NJ	40.65	-74.89
Arrowhead Lake	NJ	39.48	-75.32
Asbury	NJ	40.70	-75.01
Asbury Park	NJ	40.22	-74.01
Ashland	NJ	39.88	-75.01
Atco	NJ	39.77	-74.86
Atlantic City	NJ	39.38	-74.45
Atlantic Highlands	NJ	40.41	-74.02
Auburn	NJ	39.69	-75.36
Audubon	NJ	39.89	-75.07
Audubon Park	NJ	39.90	-75.09
Avalon	NJ	39.09	-74.74
Avenel	NJ	40.58	-74.27
Avon-by-the-Sea	NJ	40.19	-74.02
Barclay	NJ	39.90	-75.00
Bargaintown	NJ	39.37	-74.59
Barnegat	NJ	39.75	-74.22
Barnegat Light	NJ	39.75	-74.11
Barrington	NJ	39.87	-75.05
Basking Ridge	NJ	40.71	-74.56
Bay Head	NJ	40.07	-74.05
Bayonne	NJ	40.66	-74.11
Beach Haven	NJ	39.58	-74.25
Beach Haven West	NJ	39.67	-74.23
Beachwood	NJ	39.93	-74.20
Beattystown	NJ	40.82	-74.86
Beckett	NJ	39.75	-75.36
Bedminster	NJ	40.67	-74.66
Beesleys Point	NJ	39.28	-74.63
Belford	NJ	40.43	-74.08
Belle Mead	NJ	40.47	-74.66
Belleplain	NJ	39.26	-74.87
Bellmawr	NJ	39.87	-75.09
Belmar	NJ	40.18	-74.02
Belvidere	NJ	40.83	-75.07
Bergenfield	NJ	40.92	-74.00
Berlin	NJ	39.79	-74.94
Bernardsville	NJ	40.73	-74.59
Beverly	NJ	40.06	-74.92
Blackwells Mills	NJ	40.48	-74.60
Blackwood	NJ	39.80	-75.06
Blairstown	NJ	40.99	-74.95
Blawenburg	NJ	40.40	-74.70
Bloomingdale	NJ	41.04	-74.34
Bloomsbury	NJ	40.66	-75.08
Bogota	NJ	40.87	-74.03
Boonton	NJ	40.90	-74.41
Bordentown	NJ	40.15	-74.71
Bound Brook	NJ	40.57	-74.54
Bradley Beach	NJ	40.20	-74.01
Bradley Gardens	NJ	40.57	-74.66
Brainards	NJ	40.77	-75.17
Branchville	NJ	41.15	-74.75
Brass Castle	NJ	40.76	-75.03
Bridgeport	NJ	39.80	-75.35
Bridgeton	NJ	39.43	-75.23
Bridgeville	NJ	40.84	-75.03
Bridgewater Center	NJ	40.60	-74.65
Brielle	NJ	40.11	-74.06
Brigantine	NJ	39.41	-74.38
Broadway	NJ	40.74	-75.05
Brookdale	NJ	40.83	-74.18
Brookfield	NJ	40.82	-75.07
Brooklawn	NJ	39.88	-75.12
Brookside	NJ	40.79	-74.56
Browns Mills	NJ	39.97	-74.57
Brownville	NJ	40.40	-74.29
Budd Lake	NJ	40.87	-74.74
Buena	NJ	39.53	-74.95
Burleigh	NJ	39.05	-74.85
Burlington	NJ	40.08	-74.85
Butler	NJ	41.00	-74.35
Buttzville	NJ	40.83	-75.01
Byram Center	NJ	40.93	-74.71
Caldwell	NJ	40.84	-74.28
Califon	NJ	40.72	-74.84
Camden	NJ	39.94	-75.11
Cape May	NJ	38.94	-74.90
Cape May Court House	NJ	39.08	-74.82
Cape May Point	NJ	38.94	-74.97
Carlls Corner	NJ	39.47	-75.20
Carlstadt	NJ	40.83	-74.06
Carneys Point	NJ	39.71	-75.47
Carteret	NJ	40.58	-74.23
Cedar Glen Lakes	NJ	39.95	-74.40
Cedar Glen West	NJ	40.04	-74.29
Cedar Knolls	NJ	40.82	-74.46
Cedarville	NJ	39.34	-75.21
Centre Grove	NJ	39.36	-75.14
Chatham	NJ	40.74	-74.38
Cherry Hill Mall	NJ	39.94	-75.01
Chesilhurst	NJ	39.73	-74.88
Chester	NJ	40.79	-74.69
Clayton	NJ	39.66	-75.07
Clearbrook	NJ	40.31	-74.47
Clementon	NJ	39.80	-74.98
Cliffside Park	NJ	40.82	-73.99
Cliffwood Beach	NJ	40.44	-74.22
Clifton	NJ	40.86	-74.16
Clinton	NJ	40.64	-74.92
Closter	NJ	40.97	-73.96
Clyde	NJ	40.49	-74.51
Collings Lakes	NJ	39.60	-74.89
Collingswood	NJ	39.92	-75.08
Cologne	NJ	39.49	-74.61
Colonia	NJ	40.59	-74.31
Columbia	NJ	40.93	-75.09
Concordia	NJ	40.31	-74.45
Connecticut Farms	NJ	40.69	-74.27
Cookstown	NJ	40.04	-74.55
Corbin City	NJ	39.30	-74.71
Country Lake Estates	NJ	39.95	-74.54
Cranbury	NJ	40.31	-74.52
Crandon Lakes	NJ	41.12	-74.84
Cranford	NJ	40.65	-74.31
Cream Ridge	NJ	40.13	-74.54
Cresskill	NJ	40.94	-73.96
Crestwood Village	NJ	39.96	-74.35
Crosswicks	NJ	40.14	-74.64
Cumberland-Hesstown	NJ	39.36	-74.91
Dayton	NJ	40.38	-74.51
Deal	NJ	40.25	-74.00
Deans	NJ	40.40	-74.52
Deerfield Street	NJ	39.52	-75.24
Delaware	NJ	40.89	-75.07
Delaware Park	NJ	40.71	-75.19
Delmont	NJ	39.22	-74.95
Demarest	NJ	40.95	-73.95
Dennisville	NJ	39.21	-74.82
Diamond Beach	NJ	38.96	-74.85
Dividing Creek	NJ	39.27	-75.10
Dorchester	NJ	39.27	-74.97
Dorothy	NJ	39.40	-74.83
Dover	NJ	40.89	-74.56
Dover Beaches North	NJ	39.99	-74.07
Dover Beaches South	NJ	39.95	-74.08
Dumont	NJ	40.95	-73.99
Dunellen	NJ	40.59	-74.47
Dutch Neck	NJ	39.40	-75.28
East Franklin	NJ	40.49	-74.47
East Freehold	NJ	40.28	-74.24
East Millstone	NJ	40.50	-74.57
East Newark	NJ	40.75	-74.16
East Orange	NJ	40.77	-74.21
East Rocky Hill	NJ	40.42	-74.62
East Rutherford	NJ	40.82	-74.09
East Vineland	NJ	39.48	-74.91
Eatontown	NJ	40.29	-74.05
Echelon	NJ	39.85	-74.99
Edgewater	NJ	40.82	-73.97
Egg Harbor City	NJ	39.56	-74.60
Elizabeth	NJ	40.67	-74.19
Ellisburg	NJ	39.92	-75.01
Elmer	NJ	39.59	-75.17
Elmwood Park	NJ	40.90	-74.12
Elwood	NJ	39.57	-74.71
Emerson	NJ	40.97	-74.02
Encore at Monroe	NJ	40.32	-74.47
Englewood	NJ	40.89	-73.97
Englewood Cliffs	NJ	40.88	-73.94
English Creek	NJ	39.38	-74.65
Englishtown	NJ	40.30	-74.36
Erma	NJ	38.99	-74.89
Essex Fells	NJ	40.83	-74.28
Estell Manor	NJ	39.35	-74.78
Fair Haven	NJ	40.36	-74.04
Fair Lawn	NJ	40.94	-74.12
Fairton	NJ	39.37	-75.21
Fairview	NJ	40.37	-74.08
Fanwood	NJ	40.64	-74.39
Far Hills	NJ	40.69	-74.62
Farmingdale	NJ	40.20	-74.17
Fieldsboro	NJ	40.14	-74.73
Finderne	NJ	40.56	-74.57
Finesville	NJ	40.61	-75.17
Flagtown	NJ	40.52	-74.69
Flanders	NJ	40.84	-74.71
Flemington	NJ	40.51	-74.86
Florence	NJ	40.12	-74.81
Florham Park	NJ	40.78	-74.39
Folsom	NJ	39.60	-74.84
Fords	NJ	40.54	-74.31
Forked River	NJ	39.83	-74.18
Forsgate	NJ	40.35	-74.47
Fort Dix	NJ	40.01	-74.61
Fort Lee	NJ	40.85	-73.97
Fortescue	NJ	39.24	-75.17
Franklin	NJ	41.11	-74.59
Franklin Center	NJ	40.53	-74.54
Franklin Lakes	NJ	41.01	-74.21
Franklin Park	NJ	40.44	-74.54
Franklinville	NJ	39.62	-75.07
Freehold	NJ	40.26	-74.28
Frenchtown	NJ	40.53	-75.05
Gandys Beach	NJ	39.27	-75.23
Garfield	NJ	40.88	-74.11
Garwood	NJ	40.65	-74.32
Germania	NJ	39.51	-74.59
Gibbsboro	NJ	39.83	-74.97
Gibbstown	NJ	39.82	-75.28
Gillette	NJ	40.70	-74.46
Glassboro	NJ	39.70	-75.11
Glen Gardner	NJ	40.70	-74.94
Glen Ridge	NJ	40.80	-74.20
Glen Rock	NJ	40.96	-74.13
Glendora	NJ	39.84	-75.07
Gloucester City	NJ	39.89	-75.12
Golden Triangle	NJ	39.93	-75.04
Goshen	NJ	39.15	-74.85
Gouldtown	NJ	39.42	-75.19
Great Meadows	NJ	40.88	-74.90
Great Notch	NJ	40.87	-74.21
Green Knoll	NJ	40.60	-74.61
Green Village	NJ	40.74	-74.45
Greentree	NJ	39.90	-74.96
Greenwich	NJ	40.68	-75.13
Grenloch	NJ	39.78	-75.06
Griggstown	NJ	40.44	-74.60
Groveville	NJ	40.17	-74.65
Guttenberg	NJ	40.79	-74.00
Hackensack	NJ	40.89	-74.05
Hackettstown	NJ	40.85	-74.82
Haddon Heights	NJ	39.88	-75.07
Haddonfield	NJ	39.90	-75.03
Hainesburg	NJ	40.96	-75.05
Haledon	NJ	40.94	-74.19
Hamburg	NJ	41.15	-74.57
Hamilton Square	NJ	40.23	-74.65
Hammonton	NJ	39.66	-74.77
Hampton	NJ	40.70	-74.97
Hancocks Bridge	NJ	39.51	-75.46
Harlingen	NJ	40.45	-74.65
Harmony	NJ	40.75	-75.14
Harrington Park	NJ	40.99	-73.98
Harrison	NJ	40.74	-74.15
Harrisonville	NJ	39.69	-75.28
Harvey Cedars	NJ	39.70	-74.14
Hasbrouck Heights	NJ	40.86	-74.08
Haworth	NJ	40.96	-74.00
Hawthorne	NJ	40.96	-74.16
Heathcote	NJ	40.39	-74.58
Heislerville	NJ	39.22	-74.99
Helmetta	NJ	40.38	-74.42
Hewitt	NJ	41.18	-74.32
Hi-Nella	NJ	39.84	-75.02
Hibernia	NJ	40.94	-74.50
High Bridge	NJ	40.67	-74.89
Highland Lakes	NJ	41.17	-74.46
Highland Park	NJ	40.50	-74.43
Highlands	NJ	40.40	-73.99
Hightstown	NJ	40.27	-74.53
Hillsborough	NJ	40.51	-74.65
Hillsdale	NJ	41.01	-74.05
Ho-Ho-Kus	NJ	41.00	-74.10
Hoboken	NJ	40.75	-74.03
Holiday City South	NJ	39.95	-74.24
Holiday City-Berkeley	NJ	39.96	-74.28
Holiday Heights	NJ	39.94	-74.26
Hopatcong	NJ	40.95	-74.66
Hope	NJ	40.91	-74.96
Hopelawn	NJ	40.53	-74.29
Hopewell	NJ	40.39	-74.76
Hutchinson	NJ	40.78	-75.12
Interlaken	NJ	40.23	-74.02
Iselin	NJ	40.57	-74.32
Island Heights	NJ	39.94	-74.14
Jamesburg	NJ	40.35	-74.44
Jersey City	NJ	40.71	-74.06
Jobstown	NJ	40.03	-74.70
Johnsonburg	NJ	40.96	-74.87
Juliustown	NJ	40.01	-74.67
Kean University	NJ	40.68	-74.23
Keansburg	NJ	40.45	-74.16
Kearny	NJ	40.75	-74.12
Keasbey	NJ	40.51	-74.31
Kendall Park	NJ	40.41	-74.56
Kenilworth	NJ	40.68	-74.29
Kenvil	NJ	40.88	-74.62
Keyport	NJ	40.43	-74.20
Kingston	NJ	40.38	-74.61
Kingston Estates	NJ	39.92	-74.99
Kinnelon	NJ	40.98	-74.39
Lake Como	NJ	40.17	-74.02
Lake Hiawatha	NJ	40.88	-74.38
Lake Hopatcong	NJ	40.96	-74.61
Lake Mohawk	NJ	41.01	-74.67
Lake Telemark	NJ	40.96	-74.50
Lakehurst	NJ	40.01	-74.32
Lakeside-Beebe Run	NJ	39.45	-75.25
Lakewood	NJ	40.09	-74.21
Lambertville	NJ	40.37	-74.94
Lamington	NJ	40.67	-74.71
Landing	NJ	40.91	-74.66
Laurel Heights	NJ	39.46	-75.22
Laurel Lake	NJ	39.33	-75.03
Laurel Springs	NJ	39.82	-75.01
Laurence Harbor	NJ	40.45	-74.26
Lavallette	NJ	39.97	-74.07
Lawnside	NJ	39.87	-75.03
Lawrenceville	NJ	40.30	-74.74
Layton	NJ	41.22	-74.82
Lebanon	NJ	40.64	-74.83
Ledgewood	NJ	40.88	-74.67
Leeds Point	NJ	39.49	-74.44
Leesburg	NJ	39.26	-74.98
Leisure Knoll	NJ	40.02	-74.29
Leisure Village	NJ	40.04	-74.19
Leisure Village East	NJ	40.04	-74.17
Leisure Village West	NJ	40.01	-74.28
Leisuretowne	NJ	39.89	-74.71
Leonardo	NJ	40.42	-74.06
Leonia	NJ	40.86	-73.99
Liberty Corner	NJ	40.66	-74.58
Lincoln Park	NJ	40.92	-74.30
Lincroft	NJ	40.34	-74.13
Linden	NJ	40.63	-74.24
Lindenwold	NJ	39.82	-74.99
Linwood	NJ	39.34	-74.57
Little Ferry	NJ	40.84	-74.03
Little Silver	NJ	40.34	-74.03
Llewellyn Park	NJ	40.79	-74.24
Loch Arbour	NJ	40.23	-74.00
Lodi	NJ	40.88	-74.08
Long Branch	NJ	40.30	-73.99
Long Valley	NJ	40.78	-74.78
Longport	NJ	39.31	-74.53
Lopatcong Overlook	NJ	40.70	-75.15
Lower Berkshire Valley	NJ	40.91	-74.61
Lyons	NJ	40.68	-74.55
Macopin	NJ	41.03	-74.38
Madison	NJ	40.76	-74.42
Madison Park	NJ	40.45	-74.30
Magnolia	NJ	39.86	-75.04
Malaga	NJ	39.58	-75.06
Manahawkin	NJ	39.69	-74.24
Manasquan	NJ	40.11	-74.04
Mantoloking	NJ	40.06	-74.05
Manville	NJ	40.54	-74.59
Margate City	NJ	39.33	-74.51
Marksboro	NJ	40.98	-74.90
Marlboro	NJ	39.49	-75.32
Marlton	NJ	39.90	-74.93
Marmora	NJ	39.26	-74.66
Marshallville	NJ	39.29	-74.77
Martinsville	NJ	40.60	-74.58
Matawan	NJ	40.41	-74.24
Mauricetown	NJ	39.29	-75.01
Mays Landing	NJ	39.45	-74.71
Maywood	NJ	40.90	-74.06
McGuire AFB	NJ	40.03	-74.59
McKee City	NJ	39.44	-74.65
Medford Lakes	NJ	39.85	-74.81
Mendham	NJ	40.77	-74.60
Menlo Park Terrace	NJ	40.55	-74.32
Mercerville	NJ	40.24	-74.69
Merchantville	NJ	39.95	-75.05
Metuchen	NJ	40.54	-74.36
Mickleton	NJ	39.79	-75.25
Middlebush	NJ	40.50	-74.54
Middlesex	NJ	40.57	-74.50
Midland Park	NJ	41.00	-74.14
Milford	NJ	40.57	-75.09
Millington	NJ	40.68	-74.51
Millstone	NJ	40.50	-74.60
Milltown	NJ	40.45	-74.43
Millville	NJ	39.39	-75.05
Milmay	NJ	39.44	-74.87
Mizpah	NJ	39.48	-74.84
Money Island	NJ	39.29	-75.24
Monmouth Beach	NJ	40.34	-73.99
Monmouth Junction	NJ	40.38	-74.56
Monroe Manor	NJ	40.26	-74.47
Montclair State University	NJ	40.87	-74.20
Montvale	NJ	41.05	-74.05
Moonachie	NJ	40.84	-74.06
Moorestown-Lenola	NJ	39.97	-74.96
Morganville	NJ	40.38	-74.23
Morris Plains	NJ	40.84	-74.47
Morristown	NJ	40.80	-74.48
Mount Arlington	NJ	40.92	-74.64
Mount Ephraim	NJ	39.88	-75.09
Mount Hermon	NJ	40.92	-74.99
Mount Hope	NJ	40.92	-74.55
Mount Royal	NJ	39.81	-75.21
Mount Tabor	NJ	40.87	-74.47
Mountain Lake	NJ	40.86	-74.99
Mountain Lakes	NJ	40.89	-74.44
Mountainside	NJ	40.68	-74.36
Mullica Hill	NJ	39.72	-75.21
Mystic Island	NJ	39.57	-74.38
National Park	NJ	39.87	-75.19
Navesink	NJ	40.40	-74.04
Neptune City	NJ	40.20	-74.03
Nesco	NJ	39.64	-74.69
Neshanic	NJ	40.51	-74.71
Neshanic Station	NJ	40.53	-74.74
Netcong	NJ	40.90	-74.70
New Brunswick	NJ	40.49	-74.44
New Egypt	NJ	40.07	-74.53
New Gretna	NJ	39.59	-74.45
New Milford	NJ	40.93	-74.02
New Providence	NJ	40.70	-74.41
New Vernon	NJ	40.74	-74.48
New Village	NJ	40.72	-75.08
Newark	NJ	40.72	-74.17
Newfield	NJ	39.55	-75.01
Newfoundland	NJ	41.06	-74.43
Newport	NJ	39.29	-75.17
Newton	NJ	41.05	-74.75
Newtonville	NJ	39.56	-74.86
North Arlington	NJ	40.79	-74.13
North Beach Haven	NJ	39.60	-74.21
North Caldwell	NJ	40.86	-74.26
North Cape May	NJ	38.98	-74.95
North Haledon	NJ	40.96	-74.19
North Middletown	NJ	40.44	-74.12
North Plainfield	NJ	40.62	-74.44
North Wildwood	NJ	39.01	-74.80
Northfield	NJ	39.37	-74.55
Northvale	NJ	41.01	-73.95
Norwood	NJ	40.99	-73.95
Oak Ridge	NJ	41.03	-74.50
Oak Valley	NJ	39.81	-75.16
Oakhurst	NJ	40.26	-74.03
Oakland	NJ	41.03	-74.24
Oaklyn	NJ	39.90	-75.08
Ocean Acres	NJ	39.74	-74.28
Ocean City	NJ	39.27	-74.60
Ocean Gate	NJ	39.93	-74.13
Ocean Grove	NJ	40.21	-74.01
Ocean View	NJ	39.20	-74.74
Oceanport	NJ	40.32	-74.02
Oceanville	NJ	39.48	-74.45
Ogdensburg	NJ	41.08	-74.60
Old Bridge	NJ	40.40	-74.33
Old Tappan	NJ	41.02	-73.98
Oldwick	NJ	40.67	-74.74
Olivet	NJ	39.54	-75.18
Oradell	NJ	40.96	-74.03
Othello	NJ	39.41	-75.34
Oxford	NJ	40.80	-75.00
Packanack Lake	NJ	40.94	-74.26
Palermo	NJ	39.23	-74.69
Palisades Park	NJ	40.85	-74.00
Palmyra	NJ	40.00	-75.04
Panther Valley	NJ	40.91	-74.84
Paramus	NJ	40.95	-74.07
Park Ridge	NJ	41.04	-74.04
Parsippany	NJ	40.86	-74.41
Passaic	NJ	40.86	-74.13
Paterson	NJ	40.91	-74.16
Paulsboro	NJ	39.84	-75.24
Peapack and Gladstone	NJ	40.72	-74.65
Pedricktown	NJ	39.77	-75.41
Pemberton	NJ	39.97	-74.69
Pemberton Heights	NJ	39.96	-74.67
Pennington	NJ	40.32	-74.79
Penns Grove	NJ	39.73	-75.47
Pennsville	NJ	39.65	-75.50
Perth Amboy	NJ	40.52	-74.27
Phillipsburg	NJ	40.69	-75.18
Pine Beach	NJ	39.94	-74.17
Pine Brook	NJ	40.87	-74.34
Pine Hill	NJ	39.79	-74.98
Pine Lake Park	NJ	40.00	-74.26
Pine Ridge at Crestwood	NJ	39.96	-74.31
Pines Lake	NJ	41.00	-74.26
Pitman	NJ	39.73	-75.13
Plainfield	NJ	40.62	-74.42
Plainsboro Center	NJ	40.33	-74.59
Pleasant Plains	NJ	40.45	-74.58
Pleasantdale	NJ	40.80	-74.27
Pleasantville	NJ	39.39	-74.51
Pluckemin	NJ	40.65	-74.63
Point Pleasant	NJ	40.08	-74.07
Point Pleasant Beach	NJ	40.09	-74.05
Pomona	NJ	39.47	-74.55
Pompton Lakes	NJ	41.00	-74.29
Pompton Plains	NJ	40.97	-74.31
Port Colden	NJ	40.77	-74.95
Port Elizabeth	NJ	39.31	-74.97
Port Monmouth	NJ	40.43	-74.10
Port Morris	NJ	40.91	-74.68
Port Murray	NJ	40.79	-74.93
Port Norris	NJ	39.26	-75.05
Port Reading	NJ	40.57	-74.24
Port Republic	NJ	39.53	-74.48
Pottersville	NJ	40.71	-74.73
Preakness	NJ	40.94	-74.22
Presidential Lakes Estates	NJ	39.91	-74.56
Princeton	NJ	40.36	-74.67
Princeton Junction	NJ	40.32	-74.62
Princeton Meadows	NJ	40.34	-74.56
Prospect Park	NJ	40.94	-74.17
Quinton	NJ	39.55	-75.41
Rahway	NJ	40.61	-74.28
Rainbow Lakes	NJ	40.87	-74.46
Ramapo College of New Jersey	NJ	41.08	-74.17
Ramblewood	NJ	39.93	-74.95
Ramsey	NJ	41.06	-74.15
Ramtown	NJ	40.11	-74.15
Raritan	NJ	40.57	-74.65
Red Bank	NJ	40.35	-74.07
Regency at Monroe	NJ	40.32	-74.39
Renaissance at Monroe	NJ	40.26	-74.48
Richland	NJ	39.49	-74.89
Richwood	NJ	39.72	-75.17
Ridgefield	NJ	40.83	-74.01
Ridgefield Park	NJ	40.85	-74.02
Ridgewood	NJ	40.98	-74.11
Ringoes	NJ	40.43	-74.87
Ringwood	NJ	41.10	-74.27
Rio Grande	NJ	39.02	-74.88
River Edge	NJ	40.93	-74.04
Riverdale	NJ	41.00	-74.31
Riverton	NJ	40.01	-75.01
Roadstown	NJ	39.44	-75.32
Robbinsville Center	NJ	40.22	-74.63
Robertsville	NJ	40.34	-74.29
Rockaway	NJ	40.90	-74.52
Rockleigh	NJ	41.00	-73.93
Rocky Hill	NJ	40.40	-74.64
Roebling	NJ	40.12	-74.78
Roosevelt	NJ	40.22	-74.47
Roseland	NJ	40.82	-74.31
Roselle	NJ	40.65	-74.26
Roselle Park	NJ	40.67	-74.27
Rosenhayn	NJ	39.48	-75.14
Ross Corner	NJ	41.13	-74.71
Rossmoor	NJ	40.33	-74.47
Rumson	NJ	40.36	-74.00
Runnemede	NJ	39.85	-75.08
Rutgers University-Busch Campus	NJ	40.52	-74.47
Rutgers University-Livingston Campus	NJ	40.52	-74.44
Rutherford	NJ	40.82	-74.11
Saddle River	NJ	41.02	-74.09
Salem	NJ	39.57	-75.47
Sayreville	NJ	40.47	-74.32
Sea Bright	NJ	40.36	-73.97
Sea Girt	NJ	40.13	-74.03
Sea Isle City	NJ	39.15	-74.70
Seabrook Farms	NJ	39.50	-75.22
Seaside Heights	NJ	39.94	-74.08
Seaside Park	NJ	39.93	-74.08
Seaville	NJ	39.21	-74.72
Secaucus	NJ	40.78	-74.07
Seeley	NJ	39.48	-75.24
Sewaren	NJ	40.55	-74.26
Sewell	NJ	39.77	-75.14
Shark River Hills	NJ	40.19	-74.05
Sheppards Mill	NJ	39.41	-75.31
Shiloh	NJ	39.46	-75.29
Ship Bottom	NJ	39.65	-74.18
Short Hills	NJ	40.74	-74.33
Shrewsbury	NJ	40.33	-74.06
Sicklerville	NJ	39.74	-74.99
Silver Lake	NJ	39.47	-75.24
Silver Ridge	NJ	39.96	-74.24
Singac	NJ	40.88	-74.24
Six Mile Run	NJ	40.47	-74.53
Skillman	NJ	40.43	-74.71
Smithville	NJ	39.49	-74.48
Somerdale	NJ	39.85	-75.02
Somers Point	NJ	39.32	-74.61
Somerset	NJ	40.51	-74.50
Somerville	NJ	40.57	-74.61
South Amboy	NJ	40.49	-74.28
South Bound Brook	NJ	40.55	-74.53
South Dennis	NJ	39.17	-74.80
South Plainfield	NJ	40.57	-74.41
South River	NJ	40.45	-74.38
South Seaville	NJ	39.19	-74.75
South Toms River	NJ	39.94	-74.21
Spotswood	NJ	40.39	-74.39
Spring Lake	NJ	40.15	-74.03
Spring Lake Heights	NJ	40.15	-74.05
Springdale	NJ	39.88	-74.97
Springfield	NJ	40.71	-74.31
Stanhope	NJ	40.91	-74.70
Stewartsville	NJ	40.69	-75.10
Stirling	NJ	40.68	-74.49
Stockton	NJ	40.41	-74.97
Stockton University	NJ	39.48	-74.55
Stone Harbor	NJ	39.04	-74.77
Stonebridge	NJ	40.30	-74.47
Stratford	NJ	39.83	-75.02
Strathmere	NJ	39.19	-74.66
Strathmore	NJ	40.40	-74.22
Succasunna	NJ	40.85	-74.66
Summit	NJ	40.72	-74.36
Sunset Lake	NJ	39.45	-75.24
Surf City	NJ	39.66	-74.17
Sussex	NJ	41.21	-74.61
Swedesboro	NJ	39.75	-75.31
Sweetwater	NJ	39.61	-74.65
Tavistock	NJ	39.88	-75.03
Ten Mile Run	NJ	40.42	-74.59
Tenafly	NJ	40.92	-73.95
Teterboro	NJ	40.85	-74.06
The College of New Jersey	NJ	40.27	-74.78
The Hills	NJ	40.65	-74.62
The Ponds	NJ	40.31	-74.45
Thorofare	NJ	39.85	-75.20
Three Bridges	NJ	40.52	-74.80
Tinton Falls	NJ	40.27	-74.10
Titusville	NJ	40.31	-74.87
Toms River	NJ	39.99	-74.19
Totowa	NJ	40.90	-74.22
Towaco	NJ	40.93	-74.34
Trenton	NJ	40.22	-74.76
Troy Hills	NJ	40.85	-74.40
Tuckahoe	NJ	39.29	-74.75
Tuckerton	NJ	39.59	-74.33
Turnersville	NJ	39.77	-75.06
Twin Rivers	NJ	40.26	-74.49
Union	NJ	40.70	-74.27
Union Beach	NJ	40.45	-74.17
Union City	NJ	40.77	-74.03
Upper Greenwood Lake	NJ	41.19	-74.38
Upper Montclair	NJ	40.84	-74.20
Upper Pohatcong	NJ	40.68	-75.16
Upper Saddle River	NJ	41.06	-74.10
Upper Stewartsville	NJ	40.70	-75.12
Vauxhall	NJ	40.72	-74.28
Ventnor City	NJ	39.34	-74.48
Vernon Center	NJ	41.19	-74.50
Vernon Valley	NJ	41.24	-74.49
Victory Gardens	NJ	40.88	-74.54
Victory Lakes	NJ	39.63	-74.97
Vienna	NJ	40.87	-74.87
Villas	NJ	39.02	-74.94
Vincentown	NJ	39.94	-74.75
Vineland	NJ	39.47	-75.00
Vista Center	NJ	40.16	-74.32
Voorhees	NJ	40.48	-74.49
Waldwick	NJ	41.01	-74.13
Wallington	NJ	40.85	-74.11
Wanamassa	NJ	40.24	-74.03
Wanaque	NJ	41.04	-74.29
Waretown	NJ	39.79	-74.19
Washington	NJ	40.76	-74.98
Washington Crossing	NJ	40.30	-74.86
Watchung	NJ	40.64	-74.44
Watsessing	NJ	40.79	-74.20
Wenonah	NJ	39.79	-75.15
West Belmar	NJ	40.17	-74.04
West Berlin	NJ	39.81	-74.94
West Cape May	NJ	38.94	-74.94
West Freehold	NJ	40.23	-74.29
West Long Branch	NJ	40.29	-74.02
West New York	NJ	40.79	-74.01
West Park	NJ	39.44	-75.26
West Wildwood	NJ	39.00	-74.82
Westfield	NJ	40.65	-74.34
Westmont	NJ	39.91	-75.05
Weston	NJ	40.52	-74.57
Westville	NJ	39.87	-75.13
Westwood	NJ	40.99	-74.03
Wharton	NJ	40.90	-74.57
Whippany	NJ	40.82	-74.42
White Horse	NJ	40.19	-74.70
White House Station	NJ	40.62	-74.77
White Meadow Lake	NJ	40.92	-74.51
Whitesboro	NJ	39.05	-74.87
Whittingham	NJ	40.33	-74.45
Wildwood	NJ	38.99	-74.82
Wildwood Crest	NJ	38.97	-74.84
William Paterson University of New Jersey	NJ	40.95	-74.20
Williamstown	NJ	39.68	-74.97
Windsor	NJ	40.25	-74.58
Wood-Ridge	NJ	40.85	-74.09
Woodbine	NJ	39.23	-74.81
Woodbridge	NJ	40.55	-74.29
Woodbury	NJ	39.84	-75.15
Woodbury Heights	NJ	39.81	-75.15
Woodcliff Lake	NJ	41.03	-74.06
Woodland Park	NJ	40.89	-74.19
Woodlynne	NJ	39.92	-75.10
Woodstown	NJ	39.65	-75.33
Wrightstown	NJ	40.03	-74.63
Yardville	NJ	40.19	-74.66
Yorketown	NJ	40.31	-74.34
Zarephath	NJ	40.53	-74.57
Abeytas	NM	34.47	-106.81
Abiquiu	NM	36.20	-106.32
Acomita Lake	NM	35.07	-107.61
Adelino	NM	34.71	-106.73
Agua Fria	NM	35.66	-106.01
Alamillo	NM	34.25	-106.92
Alamo	NM	34.42	-107.51
Alamogordo	NM	32.88	-105.96
Albuquerque	NM	35.10	-106.65
Alcalde	NM	36.09	-106.06
Algodones	NM	35.37	-106.49
Alma	NM	33.38	-108.89
Angel Fire	NM	36.38	-105.26
Angustura	NM	36.71	-107.92
Animas	NM	31.94	-108.81
Anthony	NM	32.01	-106.60
Anton Chico	NM	35.19	-105.14
Anzac Village	NM	35.06	-107.74
Apache Creek	NM	33.86	-108.62
Aragon	NM	33.89	-108.52
Arenas Valley	NM	32.78	-108.20
Arrey	NM	32.85	-107.32
Arroyo Hondo	NM	35.61	-105.94
Arroyo Seco	NM	36.52	-105.59
Artesia	NM	32.85	-104.42
Atoka	NM	32.78	-104.39
Aztec	NM	36.82	-107.97
Barton	NM	35.07	-106.26
Bayard	NM	32.76	-108.13
Becenti	NM	35.81	-108.17
Beclabito	NM	36.83	-109.00
Belen	NM	34.77	-106.81
Bent	NM	33.14	-105.87
Berino	NM	32.07	-106.62
Bernalillo	NM	35.31	-106.55
Bibo	NM	35.17	-107.41
Black Hat	NM	35.63	-108.96
Black Rock	NM	35.08	-108.80
Blanco	NM	36.76	-107.77
Bloomfield	NM	36.74	-107.97
Bluewater	NM	35.32	-108.21
Bluewater Village	NM	35.25	-107.97
Boles Acres	NM	32.82	-105.98
Borrego Pass	NM	35.57	-108.02
Bosque Farms	NM	34.85	-106.70
Brazos	NM	36.75	-106.56
Brimhall Nizhoni	NM	35.79	-108.63
Broadview	NM	35.23	-107.88
Buckhorn	NM	33.03	-108.69
Butterfield Park	NM	32.41	-106.65
Caballo	NM	32.98	-107.31
Candy Kitchen	NM	34.91	-108.50
Canjilon	NM	36.48	-106.42
Cannon AFB	NM	34.38	-103.32
Canova	NM	36.17	-105.99
Capitan	NM	33.54	-105.60
Capulin	NM	36.75	-104.00
Carlsbad	NM	32.40	-104.24
Carnuel	NM	35.06	-106.46
Carrizozo	NM	33.64	-105.84
Casa Colorada	NM	34.55	-106.74
Casas Adobes	NM	32.81	-107.94
Catalpa Canyon	NM	35.49	-108.72
Causey	NM	33.87	-103.13
CaÃ±ada de los Alamos	NM	35.59	-105.86
CaÃ±on	NM	35.67	-106.75
CaÃ±oncito	NM	35.54	-105.84
CaÃ±ones	NM	36.18	-106.42
Cedar Crest	NM	35.11	-106.38
Cedar Grove	NM	35.18	-106.17
Cedar Hill	NM	36.95	-107.88
Cedro	NM	35.02	-106.35
Center Point	NM	36.87	-107.96
Chama	NM	36.89	-106.58
Chamberino	NM	32.04	-106.68
Chamisal	NM	36.17	-105.75
Chamita	NM	36.07	-106.09
Chamizal	NM	34.22	-106.92
Chaparral	NM	32.04	-106.41
Chical	NM	34.87	-106.67
Chili	NM	36.11	-106.15
Chilili	NM	34.90	-106.23
Chimayo	NM	36.00	-105.95
Chupadero	NM	35.81	-105.92
Church Rock	NM	35.57	-108.57
Cimarron	NM	36.51	-104.91
City of the Sun	NM	31.85	-107.65
Clayton	NM	36.45	-103.15
Cliff	NM	32.97	-108.62
Cloudcroft	NM	32.95	-105.73
Clovis	NM	34.44	-103.19
Cobre	NM	32.78	-108.11
Cochiti	NM	35.61	-106.35
Cochiti Lake	NM	35.65	-106.34
Columbus	NM	31.83	-107.64
Conchas Dam	NM	35.35	-104.20
Conejo	NM	35.63	-105.94
Continental Divide	NM	35.43	-108.34
Cordova	NM	36.01	-105.86
Corona	NM	34.25	-105.60
Corrales	NM	35.24	-106.63
Costilla	NM	36.98	-105.54
Cotton City	NM	32.11	-108.88
Coyote	NM	36.15	-106.61
Crestview	NM	35.49	-108.86
Crouch Mesa	NM	36.75	-108.09
Crownpoint	NM	35.73	-108.16
Cruzville	NM	33.81	-108.67
Crystal	NM	36.03	-108.99
Cuartelez	NM	35.99	-106.02
Cuba	NM	36.01	-106.97
Cubero	NM	35.09	-107.53
Cundiyo	NM	35.96	-105.90
Cuyamungue	NM	35.86	-106.01
Cuyamungue Grant	NM	35.85	-105.99
Datil	NM	34.14	-107.84
Deer Canyon	NM	34.42	-106.28
Deming	NM	32.26	-107.75
Des Moines	NM	36.76	-103.83
Dexter	NM	33.19	-104.37
Dixon	NM	36.18	-105.89
Dora	NM	33.93	-103.34
DoÃ±a Ana	NM	32.39	-106.82
Dulce	NM	36.95	-107.00
Duran	NM	34.46	-105.38
Eagle Nest	NM	36.55	-105.26
East Pecos	NM	35.58	-105.65
Edgewood	NM	35.13	-106.22
Edith Enclave	NM	35.21	-106.59
El Cerro	NM	34.78	-106.70
El Cerro Mission	NM	34.77	-106.64
El Duende	NM	36.07	-106.13
El Morro Valley	NM	35.04	-108.32
El Rancho	NM	35.89	-106.09
El Rito	NM	36.33	-106.17
El Valle de Arroyo Seco	NM	35.95	-106.03
Eldorado at Santa Fe	NM	35.53	-105.93
Elephant Butte	NM	33.18	-107.22
Elida	NM	33.95	-103.65
Encantado	NM	35.79	-105.91
Encinal	NM	35.11	-107.47
Encino	NM	34.65	-105.46
Ensenada	NM	36.73	-106.54
Escondida	NM	34.10	-106.90
Escudilla Bonita	NM	34.11	-109.02
EspaÃ±ola	NM	36.00	-106.07
Estancia	NM	34.76	-106.04
Eunice	NM	32.44	-103.15
Fairacres	NM	32.30	-106.84
Farmington	NM	36.75	-108.18
Faywood	NM	32.62	-107.88
Fence Lake	NM	34.65	-108.67
Flora Vista	NM	36.80	-108.09
Floyd	NM	34.23	-103.58
Folsom	NM	36.85	-103.92
Fort Sumner	NM	34.49	-104.22
Fort Wingate	NM	35.47	-108.54
Fruitland	NM	36.74	-108.39
Galisteo	NM	35.40	-105.96
Gallina	NM	36.23	-106.83
Gallup	NM	35.51	-108.74
Gamerco	NM	35.57	-108.76
Garfield	NM	32.76	-107.27
Gila	NM	32.94	-108.57
Gila Hot Springs	NM	33.19	-108.20
Glen Acres	NM	32.38	-108.72
Glenwood	NM	33.32	-108.88
Glorieta	NM	35.58	-105.76
Golden	NM	35.26	-106.22
Golden Acres	NM	35.21	-107.92
Grady	NM	34.82	-103.32
Grants	NM	35.15	-107.83
Grenville	NM	36.59	-103.61
Hachita	NM	31.92	-108.33
Hagerman	NM	33.12	-104.33
Hanover	NM	32.81	-108.09
Happy Valley	NM	32.43	-104.29
Hatch	NM	32.67	-107.16
Haystack	NM	35.35	-107.94
Hernandez	NM	36.06	-106.12
High Rolls	NM	32.93	-105.80
Highland Meadows	NM	34.94	-107.17
Hillsboro	NM	32.92	-107.58
Hobbs	NM	32.73	-103.16
Holloman AFB	NM	32.85	-106.10
Homer C Jones	NM	35.31	-108.10
Homestead	NM	34.15	-107.88
Hope	NM	32.82	-104.74
Hot Springs Landing	NM	33.20	-107.21
House	NM	34.65	-103.90
Hurley	NM	32.70	-108.13
Hyde Park	NM	35.71	-105.89
Indian Hills	NM	34.98	-106.14
Isleta	NM	34.90	-106.70
Iyanbito	NM	35.52	-108.49
Jacona	NM	35.89	-106.04
Jaconita	NM	35.89	-106.06
Jal	NM	32.11	-103.19
Jamestown	NM	35.47	-108.44
Jarales	NM	34.62	-106.76
Jemez Pueblo	NM	35.61	-106.73
Jemez Springs	NM	35.77	-106.69
Keeler Farm	NM	32.32	-107.76
Kingston	NM	32.92	-107.71
Kirtland	NM	36.76	-108.37
Kirtland AFB	NM	35.05	-106.56
La Bajada	NM	35.56	-106.24
La Boca	NM	36.99	-107.61
La Cienega	NM	35.58	-106.11
La Cueva	NM	35.58	-105.73
La Hacienda	NM	32.21	-107.73
La Huerta	NM	32.45	-104.22
La Jara	NM	36.11	-106.94
La Joya	NM	34.34	-106.85
La Luz	NM	32.97	-105.94
La Madera	NM	35.23	-106.33
La Mesa	NM	32.12	-106.71
La Mesilla	NM	35.94	-106.06
La Plata	NM	36.90	-108.20
La Puebla	NM	35.99	-106.00
La Tierra	NM	35.75	-106.03
La Union	NM	31.95	-106.66
La Villita	NM	36.10	-106.06
Laguna	NM	35.05	-107.40
Lake Arthur	NM	33.00	-104.36
Lake Roberts	NM	33.03	-108.17
Lake Roberts Heights	NM	33.03	-108.14
Lake Sumner	NM	34.62	-104.40
Lake Valley	NM	36.09	-108.16
Lamy	NM	35.49	-105.89
Las Campanas	NM	35.72	-106.06
Las Cruces	NM	32.33	-106.79
Las Maravillas	NM	34.73	-106.66
Las Nutrias	NM	34.47	-106.77
Las Palomas	NM	33.06	-107.30
Las Tusas	NM	35.27	-108.13
Las Vegas	NM	35.60	-105.22
Lee Acres	NM	36.70	-108.06
Lemitar	NM	34.16	-106.91
Lindrith	NM	36.32	-107.04
Little Walnut Village	NM	32.83	-108.29
Livingston Wheeler	NM	32.39	-104.20
Llano del Medio	NM	35.19	-105.12
Lobo Canyon	NM	35.22	-107.72
Loco Hills	NM	32.82	-103.98
Logan	NM	35.36	-103.45
Lordsburg	NM	32.34	-108.70
Los Alamos	NM	35.89	-106.29
Los Cerrillos	NM	35.43	-106.12
Los Chaves	NM	34.73	-106.76
Los Luceros	NM	36.11	-106.04
Los Lunas	NM	34.80	-106.79
Los Ojos	NM	36.74	-106.56
Los Ranchos de Albuquerque	NM	35.16	-106.65
Loving	NM	32.29	-104.10
Lovington	NM	32.94	-103.35
Lower Frisco	NM	33.65	-108.79
Luis Lopez	NM	33.99	-106.89
Lumberton	NM	36.93	-106.94
Luna	NM	33.82	-108.94
Lybrook	NM	36.22	-107.56
Lyden	NM	36.15	-106.01
Madrid	NM	35.40	-106.15
Madrone	NM	34.58	-106.73
Magdalena	NM	34.11	-107.23
Malaga	NM	32.22	-104.07
Manuelito	NM	35.44	-108.99
Manzano	NM	34.64	-106.37
Manzano Springs	NM	34.96	-106.23
Maxwell	NM	36.54	-104.54
Mayhill	NM	32.89	-105.50
McCartys Village	NM	35.06	-107.66
McGaffey	NM	35.37	-108.52
McIntosh	NM	34.88	-106.06
Meadow Lake	NM	34.80	-106.57
Medanales	NM	36.18	-106.18
Melrose	NM	34.43	-103.63
Mescalero	NM	33.13	-105.80
Mesilla	NM	32.27	-106.81
Mesita	NM	35.01	-107.32
Mesquite	NM	32.17	-106.69
Middle Frisco	NM	33.70	-108.76
Middle Mesa	NM	36.98	-107.51
Midway	NM	33.30	-104.45
Milan	NM	35.20	-107.89
Mimbres	NM	32.84	-107.96
Mogollon	NM	33.41	-108.80
Monterey Park	NM	34.75	-106.65
Monument	NM	32.62	-103.28
Moquino	NM	35.17	-107.36
Mora	NM	35.96	-105.33
Moriarty	NM	35.00	-106.04
Morningside	NM	32.86	-104.40
Mosquero	NM	35.77	-103.95
Mount Taylor	NM	35.12	-107.81
Mountain View	NM	35.00	-108.40
Mountainair	NM	34.52	-106.24
Nadine	NM	32.61	-103.10
Nageezi	NM	36.25	-107.75
Nakaibito	NM	35.78	-108.80
Nambe	NM	35.90	-105.97
Napi Headquarters	NM	36.65	-108.21
Nara Visa	NM	35.61	-103.10
Naschitti	NM	36.06	-108.68
Navajo	NM	35.90	-109.03
Navajo Dam	NM	36.87	-107.62
Nenahnezad	NM	36.73	-108.43
Newcomb	NM	36.29	-108.71
Newkirk	NM	35.06	-104.27
Nogal	NM	33.54	-105.71
North Acomita Village	NM	35.07	-107.56
North Hobbs	NM	32.77	-103.12
North Hurley	NM	32.72	-108.13
North Light Plant	NM	36.87	-108.03
North San Ysidro	NM	35.47	-105.57
North Valley	NM	35.17	-106.62
Oasis	NM	32.93	-107.32
Ohkay Owingeh	NM	36.05	-106.05
Ojo Amarillo	NM	36.69	-108.37
Ojo Caliente	NM	36.31	-106.04
Ojo Encino	NM	35.95	-107.34
Ojo Sarco	NM	36.12	-105.78
Old Town	NM	32.51	-107.92
Organ	NM	32.43	-106.60
Orogrande	NM	32.39	-106.11
Paa-Ko	NM	35.20	-106.33
Paguate	NM	35.16	-107.40
Pajarito Mesa	NM	34.98	-106.78
Paradise Hills	NM	35.20	-106.70
Paraje	NM	35.04	-107.47
Pastura	NM	34.79	-104.94
Peak Place	NM	35.79	-105.94
Pecan Park	NM	32.27	-107.67
Pecos	NM	35.58	-105.68
Peralta	NM	34.83	-106.69
PeÃ±a Blanca	NM	35.57	-106.33
PeÃ±asco	NM	36.17	-105.69
Picacho Hills	NM	32.32	-106.88
Picuris Pueblo	NM	36.20	-105.72
Pie Town	NM	34.34	-108.18
Pinedale	NM	35.61	-108.43
Pinehaven	NM	35.34	-108.67
Pinehill	NM	34.89	-108.42
Pinon	NM	32.62	-105.38
Pinos Altos	NM	32.87	-108.22
Placitas	NM	35.32	-106.44
Playas	NM	31.91	-108.54
Pleasanton	NM	33.28	-108.88
Pojoaque	NM	35.90	-106.01
Polvadera	NM	34.20	-106.92
Ponderosa	NM	35.66	-106.65
Ponderosa Pine	NM	34.97	-106.34
Portales	NM	34.18	-103.36
Prewitt	NM	35.37	-108.07
Pueblito	NM	36.07	-106.08
Pueblitos	NM	34.61	-106.78
Pueblo	NM	35.33	-105.44
Pueblo Pintado	NM	35.96	-107.62
Pueblo of Sandia Village	NM	35.25	-106.57
Puerto de Luna	NM	34.83	-104.62
Pulpotio Bareas	NM	32.22	-107.77
Punta de Agua	NM	34.60	-106.29
Purty Rock	NM	35.49	-108.90
Quemado	NM	34.34	-108.51
Questa	NM	36.71	-105.60
Radium Springs	NM	32.48	-106.90
Ramah	NM	35.13	-108.51
Rancho Grande	NM	33.68	-108.86
Ranchos de Taos	NM	36.36	-105.60
Raton	NM	36.88	-104.44
Red River	NM	36.71	-105.42
Red Rock Ranch	NM	35.42	-108.03
Redrock	NM	32.69	-108.74
Regina	NM	36.19	-106.95
Reserve	NM	33.71	-108.76
Ribera	NM	35.37	-105.44
Rincon	NM	32.67	-107.08
Rio Chiquito	NM	35.99	-105.91
Rio Communities	NM	34.65	-106.72
Rio Lucio	NM	36.19	-105.72
Rio Rancho	NM	35.29	-106.70
Rio Rancho Estates	NM	35.30	-106.80
Rio en Medio	NM	35.82	-105.90
Rivers	NM	33.67	-108.78
Rock Springs	NM	35.62	-108.83
Rodeo	NM	31.84	-109.03
Rodey	NM	32.65	-107.14
Rosedale	NM	32.76	-108.24
Roswell	NM	33.37	-104.53
Rowe	NM	35.49	-105.67
Roy	NM	35.95	-104.20
Ruidoso	NM	33.35	-105.67
Ruidoso Downs	NM	33.33	-105.60
Sacramento	NM	32.78	-105.57
Sagar	NM	35.25	-108.77
Salem	NM	32.71	-107.21
San Acacia	NM	34.25	-106.90
San Antonio	NM	33.92	-106.87
San Antonito	NM	35.16	-106.35
San Cristobal	NM	36.61	-105.63
San Felipe Pueblo	NM	35.44	-106.41
San Fidel	NM	35.10	-107.60
San Ildefonso Pueblo	NM	35.89	-106.13
San Jon	NM	35.11	-103.34
San Jose	NM	36.04	-106.10
San Lorenzo	NM	32.81	-107.92
San Luis	NM	35.70	-107.04
San Mateo	NM	35.34	-107.65
San Miguel	NM	32.15	-106.73
San Pablo	NM	32.25	-106.76
San Pedro	NM	35.23	-106.18
San Rafael	NM	35.10	-107.90
San Ysidro	NM	32.36	-106.81
Sandia Heights	NM	35.17	-106.49
Sandia Knolls	NM	35.16	-106.30
Sandia Park	NM	35.16	-106.37
Sanostee	NM	36.43	-108.86
Santa Ana Pueblo	NM	35.35	-106.52
Santa Clara	NM	32.78	-108.15
Santa Clara Pueblo	NM	35.97	-106.10
Santa Cruz	NM	35.99	-106.04
Santa Fe	NM	35.66	-105.98
Santa Fe Foothills	NM	35.63	-105.90
Santa Rosa	NM	34.94	-104.68
Santa Teresa	NM	31.87	-106.67
Santo Domingo Pueblo	NM	35.52	-106.37
Sausal	NM	34.68	-106.76
Seama	NM	35.05	-107.54
Seboyeta	NM	35.20	-107.38
Sedillo	NM	35.09	-106.29
Sena	NM	35.30	-105.39
Seton Village	NM	35.60	-105.93
Sheep Springs	NM	36.16	-108.69
Shiprock	NM	36.79	-108.70
Silver City	NM	32.78	-108.27
Skyline-Ganipa	NM	35.04	-107.62
Socorro	NM	34.05	-106.91
Soham	NM	35.42	-105.50
Sombrillo	NM	35.98	-106.04
South Acomita Village	NM	35.05	-107.57
South River	NM	36.79	-108.06
South Valley	NM	35.01	-106.68
Spencerville	NM	36.83	-108.06
Springer	NM	36.37	-104.60
Stanley	NM	35.15	-105.98
Stoneridge	NM	35.30	-108.10
Sundance	NM	35.51	-108.64
Sunland Park	NM	31.82	-106.60
Sunlit Hills	NM	35.60	-105.92
Sunshine	NM	32.13	-107.78
Tajique	NM	34.76	-106.30
Talpa	NM	36.34	-105.59
Tano Road	NM	35.74	-105.98
Taos	NM	36.39	-105.58
Taos Pueblo	NM	36.47	-105.56
Taos Ski Valley	NM	36.59	-105.44
Tatum	NM	33.26	-103.31
Tecolote	NM	35.46	-105.28
Tecolotito	NM	35.23	-105.16
Tesuque	NM	35.75	-105.92
Tesuque Pueblo	NM	35.81	-105.98
Texico	NM	34.39	-103.05
Thoreau	NM	35.42	-108.20
Thunder Mountain	NM	35.10	-106.22
Tierra Amarilla	NM	36.71	-106.57
Tijeras	NM	35.09	-106.38
Timberlake	NM	35.20	-108.48
Timberon	NM	32.64	-105.70
Tohatchi	NM	35.84	-108.75
Tome	NM	34.74	-106.73
Torreon	NM	35.79	-107.21
Tortugas	NM	32.27	-106.75
Totah Vista	NM	36.71	-108.21
Tres Arroyos	NM	35.68	-106.04
Trout Valley	NM	33.04	-108.19
Truchas	NM	36.04	-105.81
Truth or Consequences	NM	33.24	-107.28
Tse Bonito	NM	35.65	-109.01
Tucumcari	NM	35.17	-103.71
Tularosa	NM	33.08	-106.02
Turley	NM	36.74	-107.79
Twin Forks	NM	32.94	-105.65
Twin Lakes	NM	35.68	-108.77
Tyrone	NM	32.71	-108.30
University Park	NM	32.28	-106.75
Upper Fruitland	NM	36.72	-108.32
Ute Park	NM	36.55	-105.10
Vadito	NM	36.19	-105.68
Vado	NM	32.13	-106.66
Valencia	NM	34.81	-106.69
Valle Vista	NM	35.58	-106.06
Vanderwagen	NM	35.27	-108.74
Vaughn	NM	34.61	-105.21
Veguita	NM	34.51	-106.77
Velarde	NM	36.16	-105.96
Ventura	NM	32.24	-107.68
Villanueva	NM	35.27	-105.36
Virden	NM	32.69	-109.00
Wagon Mound	NM	36.00	-104.71
Waterflow	NM	36.76	-108.47
Watrous	NM	35.79	-104.98
Weed	NM	32.80	-105.53
West Hammond	NM	36.68	-108.04
White Cliffs	NM	35.55	-108.66
White Rock	NM	35.81	-106.21
White Sands	NM	32.38	-106.48
White Signal	NM	32.57	-108.35
Whites City	NM	32.18	-104.37
Willard	NM	34.59	-106.03
Williams Acres	NM	35.50	-108.87
Williamsburg	NM	33.12	-107.29
Windmill	NM	31.98	-108.63
Winston	NM	33.35	-107.65
Yah-ta-hey	NM	35.63	-108.79
Youngsville	NM	36.19	-106.57
Zia Pueblo	NM	35.53	-106.72
Zuni Pueblo	NM	35.07	-108.86
Alamo	NV	37.38	-115.17
Amargosa Valley	NV	36.54	-116.48
Austin	NV	39.50	-117.07
Baker	NV	39.02	-114.12
Battle Mountain	NV	40.63	-116.95
Beatty	NV	37.00	-116.72
Beaverdam	NV	37.69	-114.45
Bennett Springs	NV	37.71	-114.47
Blue Diamond	NV	36.04	-115.41
Boulder City	NV	35.84	-114.91
Bunkerville	NV	36.76	-114.13
Cal-Nev-Ari	NV	35.30	-114.88
Caliente	NV	37.65	-114.49
Carlin	NV	40.72	-116.11
Carson City	NV	39.15	-119.75
Carter Springs	NV	38.86	-119.64
Cold Springs	NV	39.69	-119.98
Crescent Valley	NV	40.42	-116.58
Crystal Bay	NV	39.23	-120.00
Dayton	NV	39.27	-119.54
Denio	NV	41.99	-118.64
Double Spring	NV	38.78	-119.62
Dry Valley	NV	37.88	-114.31
Dyer	NV	37.66	-118.03
East Valley	NV	38.94	-119.69
Elko	NV	40.84	-115.77
Ely	NV	39.26	-114.87
Empire	NV	40.58	-119.34
Enterprise	NV	36.01	-115.23
Eureka	NV	39.51	-115.97
Fallon	NV	39.47	-118.78
Fallon Station	NV	39.41	-118.72
Fernley	NV	39.56	-119.19
Fish Springs	NV	38.95	-119.65
Fort McDermitt	NV	41.97	-117.64
Gabbs	NV	38.86	-117.93
Gardnerville	NV	38.94	-119.74
Gardnerville Ranchos	NV	38.90	-119.75
Genoa	NV	39.03	-119.83
Gerlach	NV	40.65	-119.36
Glenbrook	NV	39.10	-119.93
Golconda	NV	40.95	-117.50
Golden Valley	NV	39.62	-119.82
Goldfield	NV	37.71	-117.24
Goodsprings	NV	35.83	-115.44
Grass Valley	NV	40.80	-117.76
Hawthorne	NV	38.53	-118.63
Henderson	NV	36.01	-115.03
Hiko	NV	37.65	-115.19
Humboldt River Ranch	NV	40.43	-118.27
Imlay	NV	40.66	-118.14
Incline Village	NV	39.27	-119.95
Indian Hills	NV	39.09	-119.80
Indian Springs	NV	36.57	-115.72
Jackpot	NV	41.98	-114.66
Johnson Lane	NV	39.06	-119.72
Kingsbury	NV	38.99	-119.88
Kingston	NV	39.21	-117.07
Lakeridge	NV	39.04	-119.94
Lamoille	NV	40.72	-115.48
Las Vegas	NV	36.23	-115.26
Laughlin	NV	35.14	-114.62
Lemmon Valley	NV	39.69	-119.83
Logan Creek	NV	39.07	-119.92
Lovelock	NV	40.18	-118.48
Lund	NV	38.86	-115.01
McDermitt	NV	41.99	-117.72
McGill	NV	39.40	-114.78
Mesquite	NV	36.81	-114.13
Mina	NV	38.39	-118.11
Minden	NV	38.96	-119.77
Moapa Town	NV	36.69	-114.64
Moapa Valley	NV	36.60	-114.45
Mogul	NV	39.52	-119.92
Montello	NV	41.27	-114.20
Mount Charleston	NV	36.26	-115.61
Mount Wilson	NV	38.23	-114.45
Mountain City	NV	41.84	-115.96
Nellis AFB	NV	36.25	-115.06
Nelson	NV	35.72	-114.83
Nixon	NV	39.83	-119.36
North Las Vegas	NV	36.29	-115.09
Oasis	NV	41.03	-114.48
Orovada	NV	41.55	-117.82
Osino	NV	40.94	-115.66
Owyhee	NV	41.93	-116.21
Pahrump	NV	36.22	-116.00
Panaca	NV	37.79	-114.40
Paradise	NV	36.09	-115.14
Paradise Valley	NV	41.48	-117.55
Pioche	NV	37.95	-114.44
Preston	NV	38.91	-115.06
Rachel	NV	37.64	-115.77
Reno	NV	39.55	-119.85
Round Hill Village	NV	39.00	-119.92
Ruhenstroth	NV	38.89	-119.68
Ruth	NV	39.28	-114.99
Sandy Valley	NV	35.84	-115.63
Schurz	NV	38.98	-118.83
Searchlight	NV	35.46	-114.92
Silver City	NV	39.26	-119.64
Silver Peak	NV	37.76	-117.64
Silver Springs	NV	39.38	-119.21
Skyland	NV	39.03	-119.92
Smith Valley	NV	38.79	-119.37
Spanish Springs	NV	39.66	-119.67
Sparks	NV	39.57	-119.72
Spring Creek	NV	40.74	-115.60
Spring Valley	NV	36.10	-115.26
Stagecoach	NV	39.37	-119.38
Stateline	NV	38.97	-119.94
Summerlin South	NV	36.12	-115.33
Sun Valley	NV	39.61	-119.78
Sunrise Manor	NV	36.18	-115.05
Sutcliffe	NV	39.95	-119.63
Tonopah	NV	38.08	-117.22
Topaz Lake	NV	38.70	-119.54
Topaz Ranch Estates	NV	38.74	-119.50
Unionville	NV	40.45	-118.12
Ursine	NV	37.98	-114.23
Valmy	NV	40.79	-117.13
Verdi	NV	39.52	-119.98
Virginia City	NV	39.31	-119.65
Wadsworth	NV	39.63	-119.29
Walker Lake	NV	38.65	-118.76
Washoe Valley	NV	39.29	-119.78
Wells	NV	41.11	-114.95
West Wendover	NV	40.74	-114.08
Whitney	NV	36.10	-115.04
Winchester	NV	36.14	-115.14
Winnemucca	NV	40.96	-117.72
Yerington	NV	38.96	-119.11
Zephyr Cove	NV	39.01	-119.92
Accord	NY	41.80	-74.23
Adams	NY	43.81	-76.02
Adams Center	NY	43.87	-75.99
Addison	NY	42.11	-77.23
Afton	NY	42.23	-75.52
Airmont	NY	41.10	-74.10
Akron	NY	43.02	-78.50
Akwesasne	NY	44.97	-74.67
Albany	NY	42.67	-73.80
Albertson	NY	40.77	-73.65
Albion	NY	43.25	-78.19
Alden	NY	42.90	-78.49
Alexander	NY	42.90	-78.26
Alexandria Bay	NY	44.34	-75.92
Alfred	NY	42.25	-77.79
Allegany	NY	42.09	-78.49
Almond	NY	42.32	-77.74
Altamont	NY	42.71	-74.03
Altmar	NY	43.51	-76.01
Altona	NY	44.89	-73.66
Amagansett	NY	40.98	-72.13
Amenia	NY	41.85	-73.56
Ames	NY	42.84	-74.60
Amityville	NY	40.67	-73.42
Amsterdam	NY	42.94	-74.19
Andes	NY	42.19	-74.78
Andover	NY	42.16	-77.80
Angelica	NY	42.31	-78.02
Angola	NY	42.64	-79.03
Angola on the Lake	NY	42.65	-79.05
Antwerp	NY	44.20	-75.61
Apalachin	NY	42.06	-76.16
Aquebogue	NY	40.94	-72.62
Arcade	NY	42.53	-78.44
Ardsley	NY	41.01	-73.84
Argyle	NY	43.24	-73.49
Arkport	NY	42.39	-77.70
Arlington	NY	41.70	-73.90
Armonk	NY	41.13	-73.72
Asharoken	NY	40.94	-73.39
Athens	NY	42.27	-73.82
Atlantic Beach	NY	40.59	-73.73
Attica	NY	42.86	-78.28
Au Sable Forks	NY	44.45	-73.67
Auburn	NY	42.93	-76.57
Aurora	NY	42.75	-76.70
Averill Park	NY	42.64	-73.55
Avoca	NY	42.41	-77.42
Avon	NY	42.91	-77.75
Babylon	NY	40.69	-73.33
Bainbridge	NY	42.30	-75.48
Baiting Hollow	NY	40.96	-72.74
Baldwin	NY	40.65	-73.61
Baldwinsville	NY	43.16	-76.34
Ballston Spa	NY	43.01	-73.85
Balmville	NY	41.53	-74.02
Bard College	NY	42.02	-73.91
Bardonia	NY	41.11	-73.98
Barker	NY	43.33	-78.55
Barneveld	NY	43.27	-75.19
Barnum Island	NY	40.60	-73.64
Barrytown	NY	42.00	-73.93
Barryville	NY	41.48	-74.92
Batavia	NY	43.00	-78.18
Bath	NY	42.34	-77.32
Baxter Estates	NY	40.83	-73.69
Bay Park	NY	40.63	-73.67
Bay Shore	NY	40.73	-73.25
Bayport	NY	40.75	-73.06
Bayville	NY	40.91	-73.56
Baywood	NY	40.75	-73.29
Beacon	NY	41.50	-73.96
Beaver Dam Lake	NY	41.44	-74.13
Bedford	NY	41.19	-73.66
Bedford Hills	NY	41.24	-73.69
Belfast	NY	42.34	-78.12
Belle Terre	NY	40.96	-73.07
Bellerose	NY	40.72	-73.72
Bellerose Terrace	NY	40.72	-73.73
Belleville	NY	43.79	-76.12
Bellmore	NY	40.66	-73.53
Bellport	NY	40.75	-72.94
Belmont	NY	42.22	-78.03
Bemus Point	NY	42.16	-79.39
Bergen	NY	43.08	-77.94
Bethpage	NY	40.75	-73.49
Big Flats	NY	42.16	-76.91
Billington Heights	NY	42.79	-78.63
Binghamton	NY	42.10	-75.91
Binghamton University	NY	42.09	-75.97
Black River	NY	44.01	-75.80
Blasdell	NY	42.80	-78.83
Blauvelt	NY	41.07	-73.95
Bliss	NY	42.58	-78.25
Blodgett Mills	NY	42.57	-76.13
Bloomfield	NY	42.90	-77.42
Bloomingburg	NY	41.55	-74.44
Bloomville	NY	42.33	-74.82
Blue Point	NY	40.75	-73.04
Bohemia	NY	40.78	-73.14
Bolivar	NY	42.07	-78.17
Bolton Landing	NY	43.56	-73.65
Boonville	NY	43.48	-75.33
Brasher Falls	NY	44.81	-74.79
Breesport	NY	42.18	-76.74
Brentwood	NY	40.78	-73.25
Brewerton	NY	43.23	-76.14
Brewster	NY	41.40	-73.62
Brewster Heights	NY	41.41	-73.63
Brewster Hill	NY	41.42	-73.61
Briarcliff Manor	NY	41.14	-73.85
Bridgehampton	NY	40.94	-72.31
Bridgeport	NY	43.16	-75.96
Bridgeville	NY	41.63	-74.63
Bridgewater	NY	42.88	-75.25
Brighton	NY	43.12	-77.58
Brightwaters	NY	40.72	-73.26
Brinckerhoff	NY	41.55	-73.86
Broadalbin	NY	43.06	-74.20
Brockport	NY	43.21	-77.94
Brocton	NY	42.39	-79.44
Bronxville	NY	40.94	-73.83
Brookhaven	NY	40.78	-72.91
Brooktondale	NY	42.38	-76.40
Brookville	NY	40.81	-73.57
Brownville	NY	44.01	-75.98
Brushton	NY	44.83	-74.51
Buchanan	NY	41.26	-73.94
Buffalo	NY	42.89	-78.86
Burdett	NY	42.42	-76.84
Burke	NY	44.90	-74.17
Burlington Flats	NY	42.74	-75.18
Busti	NY	42.04	-79.28
Byersville	NY	42.58	-77.79
Cadyville	NY	44.70	-73.65
Cairo	NY	42.31	-74.01
Calcium	NY	44.04	-75.85
Caledonia	NY	42.98	-77.86
Callicoon	NY	41.77	-75.06
Calverton	NY	40.92	-72.77
Cambridge	NY	43.03	-73.38
Camden	NY	43.34	-75.75
Camillus	NY	43.04	-76.31
Campbell	NY	42.24	-77.19
Canajoharie	NY	42.90	-74.57
Canandaigua	NY	42.89	-77.28
Canaseraga	NY	42.46	-77.78
Canastota	NY	43.08	-75.76
Candor	NY	42.23	-76.34
Canisteo	NY	42.27	-77.61
Canton	NY	44.60	-75.17
Cape Vincent	NY	44.12	-76.33
Captree	NY	40.65	-73.26
Carle Place	NY	40.75	-73.61
Carmel	NY	41.40	-73.68
Caroga Lake	NY	43.13	-74.48
Carthage	NY	43.98	-75.60
Cassadaga	NY	42.34	-79.32
Castile	NY	42.63	-78.05
Castleton-on-Hudson	NY	42.54	-73.75
Castorland	NY	43.89	-75.52
Cato	NY	43.17	-76.57
Catskill	NY	42.21	-73.86
Cattaraugus	NY	42.33	-78.87
Cayuga	NY	42.92	-76.73
Cayuga Heights	NY	42.47	-76.49
Cazenovia	NY	42.93	-75.85
Cedarhurst	NY	40.63	-73.73
Celoron	NY	42.11	-79.28
Cementon	NY	42.14	-73.92
Center Moriches	NY	40.80	-72.80
Centereach	NY	40.87	-73.08
Centerport	NY	40.90	-73.37
Central Bridge	NY	42.71	-74.35
Central Islip	NY	40.78	-73.19
Central Square	NY	43.29	-76.14
Centre Island	NY	40.90	-73.52
Chadwicks	NY	43.03	-75.27
Champlain	NY	44.99	-73.43
Chappaqua	NY	41.16	-73.77
Chateaugay	NY	44.93	-74.08
Chatham	NY	42.36	-73.60
Chaumont	NY	44.07	-76.13
Chautauqua	NY	42.21	-79.47
Chazy	NY	44.89	-73.43
Cheektowaga	NY	42.91	-78.75
Chelsea Cove	NY	41.61	-73.75
Chenango Bridge	NY	42.17	-75.86
Cherry Creek	NY	42.30	-79.10
Cherry Valley	NY	42.80	-74.75
Chester	NY	41.36	-74.28
Chestertown	NY	43.64	-73.78
Chestnut Ridge	NY	41.08	-74.05
Chittenango	NY	43.05	-75.87
Churchville	NY	43.10	-77.88
Clarence	NY	42.98	-78.60
Clarence Center	NY	43.01	-78.63
Clark Mills	NY	43.08	-75.38
Clarkson	NY	43.24	-77.92
Claverack-Red Mills	NY	42.23	-73.72
Clayton	NY	44.24	-76.08
Clayville	NY	42.98	-75.25
Cleveland	NY	43.24	-75.88
Clifton Gardens	NY	42.85	-73.78
Clifton Knolls-Mill Creek	NY	42.85	-73.81
Clifton Springs	NY	42.96	-77.13
Clinton	NY	43.05	-75.38
Clintondale	NY	41.69	-74.04
Clyde	NY	43.08	-76.87
Cobleskill	NY	42.68	-74.49
Cohocton	NY	42.50	-77.50
Cohoes	NY	42.77	-73.71
Cold Brook	NY	43.24	-75.04
Cold Spring	NY	41.42	-73.95
Cold Spring Harbor	NY	40.86	-73.46
Colonie	NY	42.72	-73.83
Colton	NY	44.57	-74.95
Commack	NY	40.84	-73.28
Conesus	NY	42.73	-77.67
Conesus Lake	NY	42.80	-77.70
Congers	NY	41.15	-73.95
Constableville	NY	43.56	-75.43
Constantia	NY	43.26	-76.01
Coopers Plains	NY	42.18	-77.14
Cooperstown	NY	42.70	-74.93
Copake	NY	42.10	-73.55
Copake Falls	NY	42.12	-73.52
Copake Lake	NY	42.15	-73.60
Copenhagen	NY	43.89	-75.67
Copiague	NY	40.67	-73.39
Coram	NY	40.88	-73.01
Corfu	NY	42.96	-78.40
Corinth	NY	43.25	-73.83
Corning	NY	42.15	-77.06
Cornwall-on-Hudson	NY	41.43	-74.02
Cortland	NY	42.60	-76.18
Cortland West	NY	42.59	-76.23
Country Knolls	NY	42.91	-73.81
Cove Neck	NY	40.89	-73.50
Coxsackie	NY	42.36	-73.81
Cragsmoor	NY	41.67	-74.39
Cranberry Lake	NY	44.18	-74.87
Crest View Heights	NY	42.08	-76.12
Croghan	NY	43.89	-75.39
Crompond	NY	41.30	-73.84
Croton-on-Hudson	NY	41.21	-73.90
Crown Heights	NY	41.64	-73.93
Crugers	NY	41.23	-73.93
Crystal Beach	NY	42.81	-77.26
Cuba	NY	42.22	-78.28
Cumberland Head	NY	44.72	-73.40
Cumminsville	NY	42.57	-77.72
Cutchogue	NY	41.02	-72.49
Cuylerville	NY	42.78	-77.87
Dalton	NY	42.54	-77.95
Danby	NY	42.36	-76.47
Dannemora	NY	44.72	-73.72
Dansville	NY	42.56	-77.70
Davenport Center	NY	42.45	-74.91
De Witt	NY	43.03	-76.09
DeKalb Junction	NY	44.51	-75.30
DeRuyter	NY	42.76	-75.89
Deer Park	NY	40.76	-73.32
Deferiet	NY	44.04	-75.68
Delanson	NY	42.75	-74.18
Delevan	NY	42.49	-78.48
Delhi	NY	42.28	-74.92
Depauville	NY	44.14	-76.05
Depew	NY	42.91	-78.70
Deposit	NY	42.06	-75.42
Dering Harbor	NY	41.09	-72.34
Dexter	NY	44.01	-76.04
Dix Hills	NY	40.80	-73.34
Dobbs Ferry	NY	41.01	-73.87
Dolgeville	NY	43.11	-74.78
Dover Plains	NY	41.74	-73.57
Downsville	NY	42.08	-75.00
Dresden	NY	42.68	-76.96
Dryden	NY	42.49	-76.30
Duane Lake	NY	42.75	-74.11
Duanesburg	NY	42.76	-74.13
Dundee	NY	42.52	-76.98
Dunkirk	NY	42.48	-79.33
Durhamville	NY	43.12	-75.67
Eagle Bay	NY	43.77	-74.82
Earlville	NY	42.74	-75.54
East Atlantic Beach	NY	40.59	-73.71
East Aurora	NY	42.77	-78.62
East Avon	NY	42.91	-77.71
East Durham	NY	42.37	-74.09
East Farmingdale	NY	40.74	-73.41
East Frankfort	NY	43.02	-75.06
East Glenville	NY	42.86	-73.93
East Greenbush	NY	42.60	-73.70
East Hampton	NY	40.95	-72.20
East Hampton North	NY	40.97	-72.19
East Herkimer	NY	43.03	-74.96
East Hills	NY	40.80	-73.63
East Islip	NY	40.73	-73.19
East Ithaca	NY	42.42	-76.46
East Kingston	NY	41.95	-73.97
East Marion	NY	41.14	-72.34
East Massapequa	NY	40.68	-73.44
East Meadow	NY	40.72	-73.56
East Moriches	NY	40.81	-72.76
East Nassau	NY	42.54	-73.50
East Northport	NY	40.88	-73.32
East Norwich	NY	40.85	-73.53
East Patchogue	NY	40.77	-72.98
East Quogue	NY	40.85	-72.58
East Randolph	NY	42.17	-78.96
East Rochester	NY	43.11	-77.49
East Rockaway	NY	40.64	-73.67
East Setauket	NY	40.92	-73.09
East Shoreham	NY	40.95	-72.88
East Syracuse	NY	43.06	-76.07
East Williston	NY	40.76	-73.63
East Worcester	NY	42.63	-74.67
Eastchester	NY	40.96	-73.81
Eastport	NY	40.84	-72.74
Eatons Neck	NY	40.93	-73.40
Eden	NY	42.65	-78.90
Edmeston	NY	42.70	-75.25
Edwards	NY	44.32	-75.25
Eggertsville	NY	42.97	-78.81
Elba	NY	43.08	-78.19
Elbridge	NY	43.04	-76.44
Eldred	NY	41.53	-74.88
Elizabethtown	NY	44.23	-73.59
Ellenville	NY	41.70	-74.36
Ellicottville	NY	42.27	-78.67
Ellisburg	NY	43.74	-76.13
Elma Center	NY	42.83	-78.63
Elmira	NY	42.09	-76.81
Elmira Heights	NY	42.13	-76.83
Elmont	NY	40.70	-73.71
Elmsford	NY	41.05	-73.81
Elwood	NY	40.85	-73.34
Endicott	NY	42.10	-76.06
Endwell	NY	42.12	-76.02
Erin	NY	42.18	-76.67
Esperance	NY	42.76	-74.26
Evans Mills	NY	44.09	-75.81
Fabius	NY	42.83	-75.98
Fair Haven	NY	43.32	-76.70
Fairmount	NY	43.04	-76.25
Fairport	NY	43.10	-77.44
Fairview	NY	41.73	-73.91
Falconer	NY	42.12	-79.20
Fallsburg	NY	41.74	-74.61
Farmingdale	NY	40.73	-73.45
Farmingville	NY	40.84	-73.04
Farnham	NY	42.60	-79.08
Fayetteville	NY	43.03	-76.00
Felts Mills	NY	44.01	-75.77
Fillmore	NY	42.47	-78.11
Fire Island	NY	40.64	-73.20
Firthcliffe	NY	41.44	-74.03
Fishers Island	NY	41.27	-71.99
Fishers Landing	NY	44.28	-76.01
Fishkill	NY	41.53	-73.89
Flanders	NY	40.89	-72.60
Fleischmanns	NY	42.15	-74.53
Floral Park	NY	40.72	-73.70
Florida	NY	41.33	-74.35
Flower Hill	NY	40.81	-73.68
Fly Creek	NY	42.72	-74.98
Fonda	NY	42.95	-74.37
Forest Home	NY	42.45	-76.47
Forestville	NY	42.47	-79.18
Fort Ann	NY	43.42	-73.49
Fort Covington	NY	44.98	-74.50
Fort Drum	NY	44.04	-75.79
Fort Edward	NY	43.27	-73.58
Fort Johnson	NY	42.96	-74.24
Fort Montgomery	NY	41.34	-73.99
Fort Plain	NY	42.93	-74.63
Fort Salonga	NY	40.91	-73.30
Fowlerville	NY	42.89	-77.85
Frankfort	NY	43.04	-75.07
Franklin	NY	42.34	-75.17
Franklin Square	NY	40.70	-73.68
Franklinville	NY	42.33	-78.45
Fredonia	NY	42.44	-79.33
Freedom Plains	NY	41.67	-73.80
Freeport	NY	40.65	-73.58
Freeville	NY	42.51	-76.35
Frewsburg	NY	42.06	-79.13
Friendship	NY	42.21	-78.14
Fulton	NY	43.32	-76.42
Fultonville	NY	42.95	-74.37
Gainesville	NY	42.64	-78.13
Galeville	NY	43.09	-76.19
Galway	NY	43.02	-74.03
Gananda	NY	43.13	-77.34
Gang Mills	NY	42.16	-77.13
Garden City	NY	40.73	-73.65
Garden City Park	NY	40.74	-73.66
Garden City South	NY	40.71	-73.66
Gardiner	NY	41.68	-74.15
Gardnertown	NY	41.54	-74.06
Garrattsville	NY	42.65	-75.17
Gasport	NY	43.19	-78.58
Gates	NY	43.16	-77.69
Geneseo	NY	42.80	-77.81
Geneva	NY	42.86	-76.98
Germantown	NY	42.14	-73.89
Ghent	NY	42.32	-73.62
Gilbertsville	NY	42.47	-75.32
Gilgo	NY	40.64	-73.38
Glasco	NY	42.05	-73.95
Glen Aubrey	NY	42.26	-76.00
Glen Cove	NY	40.88	-73.64
Glen Head	NY	40.84	-73.62
Glen Park	NY	44.00	-75.96
Glens Falls	NY	43.31	-73.65
Glens Falls North	NY	43.33	-73.68
Glenwood Landing	NY	40.83	-73.64
Gloversville	NY	43.05	-74.35
Golden's Bridge	NY	41.29	-73.67
Gordon Heights	NY	40.86	-72.96
Gorham	NY	42.80	-77.14
Goshen	NY	41.40	-74.33
Gouverneur	NY	44.34	-75.47
Gowanda	NY	42.46	-78.93
Grahamsville	NY	41.85	-74.55
Grand View-on-Hudson	NY	41.06	-73.92
Grandyle Village	NY	42.99	-78.95
Granville	NY	43.41	-73.26
Great Bend	NY	44.02	-75.70
Great Neck	NY	40.80	-73.73
Great Neck Estates	NY	40.79	-73.74
Great Neck Gardens	NY	40.80	-73.72
Great Neck Plaza	NY	40.79	-73.73
Great River	NY	40.71	-73.18
Greece	NY	43.21	-77.70
Green Island	NY	42.75	-73.69
Greene	NY	42.33	-75.77
Greenlawn	NY	40.86	-73.37
Greenport	NY	41.10	-72.37
Greenport West	NY	41.09	-72.38
Greenvale	NY	40.81	-73.63
Greenville	NY	42.41	-74.02
Greenwich	NY	43.09	-73.50
Greenwood Lake	NY	41.22	-74.29
Greigsville	NY	42.83	-77.90
Groton	NY	42.58	-76.36
Groveland Station	NY	42.66	-77.77
Guilford	NY	42.41	-75.49
Hadley	NY	43.31	-73.85
Hagaman	NY	42.97	-74.16
Hailesboro	NY	44.31	-75.43
Haines Falls	NY	42.20	-74.10
Halesite	NY	40.89	-73.41
Hall	NY	42.80	-77.07
Hamburg	NY	42.72	-78.83
Hamilton	NY	42.83	-75.55
Hamilton College	NY	43.05	-75.41
Hamlin	NY	43.30	-77.92
Hammond	NY	44.45	-75.69
Hammondsport	NY	42.41	-77.22
Hampton Bays	NY	40.86	-72.52
Hampton Manor	NY	42.62	-73.73
Hancock	NY	41.95	-75.28
Hankins	NY	41.82	-75.08
Hannawa Falls	NY	44.60	-74.98
Hannibal	NY	43.32	-76.58
Harbor Hills	NY	40.79	-73.75
Harbor Isle	NY	40.60	-73.66
Harriman	NY	41.31	-74.14
Harris Hill	NY	42.97	-78.68
Harrison	NY	41.02	-73.72
Hartsdale	NY	41.02	-73.80
Hartwick	NY	42.66	-75.06
Hartwick Seminary	NY	42.65	-74.96
Hastings-on-Hudson	NY	40.99	-73.88
Hauppauge	NY	40.82	-73.21
Haverstraw	NY	41.18	-73.94
Haviland	NY	41.76	-73.90
Hawthorne	NY	41.10	-73.80
Head of the Harbor	NY	40.90	-73.16
Hemlock	NY	42.79	-77.61
Hempstead	NY	40.70	-73.62
Henderson	NY	43.85	-76.18
Heritage Hills	NY	41.34	-73.70
Herkimer	NY	43.03	-74.99
Hermon	NY	44.47	-75.23
Herricks	NY	40.76	-73.66
Herrings	NY	44.02	-75.65
Heuvelton	NY	44.62	-75.40
Hewlett	NY	40.64	-73.69
Hewlett Bay Park	NY	40.64	-73.70
Hewlett Harbor	NY	40.63	-73.69
Hewlett Neck	NY	40.62	-73.70
Hicksville	NY	40.76	-73.52
High Falls	NY	41.83	-74.12
Highland	NY	41.72	-73.96
Highland Falls	NY	41.36	-73.97
Highland-on-the-Lake	NY	42.70	-78.98
Hillburn	NY	41.13	-74.17
Hillcrest	NY	41.13	-74.04
Hillside	NY	41.92	-74.03
Hillside Lake	NY	41.62	-73.80
Hilton	NY	43.29	-77.79
Hobart	NY	42.37	-74.67
Holbrook	NY	40.79	-73.07
Holland	NY	42.64	-78.55
Holland Patent	NY	43.24	-75.26
Holley	NY	43.22	-78.03
Holtsville	NY	40.81	-73.04
Homer	NY	42.64	-76.19
Honeoye	NY	42.79	-77.51
Honeoye Falls	NY	42.95	-77.59
Hoosick Falls	NY	42.90	-73.35
Hopewell Junction	NY	41.58	-73.81
Hornell	NY	42.33	-77.66
Horseheads	NY	42.17	-76.83
Horseheads North	NY	42.20	-76.80
Hortonville	NY	41.77	-75.02
Houghton	NY	42.43	-78.17
Hudson	NY	42.25	-73.79
Hudson Falls	NY	43.30	-73.58
Hunt	NY	42.55	-77.99
Hunter	NY	42.21	-74.22
Huntington	NY	40.88	-73.41
Huntington Bay	NY	40.90	-73.41
Huntington Station	NY	40.84	-73.40
Hurley	NY	41.91	-74.06
Hurleyville	NY	41.74	-74.68
Hyde Park	NY	41.78	-73.93
Ilion	NY	43.01	-75.04
Interlaken	NY	42.62	-76.73
Inwood	NY	40.62	-73.76
Irondequoit	NY	43.21	-77.57
Irvington	NY	41.03	-73.87
Island Park	NY	40.61	-73.66
Islandia	NY	40.81	-73.17
Islip	NY	40.73	-73.22
Islip Terrace	NY	40.75	-73.19
Ithaca	NY	42.44	-76.50
Jacksonville	NY	42.51	-76.62
Jamesport	NY	40.96	-72.58
Jamestown	NY	42.10	-79.24
Jamestown West	NY	42.09	-79.28
Jefferson	NY	42.48	-74.60
Jefferson Heights	NY	42.24	-73.88
Jefferson Valley-Yorktown	NY	41.32	-73.80
Jeffersonville	NY	41.78	-74.93
Jericho	NY	40.79	-73.54
Johnson City	NY	42.13	-75.96
Johnstown	NY	43.01	-74.38
Jordan	NY	43.07	-76.47
Kaser	NY	41.12	-74.07
Katonah	NY	41.26	-73.69
Kauneonga Lake	NY	41.69	-74.83
Keeseville	NY	44.50	-73.48
Kenmore	NY	42.96	-78.87
Kennedy	NY	42.16	-79.10
Kensington	NY	40.79	-73.72
Kerhonkson	NY	41.78	-74.28
Keuka Park	NY	42.61	-77.09
Kiamesha Lake	NY	41.68	-74.67
Kinderhook	NY	42.39	-73.70
Kings Park	NY	40.89	-73.25
Kings Point	NY	40.82	-73.74
Kingston	NY	41.93	-74.00
Kiryas Joel	NY	41.34	-74.17
Kysorville	NY	42.65	-77.79
La Fargeville	NY	44.19	-75.95
Lackawanna	NY	42.82	-78.83
Lacona	NY	43.64	-76.07
Lake Carmel	NY	41.46	-73.66
Lake Delta	NY	43.29	-75.47
Lake Erie Beach	NY	42.62	-79.08
Lake George	NY	43.43	-73.72
Lake Grove	NY	40.86	-73.12
Lake Huntington	NY	41.68	-74.99
Lake Katrine	NY	41.99	-73.99
Lake Luzerne	NY	43.33	-73.84
Lake Mohegan	NY	41.32	-73.85
Lake Placid	NY	44.28	-73.99
Lake Ronkonkoma	NY	40.83	-73.11
Lake Success	NY	40.76	-73.71
Lakeland	NY	43.09	-76.24
Lakeview	NY	40.68	-73.65
Lakeville	NY	42.84	-77.70
Lakewood	NY	42.10	-79.32
Lancaster	NY	42.90	-78.67
Lansing	NY	42.49	-76.49
Larchmont	NY	40.93	-73.75
Latham	NY	42.74	-73.75
Lattingtown	NY	40.89	-73.60
Laurel	NY	40.97	-72.55
Laurel Hollow	NY	40.86	-73.48
Laurens	NY	42.53	-75.09
Lawrence	NY	40.60	-73.71
Le Roy	NY	42.98	-77.99
Leeds	NY	42.26	-73.89
Leicester	NY	42.77	-77.90
Levittown	NY	40.72	-73.51
Lewiston	NY	43.17	-79.04
Liberty	NY	41.80	-74.74
Lido Beach	NY	40.59	-73.60
Lima	NY	42.91	-77.61
Lime Lake	NY	42.43	-78.48
Limestone	NY	42.02	-78.63
Lincoln Park	NY	41.96	-74.00
Lincolndale	NY	41.34	-73.73
Lindenhurst	NY	40.69	-73.37
Linwood	NY	42.90	-77.95
Lisle	NY	42.35	-76.01
Little Falls	NY	43.04	-74.86
Little Valley	NY	42.25	-78.80
Liverpool	NY	43.11	-76.21
Livingston Manor	NY	41.89	-74.82
Livonia	NY	42.82	-77.67
Livonia Center	NY	42.82	-77.64
Lloyd Harbor	NY	40.92	-73.44
Loch Sheldrake	NY	41.78	-74.66
Lockport	NY	43.17	-78.70
Locust Valley	NY	40.88	-73.59
Lodi	NY	42.61	-76.82
Long Beach	NY	40.59	-73.67
Long Lake	NY	43.97	-74.43
Lorenz Park	NY	42.27	-73.78
Lorraine	NY	43.77	-75.95
Loudonville	NY	42.71	-73.76
Lowville	NY	43.79	-75.49
Lynbrook	NY	40.66	-73.67
Lyncourt	NY	43.08	-76.13
Lyndonville	NY	43.32	-78.39
Lyon Mountain	NY	44.72	-73.87
Lyons	NY	43.06	-76.99
Lyons Falls	NY	43.62	-75.36
MacDonnell Heights	NY	41.72	-73.86
Macedon	NY	43.06	-77.30
Machias	NY	42.41	-78.49
Madison	NY	42.90	-75.51
Madrid	NY	44.75	-75.13
Mahopac	NY	41.37	-73.74
Malden-on-Hudson	NY	42.09	-73.94
Malone	NY	44.85	-74.29
Malverne	NY	40.67	-73.67
Malverne Park Oaks	NY	40.68	-73.66
Mamaroneck	NY	40.94	-73.73
Manchester	NY	42.97	-77.23
Manhasset	NY	40.78	-73.69
Manhasset Hills	NY	40.76	-73.68
Manlius	NY	43.00	-75.98
Mannsville	NY	43.72	-76.07
Manorhaven	NY	40.84	-73.71
Manorville	NY	40.86	-72.79
Marathon	NY	42.44	-76.04
Marcellus	NY	42.98	-76.34
Marcy	NY	43.13	-75.26
Margaretville	NY	42.15	-74.65
Mariaville Lake	NY	42.82	-74.13
Marion	NY	43.14	-77.19
Marist College	NY	41.72	-73.93
Marlboro	NY	41.60	-73.98
Massapequa	NY	40.67	-73.47
Massapequa Park	NY	40.68	-73.45
Massena	NY	44.93	-74.89
Mastic	NY	40.81	-72.85
Mastic Beach	NY	40.77	-72.84
Matinecock	NY	40.86	-73.58
Mattituck	NY	41.01	-72.54
Mattydale	NY	43.10	-76.14
Maybrook	NY	41.49	-74.21
Mayfield	NY	43.10	-74.27
Mayville	NY	42.25	-79.50
McGraw	NY	42.59	-76.10
McLean	NY	42.55	-76.29
Mechanicstown	NY	41.45	-74.39
Mechanicville	NY	42.90	-73.69
Medford	NY	40.82	-72.99
Medina	NY	43.22	-78.39
Melrose Park	NY	42.91	-76.51
Melville	NY	40.78	-73.41
Menands	NY	42.69	-73.73
Meridian	NY	43.16	-76.54
Merrick	NY	40.65	-73.55
Merritt Park	NY	41.54	-73.87
Mexico	NY	43.47	-76.23
Middle Island	NY	40.89	-72.95
Middleburgh	NY	42.60	-74.33
Middleport	NY	43.21	-78.48
Middletown	NY	41.44	-74.42
Middleville	NY	43.14	-74.97
Milford	NY	42.59	-74.95
Mill Neck	NY	40.88	-73.56
Millbrook	NY	41.78	-73.69
Miller Place	NY	40.94	-72.99
Millerton	NY	41.96	-73.51
Millport	NY	42.27	-76.84
Millwood	NY	41.20	-73.79
Milton	NY	41.66	-73.97
Mineola	NY	40.75	-73.64
Minetto	NY	43.40	-76.48
Mineville	NY	44.09	-73.52
Minoa	NY	43.07	-76.01
Mohawk	NY	43.01	-75.01
Mongaup Valley	NY	41.68	-74.78
Monroe	NY	41.32	-74.19
Monsey	NY	41.11	-74.08
Montauk	NY	41.05	-71.95
Montebello	NY	41.13	-74.11
Montgomery	NY	41.52	-74.24
Monticello	NY	41.65	-74.69
Montour Falls	NY	42.35	-76.85
Montrose	NY	41.24	-73.94
Mooers	NY	44.96	-73.60
Moravia	NY	42.71	-76.42
Moriches	NY	40.81	-72.83
Morris	NY	42.55	-75.25
Morrisonville	NY	44.69	-73.56
Morrisville	NY	42.90	-75.64
Mount Ivy	NY	41.19	-74.03
Mount Kisco	NY	41.20	-73.73
Mount Morris	NY	42.72	-77.88
Mount Sinai	NY	40.94	-73.02
Mount Vernon	NY	40.91	-73.83
Mount Vision	NY	42.58	-75.05
Mountain Dale	NY	41.69	-74.52
Mountain Lodge Park	NY	41.39	-74.14
Munnsville	NY	42.98	-75.59
Munsey Park	NY	40.80	-73.68
Munsons Corners	NY	42.57	-76.20
Muttontown	NY	40.83	-73.54
Myers Corner	NY	41.58	-73.88
Nanuet	NY	41.10	-74.02
Napanoch	NY	41.75	-74.37
Napeague	NY	41.00	-72.06
Naples	NY	42.62	-77.40
Narrowsburg	NY	41.60	-75.05
Nassau	NY	42.51	-73.61
Nassau Lake	NY	42.54	-73.61
Natural Bridge	NY	44.07	-75.50
Nazareth College	NY	43.10	-77.52
Nedrow	NY	42.98	-76.14
Nelliston	NY	42.93	-74.61
Nelsonville	NY	41.43	-73.95
Nesconset	NY	40.85	-73.15
New Baltimore	NY	42.45	-73.79
New Berlin	NY	42.62	-75.34
New Cassel	NY	40.76	-73.56
New City	NY	41.15	-73.99
New Hackensack	NY	41.62	-73.86
New Hamburg	NY	41.59	-73.94
New Hartford	NY	43.07	-75.29
New Hempstead	NY	41.15	-74.05
New Hyde Park	NY	40.73	-73.69
New Paltz	NY	41.75	-74.08
New Rochelle	NY	40.92	-73.78
New Square	NY	41.14	-74.03
New Suffolk	NY	41.00	-72.48
New Windsor	NY	41.47	-74.03
New York	NY	40.66	-73.94
New York Mills	NY	43.10	-75.29
Newark	NY	43.04	-77.09
Newark Valley	NY	42.22	-76.19
Newburgh	NY	41.50	-74.02
Newfane	NY	43.29	-78.69
Newfield	NY	42.36	-76.59
Newport	NY	43.19	-75.02
Niagara Falls	NY	43.09	-79.01
Niagara University	NY	43.14	-79.04
Nichols	NY	42.02	-76.37
Niskayuna	NY	42.80	-73.89
Nissequogue	NY	40.90	-73.19
Niverville	NY	42.45	-73.65
Norfolk	NY	44.79	-74.99
North Amityville	NY	40.70	-73.41
North Babylon	NY	40.73	-73.32
North Ballston Spa	NY	43.02	-73.85
North Bay	NY	43.23	-75.74
North Bay Shore	NY	40.76	-73.26
North Bellmore	NY	40.69	-73.54
North Bellport	NY	40.79	-72.95
North Blenheim	NY	42.47	-74.45
North Boston	NY	42.68	-78.78
North Collins	NY	42.59	-78.94
North Creek	NY	43.69	-73.99
North Gates	NY	43.17	-77.71
North Granville	NY	43.45	-73.36
North Great River	NY	40.76	-73.16
North Haven	NY	41.02	-72.31
North Hills	NY	40.78	-73.68
North Hornell	NY	42.35	-77.66
North Lindenhurst	NY	40.71	-73.39
North Lynbrook	NY	40.67	-73.67
North Massapequa	NY	40.70	-73.47
North Merrick	NY	40.69	-73.56
North New Hyde Park	NY	40.75	-73.69
North Patchogue	NY	40.78	-73.02
North Rose	NY	43.19	-76.89
North Sea	NY	40.93	-72.41
North Syracuse	NY	43.13	-76.13
North Tonawanda	NY	43.05	-78.87
North Valley Stream	NY	40.68	-73.71
North Wantagh	NY	40.69	-73.52
Northampton	NY	40.88	-72.68
Northeast Ithaca	NY	42.47	-76.46
Northport	NY	40.90	-73.34
Northville	NY	40.98	-72.63
Northwest Harbor	NY	41.01	-72.22
Northwest Ithaca	NY	42.46	-76.54
Norwich	NY	42.53	-75.52
Norwood	NY	44.75	-75.00
Noyack	NY	40.98	-72.35
Nunda	NY	42.58	-77.94
Nyack	NY	41.09	-73.92
Oak Beach	NY	40.64	-73.28
Oakdale	NY	40.74	-73.13
Oakfield	NY	43.06	-78.27
Ocean Beach	NY	40.65	-73.16
Oceanside	NY	40.63	-73.64
Odessa	NY	42.33	-76.79
Ogdensburg	NY	44.71	-75.46
Olcott	NY	43.33	-78.72
Old Bethpage	NY	40.75	-73.46
Old Brookville	NY	40.84	-73.61
Old Field	NY	40.97	-73.13
Old Forge	NY	43.71	-74.97
Old Westbury	NY	40.79	-73.60
Olean	NY	42.08	-78.44
Oneida	NY	43.07	-75.67
Oneida Castle	NY	43.08	-75.63
Oneonta	NY	42.45	-75.07
Ontario	NY	43.22	-77.28
Orange Lake	NY	41.54	-74.10
Orangeburg	NY	41.05	-73.94
Orchard Park	NY	42.76	-78.74
Orient	NY	41.15	-72.25
Oriskany	NY	43.16	-75.33
Oriskany Falls	NY	42.94	-75.46
Ossining	NY	41.15	-73.87
Oswego	NY	43.46	-76.50
Otego	NY	42.39	-75.18
Otisville	NY	41.47	-74.54
Otter Lake	NY	43.59	-75.12
Ovid	NY	42.68	-76.82
Owego	NY	42.10	-76.26
Oxbow	NY	44.29	-75.63
Oxford	NY	42.44	-75.60
Oyster Bay	NY	40.87	-73.53
Oyster Bay Cove	NY	40.86	-73.51
Painted Post	NY	42.16	-77.09
Palatine Bridge	NY	42.92	-74.58
Palenville	NY	42.19	-74.03
Palmyra	NY	43.06	-77.23
Pamelia Center	NY	44.04	-75.90
Panama	NY	42.07	-79.49
Parc	NY	44.66	-73.45
Parish	NY	43.41	-76.13
Parishville	NY	44.63	-74.79
Patchogue	NY	40.76	-73.02
Paul Smiths	NY	44.43	-74.25
Pavilion	NY	42.88	-78.02
Pawling	NY	41.56	-73.60
Peach Lake	NY	41.37	-73.58
Pearl River	NY	41.06	-74.01
Peconic	NY	41.04	-72.46
Peekskill	NY	41.29	-73.92
Pelham	NY	40.91	-73.81
Pelham Manor	NY	40.89	-73.81
Penn Yan	NY	42.66	-77.05
Perry	NY	42.72	-78.01
Perrysburg	NY	42.46	-79.00
Peru	NY	44.58	-73.53
Phelps	NY	42.96	-77.06
Philadelphia	NY	44.15	-75.71
Philmont	NY	42.25	-73.65
Phoenicia	NY	42.08	-74.31
Phoenix	NY	43.23	-76.30
Piermont	NY	41.04	-73.91
Pierrepont Manor	NY	43.74	-76.06
Piffard	NY	42.83	-77.86
Pike	NY	42.55	-78.15
Pine Bush	NY	41.61	-74.30
Pine Hill	NY	42.13	-74.47
Pine Plains	NY	41.98	-73.66
Pine Valley	NY	42.23	-76.85
Pittsford	NY	43.09	-77.52
Plainedge	NY	40.72	-73.48
Plainview	NY	40.78	-73.47
Plandome	NY	40.81	-73.70
Plandome Heights	NY	40.80	-73.70
Plandome Manor	NY	40.81	-73.70
Plattekill	NY	41.62	-74.06
Plattsburgh	NY	44.69	-73.46
Plattsburgh West	NY	44.68	-73.51
Pleasant Valley	NY	41.75	-73.83
Pleasantville	NY	41.13	-73.78
Plessis	NY	44.27	-75.86
Poestenkill	NY	42.69	-73.55
Point Lookout	NY	40.59	-73.58
Poland	NY	43.23	-75.06
Pomona	NY	41.19	-74.05
Poquott	NY	40.95	-73.09
Port Byron	NY	43.04	-76.63
Port Chester	NY	41.00	-73.67
Port Dickinson	NY	42.14	-75.89
Port Ewen	NY	41.90	-73.98
Port Gibson	NY	43.03	-77.16
Port Henry	NY	44.05	-73.46
Port Jefferson	NY	40.94	-73.05
Port Jefferson Station	NY	40.93	-73.07
Port Jervis	NY	41.38	-74.69
Port Leyden	NY	43.58	-75.34
Port Washington	NY	40.83	-73.68
Port Washington North	NY	40.84	-73.70
Portlandville	NY	42.54	-74.96
Portville	NY	42.04	-78.34
Potsdam	NY	44.67	-74.98
Pottersville	NY	43.74	-73.82
Poughkeepsie	NY	41.69	-73.92
Prattsburgh	NY	42.52	-77.29
Prattsville	NY	42.35	-74.43
Preston-Potter Hollow	NY	42.43	-74.23
Prospect	NY	43.30	-75.15
Pulaski	NY	43.57	-76.13
Pultneyville	NY	43.27	-77.17
Putnam Lake	NY	41.47	-73.55
Quiogue	NY	40.82	-72.63
Quogue	NY	40.82	-72.60
Radisson	NY	43.18	-76.30
Randolph	NY	42.16	-78.98
Ransomville	NY	43.24	-78.91
Rapids	NY	43.10	-78.64
Ravena	NY	42.48	-73.81
Red Creek	NY	43.25	-76.72
Red Hook	NY	42.00	-73.88
Red Oaks Mill	NY	41.65	-73.87
Redford	NY	44.61	-73.81
Redwood	NY	44.30	-75.81
Remsen	NY	43.33	-75.19
Remsenburg-Speonk	NY	40.82	-72.71
Rensselaer	NY	42.65	-73.73
Rensselaer Falls	NY	44.59	-75.32
Retsof	NY	42.83	-77.88
Rhinebeck	NY	41.93	-73.91
Rhinecliff	NY	41.92	-73.94
Richburg	NY	42.09	-78.16
Richfield Springs	NY	42.85	-74.99
Richmondville	NY	42.63	-74.56
Richville	NY	44.42	-75.39
Ridge	NY	40.90	-72.89
Rifton	NY	41.83	-74.04
Ripley	NY	42.27	-79.71
Riverhead	NY	40.95	-72.68
Riverside	NY	40.91	-72.67
Rochester	NY	43.17	-77.62
Rochester Institute of Technology	NY	43.08	-77.67
Rock Hill	NY	41.62	-74.59
Rockville Centre	NY	40.66	-73.64
Rocky Point	NY	40.94	-72.94
Rodman	NY	43.85	-75.94
Roessleville	NY	42.70	-73.80
Rome	NY	43.23	-75.49
Romulus	NY	42.75	-76.84
Ronkonkoma	NY	40.80	-73.12
Roosevelt	NY	40.68	-73.58
Roscoe	NY	41.94	-74.91
Rosendale	NY	41.85	-74.07
Roslyn	NY	40.80	-73.65
Roslyn Estates	NY	40.79	-73.66
Roslyn Harbor	NY	40.81	-73.64
Roslyn Heights	NY	40.78	-73.64
Rotterdam	NY	42.78	-73.96
Round Lake	NY	42.94	-73.80
Round Top	NY	42.26	-74.03
Rouses Point	NY	44.99	-73.36
Ruby	NY	42.01	-74.01
Rushford	NY	42.39	-78.25
Rushville	NY	42.76	-77.23
Russell Gardens	NY	40.78	-73.73
Rye	NY	40.94	-73.69
Rye Brook	NY	41.03	-73.69
SUNY Oswego	NY	43.46	-76.54
Sackets Harbor	NY	43.94	-76.11
Saddle Rock	NY	40.79	-73.75
Saddle Rock Estates	NY	40.79	-73.74
Sag Harbor	NY	40.99	-72.29
Sagaponack	NY	40.93	-72.27
Salamanca	NY	42.16	-78.74
Salem	NY	43.17	-73.33
Salisbury	NY	40.75	-73.56
Salisbury Center	NY	43.14	-74.78
Salisbury Mills	NY	41.43	-74.11
Salt Point	NY	41.81	-73.79
Saltaire	NY	40.64	-73.19
Sanborn	NY	43.15	-78.88
Sand Ridge	NY	43.26	-76.23
Sands Point	NY	40.85	-73.70
Sandy Creek	NY	43.64	-76.09
Saranac Lake	NY	44.33	-74.13
Saratoga Springs	NY	43.07	-73.78
Saugerties	NY	42.07	-73.94
Saugerties South	NY	42.06	-73.95
Savannah	NY	43.07	-76.76
Savona	NY	42.28	-77.22
Sayville	NY	40.75	-73.09
Scarsdale	NY	40.99	-73.78
Schaghticoke	NY	42.90	-73.59
Schenectady	NY	42.80	-73.93
Schenevus	NY	42.55	-74.83
Schoharie	NY	42.67	-74.31
Schroon Lake	NY	43.84	-73.77
Schuyler Lake	NY	42.78	-75.03
Schuylerville	NY	43.10	-73.58
Scio	NY	42.17	-77.98
Scotchtown	NY	41.48	-74.37
Scotia	NY	42.83	-73.96
Scotts Corners	NY	41.19	-73.56
Scottsburg	NY	42.66	-77.71
Scottsville	NY	43.02	-77.75
Sea Cliff	NY	40.85	-73.65
Seaford	NY	40.67	-73.49
Searingtown	NY	40.77	-73.66
Selden	NY	40.87	-73.05
Seneca Falls	NY	42.91	-76.80
Seneca Knolls	NY	43.12	-76.29
Setauket	NY	40.95	-73.12
Sharon Springs	NY	42.79	-74.61
Shelter Island	NY	41.06	-72.30
Shelter Island Heights	NY	41.06	-72.36
Shenorock	NY	41.33	-73.74
Sherburne	NY	42.68	-75.50
Sherman	NY	42.16	-79.59
Sherrill	NY	43.07	-75.60
Shinnecock Hills	NY	40.89	-72.45
Shirley	NY	40.79	-72.88
Shokan	NY	41.98	-74.21
Shoreham	NY	40.96	-72.91
Shorehaven	NY	41.56	-73.66
Shortsville	NY	42.96	-77.22
Shrub Oak	NY	41.33	-73.83
Sidney	NY	42.31	-75.40
Siena College	NY	42.72	-73.75
Silver Creek	NY	42.54	-79.17
Silver Springs	NY	42.66	-78.08
Sinclairville	NY	42.27	-79.26
Skaneateles	NY	42.95	-76.43
Slaterville Springs	NY	42.40	-76.34
Sleepy Hollow	NY	41.10	-73.87
Sleepy Hollow Lake	NY	42.30	-73.81
Sloan	NY	42.89	-78.79
Sloatsburg	NY	41.16	-74.19
Smallwood	NY	41.66	-74.81
Smithtown	NY	40.86	-73.22
Smithville Flats	NY	42.39	-75.81
Smyrna	NY	42.69	-75.57
Sodus	NY	43.24	-77.06
Sodus Point	NY	43.26	-77.00
Solvay	NY	43.06	-76.21
Sound Beach	NY	40.96	-72.97
South Blooming Grove	NY	41.37	-74.17
South Cairo	NY	42.27	-73.96
South Corning	NY	42.13	-77.04
South Dayton	NY	42.36	-79.05
South Edmeston	NY	42.69	-75.31
South Fallsburg	NY	41.70	-74.63
South Farmingdale	NY	40.72	-73.45
South Floral Park	NY	40.71	-73.70
South Glens Falls	NY	43.29	-73.63
South Hempstead	NY	40.68	-73.62
South Hill	NY	42.41	-76.49
South Huntington	NY	40.82	-73.39
South Ilion	NY	42.99	-75.06
South Lansing	NY	42.53	-76.50
South Lima	NY	42.86	-77.68
South Lockport	NY	43.14	-78.68
South Valley Stream	NY	40.66	-73.72
Southampton	NY	40.88	-72.40
Southold	NY	41.07	-72.43
Southport	NY	42.06	-76.82
Spackenkill	NY	41.65	-73.91
Sparkill	NY	41.03	-73.93
Sparrow Bush	NY	41.40	-74.71
Speculator	NY	43.58	-74.36
Spencer	NY	42.22	-76.49
Spencerport	NY	43.19	-77.81
Spring Valley	NY	41.11	-74.05
Springfield Center	NY	42.84	-74.87
Springs	NY	41.03	-72.16
Springville	NY	42.51	-78.67
Springwater	NY	42.63	-77.60
St. Bonaventure	NY	42.08	-78.47
St. James	NY	40.88	-73.15
St. John Fisher College	NY	43.11	-77.51
St. Johnsville	NY	43.00	-74.68
St. Regis Falls	NY	44.68	-74.53
Staatsburg	NY	41.85	-73.92
Stamford	NY	42.41	-74.62
Stannards	NY	42.07	-77.91
Star Lake	NY	44.17	-75.04
Stewart Manor	NY	40.72	-73.69
Stillwater	NY	42.95	-73.64
Stittville	NY	43.23	-75.29
Stone Ridge	NY	41.85	-74.15
Stony Brook	NY	40.91	-73.13
Stony Brook University	NY	40.91	-73.12
Stony Point	NY	41.23	-74.00
Stottville	NY	42.29	-73.76
Strykersville	NY	42.71	-78.44
Suffern	NY	41.11	-74.14
Sunset Bay	NY	42.56	-79.13
Swan Lake	NY	41.76	-74.78
Sylvan Beach	NY	43.21	-75.72
Syosset	NY	40.82	-73.50
Syracuse	NY	43.04	-76.14
Taconic Shores	NY	42.12	-73.56
Tannersville	NY	42.19	-74.13
Tappan	NY	41.03	-73.95
Tarrytown	NY	41.07	-73.87
Terryville	NY	40.91	-73.05
Thendara	NY	43.70	-75.00
Theresa	NY	44.22	-75.80
Thiells	NY	41.20	-74.01
Thomaston	NY	40.79	-73.72
Thornwood	NY	41.12	-73.78
Thousand Island Park	NY	44.29	-76.03
Three Mile Bay	NY	44.08	-76.20
Ticonderoga	NY	43.84	-73.42
Tillson	NY	41.83	-74.07
Tioga Terrace	NY	42.05	-76.12
Titusville	NY	41.67	-73.87
Tivoli	NY	42.05	-73.92
Tonawanda	NY	43.01	-78.88
Tonawanda Town	NY	42.99	-78.88
Town Line	NY	42.89	-78.56
Tribes Hill	NY	42.95	-74.30
Troy	NY	42.74	-73.68
Trumansburg	NY	42.54	-76.66
Tuckahoe	NY	40.90	-72.44
Tully	NY	42.80	-76.11
Tupper Lake	NY	44.23	-74.46
Turin	NY	43.63	-75.41
Tuscarora	NY	42.63	-77.87
Tuxedo	NY	41.24	-74.17
Tuxedo Park	NY	41.20	-74.21
Unadilla	NY	42.33	-75.31
Unadilla Forks	NY	42.85	-75.23
Union Springs	NY	42.85	-76.69
Uniondale	NY	40.72	-73.59
Unionville	NY	41.30	-74.56
University Gardens	NY	40.78	-73.73
University at Buffalo	NY	43.00	-78.79
Upper Brookville	NY	40.85	-73.56
Upper Nyack	NY	41.12	-73.91
Upper Red Hook	NY	42.03	-73.85
Utica	NY	43.10	-75.23
Vails Gate	NY	41.46	-74.05
Valatie	NY	42.41	-73.68
Valhalla	NY	41.08	-73.78
Valley Cottage	NY	41.12	-73.94
Valley Falls	NY	42.90	-73.56
Valley Stream	NY	40.66	-73.70
Van Etten	NY	42.20	-76.55
Varna	NY	42.45	-76.44
Vassar College	NY	41.69	-73.89
Vernon	NY	43.08	-75.54
Verona	NY	43.14	-75.57
Verplanck	NY	41.25	-73.96
Victor	NY	42.98	-77.41
Victory	NY	43.09	-73.59
Village Green	NY	43.13	-76.31
Village of the Branch	NY	40.85	-73.18
Viola	NY	41.13	-74.08
Virgil	NY	42.51	-76.20
Voorheesville	NY	42.65	-73.93
Waddington	NY	44.86	-75.20
Wading River	NY	40.95	-72.81
Wadsworth	NY	42.82	-77.89
Wainscott	NY	40.95	-72.26
Walden	NY	41.56	-74.19
Walker Valley	NY	41.64	-74.37
Wallkill	NY	41.61	-74.16
Walton	NY	42.17	-75.13
Walton Park	NY	41.31	-74.23
Walworth	NY	43.14	-77.28
Wampsville	NY	43.08	-75.71
Wanakah	NY	42.74	-78.90
Wantagh	NY	40.67	-73.51
Wappingers Falls	NY	41.60	-73.92
Warrensburg	NY	43.51	-73.77
Warsaw	NY	42.74	-78.14
Warwick	NY	41.26	-74.35
Washington Heights	NY	41.47	-74.41
Washington Mills	NY	43.05	-75.28
Washingtonville	NY	41.43	-74.16
Wassaic	NY	41.81	-73.56
Watchtower	NY	41.64	-74.26
Water Mill	NY	40.92	-72.35
Waterford	NY	42.79	-73.68
Waterloo	NY	42.90	-76.86
Watertown	NY	43.97	-75.91
Waterville	NY	42.93	-75.38
Watervliet	NY	42.72	-73.71
Watkins Glen	NY	42.38	-76.87
Waverly	NY	42.01	-76.54
Wayland	NY	42.56	-77.60
Webster	NY	43.22	-77.42
Websters Crossing	NY	42.67	-77.64
Weedsport	NY	43.05	-76.56
Wells	NY	43.39	-74.30
Wells Bridge	NY	42.37	-75.24
Wellsburg	NY	42.01	-76.73
Wellsville	NY	42.12	-77.95
Wesley Hills	NY	41.16	-74.08
West Babylon	NY	40.71	-73.36
West Bay Shore	NY	40.70	-73.26
West Carthage	NY	43.97	-75.62
West Chazy	NY	44.82	-73.51
West Danby	NY	42.32	-76.53
West Elmira	NY	42.09	-76.84
West End	NY	42.48	-75.09
West Glens Falls	NY	43.30	-73.70
West Hampton Dunes	NY	40.78	-72.71
West Haverstraw	NY	41.21	-73.99
West Hempstead	NY	40.70	-73.65
West Hills	NY	40.82	-73.43
West Hurley	NY	42.01	-74.11
West Islip	NY	40.70	-73.30
West Kill	NY	42.22	-74.39
West Nyack	NY	41.09	-73.97
West Point	NY	41.36	-74.02
West Sand Lake	NY	42.64	-73.60
West Sayville	NY	40.73	-73.11
West Seneca	NY	42.84	-78.75
West Valley	NY	42.40	-78.61
West Winfield	NY	42.88	-75.19
Westbury	NY	40.76	-73.59
Westernville	NY	43.31	-75.39
Westfield	NY	42.32	-79.57
Westford	NY	42.65	-74.80
Westhampton	NY	40.85	-72.66
Westhampton Beach	NY	40.81	-72.65
Westmere	NY	42.69	-73.87
Westmoreland	NY	43.11	-75.40
Weston Mills	NY	42.07	-78.37
Westport	NY	44.18	-73.43
Westvale	NY	43.04	-76.22
Wheatley Heights	NY	40.76	-73.37
White Lake	NY	43.54	-75.15
White Plains	NY	41.02	-73.75
Whitehall	NY	43.55	-73.43
Whitesboro	NY	43.12	-75.30
Whitney Point	NY	42.33	-75.97
Williamson	NY	43.22	-77.18
Williamsville	NY	42.96	-78.74
Williston Park	NY	40.76	-73.65
Willsboro	NY	44.36	-73.39
Willsboro Point	NY	44.42	-73.38
Wilmington	NY	44.39	-73.82
Wilson	NY	43.31	-78.83
Windham	NY	42.31	-74.25
Windsor	NY	42.08	-75.64
Wingdale	NY	41.64	-73.57
Winthrop	NY	44.80	-74.81
Witherbee	NY	44.08	-73.53
Wolcott	NY	43.22	-76.81
Woodbourne	NY	41.76	-74.60
Woodbury	NY	41.33	-74.10
Woodmere	NY	40.64	-73.72
Woodridge	NY	41.72	-74.58
Woodsburgh	NY	40.62	-73.71
Woodstock	NY	42.04	-74.12
Woodsville	NY	42.58	-77.73
Worcester	NY	42.61	-74.74
Wurtsboro	NY	41.58	-74.49
Wurtsboro Hills	NY	41.60	-74.51
Wyandanch	NY	40.75	-73.36
Wynantskill	NY	42.69	-73.64
Wyoming	NY	42.82	-78.08
Yaphank	NY	40.83	-72.93
Yonkers	NY	40.95	-73.87
York	NY	42.87	-77.89
Yorkshire	NY	42.52	-78.48
Yorktown Heights	NY	41.27	-73.77
Yorkville	NY	43.11	-75.27
Youngstown	NY	43.25	-79.04
Zena	NY	42.02	-74.09
Aberdeen	OH	38.67	-83.77
Ada	OH	40.77	-83.83
Adamsville	OH	40.07	-81.88
Addyston	OH	39.14	-84.71
Adelphi	OH	39.46	-82.75
Adena	OH	40.22	-80.88
Ai	OH	41.63	-83.94
Akron	OH	41.08	-81.52
Albany	OH	39.23	-82.19
Alexandria	OH	40.09	-82.61
Alger	OH	40.71	-83.84
Alliance	OH	40.91	-81.12
Alvordton	OH	41.66	-84.43
Amanda	OH	39.65	-82.74
Amberley	OH	39.20	-84.43
Amelia	OH	39.03	-84.22
Amesville	OH	39.40	-81.96
Amherst	OH	41.41	-82.23
Amsterdam	OH	40.47	-80.92
Andersonville	OH	39.43	-83.02
Andover	OH	41.61	-80.57
Anna	OH	40.40	-84.18
Ansonia	OH	40.21	-84.63
Antioch	OH	39.66	-81.07
Antwerp	OH	41.18	-84.74
Apple Creek	OH	40.75	-81.83
Apple Valley	OH	40.44	-82.35
Aquilla	OH	41.55	-81.17
Arcadia	OH	41.11	-83.51
Arcanum	OH	39.99	-84.55
Archbold	OH	41.52	-84.30
Arlington	OH	40.89	-83.65
Arlington Heights	OH	39.22	-84.46
Ashland	OH	40.87	-82.32
Ashley	OH	40.41	-82.95
Ashtabula	OH	41.88	-80.80
Ashville	OH	39.72	-82.96
Athalia	OH	38.51	-82.31
Athens	OH	39.33	-82.10
Attica	OH	41.06	-82.89
Atwater	OH	41.03	-81.16
Aurora	OH	41.31	-81.34
Austinburg	OH	41.77	-80.86
Austintown	OH	41.09	-80.74
Avon	OH	41.45	-82.01
Avon Lake	OH	41.49	-82.02
Bailey Lakes	OH	40.95	-82.36
Bainbridge	OH	41.38	-81.35
Bairdstown	OH	41.17	-83.61
Ballville	OH	41.32	-83.13
Baltic	OH	40.44	-81.70
Baltimore	OH	39.85	-82.60
Bannock	OH	40.10	-80.98
Barberton	OH	41.01	-81.60
Barnesville	OH	39.99	-81.17
Barnhill	OH	40.45	-81.37
Bascom	OH	41.13	-83.29
Bass Lake	OH	41.56	-81.23
Batavia	OH	39.08	-84.18
Batesville	OH	39.91	-81.28
Bay View	OH	41.47	-82.82
Bay Village	OH	41.49	-81.93
Beach City	OH	40.65	-81.58
Beachwood	OH	41.48	-81.50
Beallsville	OH	39.85	-81.04
Beaver	OH	39.03	-82.83
Beavercreek	OH	39.73	-84.06
Beaverdam	OH	40.83	-83.97
Beckett Ridge	OH	39.34	-84.44
Bedford	OH	41.39	-81.53
Bedford Heights	OH	41.40	-81.50
Beechwood Trails	OH	40.03	-82.66
Bellaire	OH	40.02	-80.75
Bellbrook	OH	39.64	-84.09
Belle Center	OH	40.51	-83.75
Belle Valley	OH	39.79	-81.56
Bellefontaine	OH	40.36	-83.76
Bellevue	OH	41.27	-82.84
Bellville	OH	40.62	-82.51
Belmont	OH	40.03	-81.04
Belmore	OH	41.15	-83.94
Beloit	OH	40.92	-81.00
Belpre	OH	39.28	-81.59
Bentleyville	OH	41.41	-81.41
Benton Ridge	OH	41.00	-83.79
Bentonville	OH	38.75	-83.61
Berea	OH	41.37	-81.86
Bergholz	OH	40.52	-80.89
Berkey	OH	41.71	-83.84
Berlin	OH	40.55	-81.80
Berlin Heights	OH	41.32	-82.49
Bethel	OH	38.96	-84.08
Bethesda	OH	40.02	-81.07
Bettsville	OH	41.24	-83.23
Beulah Beach	OH	41.39	-82.44
Beverly	OH	39.55	-81.64
Bexley	OH	39.97	-82.93
Bidwell	OH	38.92	-82.29
Birmingham	OH	41.33	-82.36
Blacklick Estates	OH	39.90	-82.87
Bladensburg	OH	40.29	-82.28
Blaine	OH	40.07	-80.81
Blakeslee	OH	41.52	-84.73
Blanchester	OH	39.30	-83.97
Bloomdale	OH	41.17	-83.55
Bloomingburg	OH	39.61	-83.40
Bloomingdale	OH	40.34	-80.82
Bloomingville	OH	41.36	-82.73
Bloomville	OH	41.05	-83.01
Blue Ash	OH	39.25	-84.39
Blue Jay	OH	39.24	-84.74
Bluffton	OH	40.89	-83.89
Bolindale	OH	41.21	-80.78
Bolivar	OH	40.66	-81.45
Bolton	OH	40.94	-81.13
Boston Heights	OH	41.25	-81.51
Botkins	OH	40.45	-84.18
Bourneville	OH	39.28	-83.16
Bowerston	OH	40.43	-81.19
Bowersville	OH	39.58	-83.72
Bowling Green	OH	41.38	-83.65
Bradford	OH	40.13	-84.43
Bradner	OH	41.32	-83.44
Brady Lake	OH	41.16	-81.32
Brandt	OH	39.90	-84.09
Bratenahl	OH	41.56	-81.60
Brecksville	OH	41.31	-81.62
Brecon	OH	39.28	-84.35
Bremen	OH	39.71	-82.43
Brewster	OH	40.71	-81.61
Brice	OH	39.92	-82.83
Bridgeport	OH	40.06	-80.75
Bridgetown	OH	39.16	-84.64
Brilliant	OH	40.27	-80.64
Brimfield	OH	41.10	-81.35
Broadview Heights	OH	41.32	-81.68
Brook Park	OH	41.40	-81.82
Brookfield Center	OH	41.24	-80.55
Brooklyn	OH	41.43	-81.75
Brooklyn Heights	OH	41.42	-81.67
Brookside	OH	40.07	-80.76
Brookville	OH	39.84	-84.42
Broughton	OH	41.09	-84.53
Brownsville	OH	39.94	-82.25
Brunersburg	OH	41.31	-84.39
Brunswick	OH	41.25	-81.82
Bryan	OH	41.47	-84.55
Buchtel	OH	39.46	-82.18
Buckeye Lake	OH	39.94	-82.48
Buckland	OH	40.62	-84.26
Bucyrus	OH	40.81	-82.97
Buffalo	OH	39.92	-81.52
Buford	OH	39.07	-83.84
Burbank	OH	40.99	-81.99
Burgoon	OH	41.27	-83.25
Burkettsville	OH	40.35	-84.64
Burlington	OH	38.41	-82.53
Burton	OH	41.47	-81.15
Butler	OH	40.59	-82.42
Butlerville	OH	39.30	-84.09
Byesville	OH	39.97	-81.55
Cadiz	OH	40.26	-80.99
Cairo	OH	40.83	-84.08
Calcutta	OH	40.69	-80.55
Caldwell	OH	39.75	-81.51
Caledonia	OH	40.64	-82.97
Cambridge	OH	40.02	-81.59
Camden	OH	39.64	-84.64
Camp Dennison	OH	39.19	-84.29
Campbell	OH	41.08	-80.59
Canal Fulton	OH	40.89	-81.59
Canal Lewisville	OH	40.30	-81.84
Canal Winchester	OH	39.85	-82.82
Candlewood Lake	OH	40.62	-82.77
Canfield	OH	41.03	-80.77
Canton	OH	40.81	-81.37
Carbon Hill	OH	39.50	-82.24
Cardington	OH	40.50	-82.89
Carey	OH	40.95	-83.39
Carlisle	OH	39.58	-84.32
Carroll	OH	39.80	-82.71
Carrollton	OH	40.58	-81.09
Casstown	OH	40.05	-84.13
Castalia	OH	41.40	-82.80
Castine	OH	39.93	-84.62
Catawba	OH	40.00	-83.62
Cecil	OH	41.22	-84.60
Cedarville	OH	39.75	-83.81
Celeryville	OH	41.03	-82.73
Celina	OH	40.56	-84.56
Centerburg	OH	40.30	-82.70
Centerville	OH	39.63	-84.15
Centerville (Thurman)	OH	38.90	-82.45
Chagrin Falls	OH	41.43	-81.39
Champion Heights	OH	41.30	-80.85
Chardon	OH	41.58	-81.21
Chatfield	OH	40.95	-82.94
Chauncey	OH	39.40	-82.13
Cherry Fork	OH	38.89	-83.61
Cherry Grove	OH	39.08	-84.32
Chesapeake	OH	38.43	-82.46
Cheshire	OH	38.95	-82.11
Chesterhill	OH	39.49	-81.87
Chesterland	OH	41.53	-81.36
Chesterville	OH	40.48	-82.68
Cheviot	OH	39.16	-84.61
Chickasaw	OH	40.44	-84.49
Chillicothe	OH	39.34	-83.00
Chilo	OH	38.79	-84.14
Chippewa Lake	OH	41.07	-81.90
Chippewa Park	OH	40.52	-83.89
Choctaw Lake	OH	39.96	-83.49
Christiansburg	OH	40.06	-84.03
Churchill	OH	41.17	-80.67
Cincinnati	OH	39.14	-84.51
Cinnamon Lake	OH	40.99	-82.20
Circleville	OH	39.60	-82.93
Clarington	OH	39.78	-80.86
Clarksburg	OH	39.51	-83.15
Clarksville	OH	39.40	-83.99
Clarktown	OH	38.85	-82.91
Clay Center	OH	41.57	-83.36
Clayton	OH	39.87	-84.33
Cleveland	OH	41.48	-81.68
Cleveland Heights	OH	41.51	-81.56
Cleves	OH	39.16	-84.74
Clifton	OH	39.80	-83.83
Clinton	OH	40.93	-81.63
Cloverdale	OH	41.02	-84.30
Clyde	OH	41.30	-82.98
Coal Grove	OH	38.49	-82.64
Coalton	OH	39.11	-82.61
Coldstream	OH	39.04	-84.34
Coldwater	OH	40.48	-84.63
College Corner	OH	39.57	-84.81
Collins	OH	41.25	-82.48
Columbiana	OH	40.89	-80.67
Columbus	OH	39.98	-82.98
Columbus Grove	OH	40.92	-84.06
Commercial Point	OH	39.79	-83.02
Concorde Hills	OH	39.21	-84.36
Conesville	OH	40.19	-81.89
Congress	OH	40.93	-82.06
Conneaut	OH	41.93	-80.57
Connorville	OH	40.19	-80.72
Continental	OH	41.10	-84.27
Convoy	OH	40.92	-84.71
Coolville	OH	39.22	-81.80
Corning	OH	39.60	-82.09
Cortland	OH	41.33	-80.72
Corwin	OH	39.52	-84.07
Coshocton	OH	40.26	-81.85
Covedale	OH	39.13	-84.64
Covington	OH	40.12	-84.35
Craig Beach	OH	41.12	-80.98
Crestline	OH	40.78	-82.75
Creston	OH	40.98	-81.90
Cridersville	OH	40.65	-84.14
Crooksville	OH	39.77	-82.09
Crown City	OH	38.59	-82.30
Crystal Lakes	OH	39.89	-84.02
Crystal Rock	OH	41.45	-82.84
Cumberland	OH	39.85	-81.66
Curtice	OH	41.62	-83.37
Custar	OH	41.28	-83.84
Cuyahoga Falls	OH	41.18	-81.55
Cuyahoga Heights	OH	41.44	-81.65
Cygnet	OH	41.24	-83.64
Cynthiana	OH	39.17	-83.35
Dalton	OH	40.80	-81.70
Damascus	OH	40.91	-80.95
Danville	OH	40.45	-82.26
Darbydale	OH	39.86	-83.17
Darbyville	OH	39.70	-83.11
Darrtown	OH	39.50	-84.67
Day Heights	OH	39.18	-84.23
Dayton	OH	39.78	-84.20
De Graff	OH	40.31	-83.92
Deer Park	OH	39.20	-84.40
Deersville	OH	40.31	-81.19
Defiance	OH	41.28	-84.37
Delaware	OH	40.29	-83.07
Delhi Hills	OH	39.09	-84.62
Dellroy	OH	40.56	-81.20
Delphos	OH	40.85	-84.34
Delshire	OH	39.09	-84.60
Delta	OH	41.58	-84.01
Dennison	OH	40.40	-81.33
Dent	OH	39.19	-84.66
Derby	OH	39.76	-83.21
Deshler	OH	41.21	-83.91
Devola	OH	39.47	-81.47
Dexter City	OH	39.66	-81.47
Dillonvale	OH	39.22	-84.40
Dola	OH	40.78	-83.70
Donnelsville	OH	39.92	-83.94
Dover	OH	40.53	-81.48
Doylestown	OH	40.97	-81.70
Dresden	OH	40.12	-82.01
Drexel	OH	39.74	-84.29
Dry Ridge	OH	39.25	-84.64
Dry Run	OH	39.10	-84.33
Dublin	OH	40.11	-83.15
Duncan Falls	OH	39.88	-81.91
Dundee	OH	40.59	-81.61
Dunkirk	OH	40.79	-83.64
Dunlap	OH	39.30	-84.64
Dupont	OH	41.06	-84.30
East Alliance	OH	40.91	-81.07
East Canton	OH	40.79	-81.29
East Cleveland	OH	41.53	-81.58
East Fultonham	OH	39.85	-82.12
East Liberty	OH	40.33	-83.59
East Liverpool	OH	40.63	-80.57
East Palestine	OH	40.84	-80.55
East Rochester	OH	40.75	-81.04
East Sparta	OH	40.66	-81.36
East Springfield	OH	40.45	-80.86
Eastlake	OH	41.66	-81.43
Eaton	OH	39.75	-84.63
Eaton Estates	OH	41.30	-82.01
Edgerton	OH	41.45	-84.75
Edgewood	OH	41.88	-80.75
Edison	OH	40.56	-82.86
Edon	OH	41.56	-84.77
Eldorado	OH	39.90	-84.68
Elgin	OH	40.74	-84.48
Elida	OH	40.79	-84.20
Elizabethtown	OH	39.16	-84.80
Elmore	OH	41.47	-83.29
Elmwood Place	OH	39.19	-84.49
Elyria	OH	41.37	-82.11
Empire	OH	40.51	-80.63
Englewood	OH	39.87	-84.31
Enon	OH	39.87	-83.93
Etna	OH	39.96	-82.69
Euclid	OH	41.59	-81.52
Evendale	OH	39.25	-84.43
Fairborn	OH	39.80	-84.01
Fairfax	OH	39.14	-84.40
Fairfield	OH	39.33	-84.54
Fairfield Beach	OH	39.92	-82.48
Fairlawn	OH	41.13	-81.62
Fairport Harbor	OH	41.75	-81.27
Fairview	OH	40.06	-81.23
Fairview Park	OH	41.44	-81.85
Farmersville	OH	39.68	-84.43
Fayette	OH	41.67	-84.33
Fayetteville	OH	39.19	-83.93
Felicity	OH	38.84	-84.10
Findlay	OH	41.05	-83.64
Finneytown	OH	39.22	-84.51
Five Points	OH	39.56	-84.19
Flat Rock	OH	41.24	-82.86
Fletcher	OH	40.14	-84.11
Florida	OH	41.32	-84.20
Flushing	OH	40.15	-81.06
Forest	OH	40.80	-83.51
Forest Park	OH	39.29	-84.53
Forestville	OH	39.07	-84.34
Fort Jennings	OH	40.91	-84.30
Fort Loramie	OH	40.35	-84.37
Fort McKinley	OH	39.80	-84.25
Fort Recovery	OH	40.41	-84.78
Fort Seneca	OH	41.20	-83.17
Fort Shawnee	OH	40.68	-84.15
Fostoria	OH	41.16	-83.41
Four Bridges	OH	39.38	-84.36
Frankfort	OH	39.41	-83.18
Franklin	OH	39.55	-84.30
Franklin Furnace	OH	38.63	-82.85
Frazeysburg	OH	40.12	-82.12
Fredericksburg	OH	40.68	-81.87
Fredericktown	OH	40.48	-82.55
Freeport	OH	40.21	-81.27
Fremont	OH	41.35	-83.12
Fresno	OH	40.33	-81.74
Friendship	OH	38.70	-83.10
Fruit Hill	OH	39.07	-84.37
Fulton	OH	40.46	-82.83
Fultonham	OH	39.86	-82.14
Gahanna	OH	40.04	-82.88
Galena	OH	40.23	-82.88
Galion	OH	40.74	-82.78
Gallipolis	OH	38.82	-82.19
Gambier	OH	40.38	-82.39
Gann (Brinkhaven)	OH	40.47	-82.19
Garfield Heights	OH	41.42	-81.61
Garrettsville	OH	41.28	-81.09
Gates Mills	OH	41.53	-81.41
Geneva	OH	41.80	-80.95
Geneva-on-the-Lake	OH	41.86	-80.95
Genoa	OH	41.52	-83.36
Georgetown	OH	38.87	-83.90
Germantown	OH	39.63	-84.36
Gettysburg	OH	40.12	-84.50
Gibsonburg	OH	41.39	-83.32
Gilboa	OH	41.02	-83.92
Girard	OH	41.17	-80.70
Glandorf	OH	41.03	-84.08
Glencoe	OH	40.01	-80.88
Glendale	OH	39.27	-84.46
Glenford	OH	39.89	-82.32
Glenmont	OH	40.52	-82.09
Glenmoor	OH	40.66	-80.61
Glenwillow	OH	41.36	-81.47
Gloria Glens Park	OH	41.06	-81.90
Glouster	OH	39.50	-82.08
Gnadenhutten	OH	40.36	-81.43
Golf Manor	OH	39.19	-84.45
Gomer	OH	40.85	-84.18
Good Hope	OH	39.45	-83.36
Gordon	OH	39.93	-84.51
Goshen	OH	39.23	-84.15
Grafton	OH	41.28	-82.03
Grand Rapids	OH	41.40	-83.87
Grand River	OH	41.74	-81.29
Grandview	OH	39.20	-84.72
Grandview Heights	OH	39.98	-83.04
Granville	OH	40.06	-82.50
Granville South	OH	40.05	-82.55
Gratiot	OH	39.95	-82.22
Gratis	OH	39.65	-84.53
Graysville	OH	39.66	-81.17
Green	OH	40.95	-81.47
Green Camp	OH	40.53	-83.21
Green Meadows	OH	39.87	-83.95
Green Springs	OH	41.26	-83.05
Greenfield	OH	39.35	-83.39
Greenhills	OH	39.27	-84.52
Greentown	OH	40.93	-81.40
Greenville	OH	40.10	-84.62
Greenwich	OH	41.03	-82.52
Groesbeck	OH	39.23	-84.60
Grove City	OH	39.89	-83.10
Groveport	OH	39.86	-82.89
Grover Hill	OH	41.02	-84.48
Guilford Lake	OH	40.80	-80.87
Hamburg	OH	39.65	-82.66
Hamden	OH	39.16	-82.53
Hamersville	OH	38.92	-83.99
Hamilton	OH	39.39	-84.57
Hamler	OH	41.23	-84.04
Hanging Rock	OH	38.56	-82.73
Hannibal	OH	39.67	-80.87
Hanover	OH	40.08	-82.28
Hanoverton	OH	40.75	-80.94
Harbor Hills	OH	39.94	-82.43
Harbor View	OH	41.69	-83.44
Harpster	OH	40.74	-83.25
Harrisburg	OH	40.89	-81.23
Harrison	OH	39.26	-84.79
Harrisville	OH	40.18	-80.89
Harrod	OH	40.71	-83.92
Hartford (Croton)	OH	40.24	-82.69
Hartville	OH	40.96	-81.34
Harveysburg	OH	39.50	-83.99
Haskins	OH	41.46	-83.70
Haviland	OH	41.02	-84.59
Haydenville	OH	39.48	-82.32
Hayesville	OH	40.78	-82.26
Heath	OH	40.02	-82.44
Hebron	OH	39.97	-82.49
Helena	OH	41.34	-83.29
Hemlock	OH	39.59	-82.15
Hessville	OH	41.40	-83.24
Hicksville	OH	41.29	-84.76
Hidden Lakes	OH	40.55	-82.76
Hide-A-Way Hills	OH	39.65	-82.47
Higginsport	OH	38.79	-83.97
Highland	OH	39.34	-83.60
Highland Heights	OH	41.55	-81.47
Highland Hills	OH	41.45	-81.52
Highland Holiday	OH	39.20	-83.47
Highpoint	OH	39.29	-84.35
Hilliard	OH	40.03	-83.16
Hills and Dales	OH	40.83	-81.44
Hillsboro	OH	39.21	-83.61
Hilltop	OH	41.16	-80.74
Hiram	OH	41.31	-81.14
Hockingport	OH	39.19	-81.74
Holgate	OH	41.25	-84.13
Holiday City	OH	41.62	-84.54
Holiday Lakes	OH	41.10	-82.73
Holiday Valley	OH	39.85	-83.96
Holland	OH	41.62	-83.71
Hollansburg	OH	40.00	-84.79
Holloway	OH	40.16	-81.13
Holmesville	OH	40.63	-81.92
Homeworth	OH	40.84	-81.07
Hooven	OH	39.18	-84.77
Hopedale	OH	40.33	-80.90
Howard	OH	40.41	-82.33
Howland Center	OH	41.25	-80.74
Hoytville	OH	41.19	-83.78
Hubbard	OH	41.16	-80.56
Huber Heights	OH	39.86	-84.11
Huber Ridge	OH	40.09	-82.92
Hudson	OH	41.24	-81.44
Hunter	OH	39.49	-84.29
Hunting Valley	OH	41.48	-81.41
Huntsville	OH	40.44	-83.80
Huron	OH	41.40	-82.56
Iberia	OH	40.68	-82.83
Independence	OH	41.38	-81.63
Irondale	OH	40.57	-80.73
Ironton	OH	38.53	-82.68
Ithaca	OH	39.94	-84.55
Jackson	OH	39.04	-82.64
Jackson Center	OH	40.44	-84.04
Jacksonburg	OH	39.54	-84.50
Jacksontown	OH	39.97	-82.41
Jacksonville	OH	39.48	-82.08
Jamestown	OH	39.66	-83.75
Jefferson	OH	41.74	-80.77
Jeffersonville	OH	39.65	-83.55
Jenera	OH	40.90	-83.73
Jeromesville	OH	40.80	-82.20
Jerry City	OH	41.25	-83.60
Jersey	OH	40.06	-82.72
Jerusalem	OH	39.85	-81.10
Jewett	OH	40.37	-81.00
Johnstown	OH	40.15	-82.69
Junction City	OH	39.72	-82.30
Kalida	OH	40.99	-84.19
Kanauga	OH	38.84	-82.15
Kansas	OH	41.25	-83.28
Kelleys Island	OH	41.60	-82.71
Kent	OH	41.15	-81.36
Kenton	OH	40.64	-83.61
Kenwood	OH	39.21	-84.38
Kettering	OH	39.70	-84.15
Kettlersville	OH	40.44	-84.25
Kidron	OH	40.75	-81.75
Kilbourne	OH	40.33	-82.96
Killbuck	OH	40.50	-81.98
Kimbolton	OH	40.15	-81.58
Kings Mills	OH	39.36	-84.24
Kingston	OH	39.47	-82.91
Kingsville	OH	41.88	-80.67
Kinsman Center	OH	41.45	-80.58
Kipton	OH	41.27	-82.30
Kirby	OH	40.81	-83.42
Kirkersville	OH	39.94	-82.59
Kirtland	OH	41.60	-81.34
Kirtland Hills	OH	41.64	-81.33
Kunkle	OH	41.64	-84.49
La Croft	OH	40.65	-80.60
La Rue	OH	40.58	-83.38
LaGrange	OH	41.24	-82.11
Lafayette	OH	39.94	-83.41
Lafferty	OH	40.12	-81.02
Lake Buckhorn	OH	40.47	-81.91
Lake Darby	OH	39.96	-83.22
Lake Lakengren	OH	39.69	-84.69
Lake Lorelei	OH	39.19	-83.97
Lake Milton	OH	41.09	-80.98
Lake Mohawk	OH	40.66	-81.19
Lake Seneca	OH	41.67	-84.65
Lake Tomahawk	OH	40.76	-80.60
Lake Waynoka	OH	38.94	-83.78
Lakeline	OH	41.66	-81.45
Lakemore	OH	41.02	-81.42
Lakeside	OH	41.54	-82.75
Lakeview	OH	40.49	-83.93
Lakewood	OH	41.48	-81.80
Lancaster	OH	39.73	-82.61
Landen	OH	39.32	-84.28
Lansing	OH	40.08	-80.79
Latty	OH	41.09	-84.58
Laura	OH	40.00	-84.41
Laurelville	OH	39.47	-82.74
Lawrenceville	OH	39.98	-83.88
Leavittsburg	OH	41.25	-80.88
Lebanon	OH	39.43	-84.21
Leesburg	OH	39.34	-83.55
Leesville	OH	40.45	-81.21
Leetonia	OH	40.88	-80.76
Leipsic	OH	41.11	-83.97
Lewisburg	OH	39.85	-84.54
Lewistown	OH	40.42	-83.88
Lewisville	OH	39.77	-81.22
Lexington	OH	40.68	-82.58
Liberty Center	OH	41.44	-84.01
Lima	OH	40.74	-84.11
Limaville	OH	40.99	-81.15
Lincoln Heights	OH	39.24	-84.46
Lincoln Village	OH	39.95	-83.13
Lindsey	OH	41.42	-83.22
Linndale	OH	41.45	-81.77
Lisbon	OH	40.78	-80.76
Lithopolis	OH	39.81	-82.82
Little Hocking	OH	39.26	-81.70
Lloydsville	OH	40.07	-81.00
Lockbourne	OH	39.81	-82.99
Lockington	OH	40.21	-84.24
Lockland	OH	39.23	-84.46
Lodi	OH	41.04	-82.01
Logan	OH	39.54	-82.41
Logan Elm Village	OH	39.57	-82.95
London	OH	39.89	-83.44
Lorain	OH	41.44	-82.18
Lordstown	OH	41.17	-80.87
Lore City	OH	39.98	-81.46
Loudonville	OH	40.63	-82.23
Louisville	OH	40.84	-81.26
Loveland	OH	39.27	-84.27
Loveland Park	OH	39.30	-84.26
Lowell	OH	39.53	-81.51
Lowellville	OH	41.04	-80.54
Lower Salem	OH	39.57	-81.39
Lucas	OH	40.70	-82.42
Lucasville	OH	38.87	-82.99
Luckey	OH	41.45	-83.48
Ludlow Falls	OH	40.00	-84.34
Lynchburg	OH	39.24	-83.79
Lyndhurst	OH	41.52	-81.49
Lyons	OH	41.70	-84.07
Macedonia	OH	41.31	-81.50
Mack	OH	39.15	-84.68
Macksburg	OH	39.63	-81.46
Madeira	OH	39.19	-84.37
Madison	OH	41.77	-81.05
Madison Place	OH	39.16	-84.38
Magnetic Springs	OH	40.35	-83.26
Magnolia	OH	40.65	-81.29
Maineville	OH	39.32	-84.19
Malinta	OH	41.32	-84.04
Malta	OH	39.65	-81.86
Malvern	OH	40.69	-81.18
Manchester	OH	38.69	-83.61
Mansfield	OH	40.77	-82.53
Mantua	OH	41.28	-81.22
Maple Heights	OH	41.41	-81.56
Maple Ridge	OH	40.91	-81.05
Maplewood Park	OH	41.14	-80.58
Marathon	OH	39.15	-84.01
Marble Cliff	OH	39.99	-83.06
Marblehead	OH	41.53	-82.72
Marengo	OH	40.40	-82.81
Maria Stein	OH	40.40	-84.48
Mariemont	OH	39.14	-84.38
Marietta	OH	39.42	-81.45
Marion	OH	40.60	-83.12
Marlboro	OH	40.95	-81.22
Marne	OH	40.07	-82.30
Marseilles	OH	40.70	-83.39
Marshallville	OH	40.90	-81.73
Martins Ferry	OH	40.10	-80.73
Martinsburg	OH	40.27	-82.35
Martinsville	OH	39.32	-83.81
Marysville	OH	40.23	-83.36
Mason	OH	39.35	-84.30
Massieville	OH	39.26	-82.97
Massillon	OH	40.78	-81.53
Masury	OH	41.21	-80.54
Matamoras (New Matamoras)	OH	39.52	-81.07
Maumee	OH	41.57	-83.67
Mayfield	OH	41.55	-81.43
Mayfield Heights	OH	41.52	-81.45
McArthur	OH	39.25	-82.48
McClure	OH	41.37	-83.94
McComb	OH	41.11	-83.79
McConnelsville	OH	39.66	-81.84
McCutchenville	OH	40.99	-83.25
McDermott	OH	38.83	-83.06
McDonald	OH	41.16	-80.72
McGuffey	OH	40.69	-83.79
McKinley Heights	OH	41.19	-80.72
Mechanicsburg	OH	40.07	-83.56
Medina	OH	41.13	-81.87
Medway	OH	39.88	-84.01
Melmore	OH	41.03	-83.10
Melrose	OH	41.09	-84.42
Mendon	OH	40.67	-84.52
Mentor	OH	41.69	-81.34
Mentor-on-the-Lake	OH	41.72	-81.36
Metamora	OH	41.71	-83.91
Meyers Lake	OH	40.81	-81.42
Miami Heights	OH	39.17	-84.72
Miamisburg	OH	39.63	-84.27
Miamitown	OH	39.21	-84.71
Miamiville	OH	39.21	-84.30
Middle Point	OH	40.86	-84.45
Middlebranch	OH	40.90	-81.33
Middleburg Heights	OH	41.37	-81.81
Middlefield	OH	41.46	-81.07
Middleport	OH	38.99	-82.07
Middletown	OH	39.50	-84.36
Midland	OH	39.31	-83.91
Midvale	OH	40.44	-81.37
Midway	OH	39.73	-83.48
Mifflin	OH	40.77	-82.36
Milan	OH	41.29	-82.60
Milford	OH	39.17	-84.28
Milford Center	OH	40.18	-83.44
Millbury	OH	41.56	-83.43
Milledgeville	OH	39.59	-83.59
Miller	OH	38.53	-82.31
Miller City	OH	41.10	-84.13
Millersburg	OH	40.55	-81.92
Millersport	OH	39.90	-82.54
Millfield	OH	39.44	-82.10
Millville	OH	39.39	-84.65
Milton Center	OH	41.30	-83.83
Miltonsburg	OH	39.83	-81.16
Mineral City	OH	40.60	-81.36
Mineral Ridge	OH	41.14	-80.76
Minerva	OH	40.73	-81.10
Minerva Park	OH	40.08	-82.94
Minford	OH	38.86	-82.85
Mingo Junction	OH	40.33	-80.62
Minster	OH	40.39	-84.38
Mitiwanga	OH	41.38	-82.46
Mogadore	OH	41.05	-81.41
Monfort Heights	OH	39.18	-84.61
Monroe	OH	39.45	-84.37
Monroeville	OH	41.24	-82.70
Montezuma	OH	40.49	-84.55
Montgomery	OH	39.25	-84.35
Montpelier	OH	41.58	-84.59
Montrose-Ghent	OH	41.16	-81.64
Moraine	OH	39.70	-84.24
Moreland Hills	OH	41.44	-81.44
Morgandale	OH	41.27	-80.80
Morral	OH	40.69	-83.21
Morristown	OH	40.06	-81.07
Morrow	OH	39.35	-84.12
Moscow	OH	38.86	-84.23
Mount Blanchard	OH	40.90	-83.56
Mount Carmel	OH	39.10	-84.30
Mount Cory	OH	40.93	-83.82
Mount Eaton	OH	40.69	-81.70
Mount Gilead	OH	40.55	-82.83
Mount Healthy	OH	39.23	-84.55
Mount Healthy Heights	OH	39.27	-84.57
Mount Hope	OH	40.62	-81.77
Mount Orab	OH	39.03	-83.93
Mount Pleasant	OH	40.18	-80.80
Mount Repose	OH	39.19	-84.22
Mount Sterling	OH	39.71	-83.27
Mount Vernon	OH	40.39	-82.48
Mount Victory	OH	40.53	-83.52
Mowrystown	OH	39.04	-83.75
Mulberry	OH	39.20	-84.25
Munroe Falls	OH	41.14	-81.44
Murray City	OH	39.51	-82.17
Mutual	OH	40.08	-83.64
Nankin	OH	40.92	-82.29
Napoleon	OH	41.40	-84.12
Nashport	OH	40.07	-82.17
Nashville	OH	40.60	-82.11
Navarre	OH	40.73	-81.52
Neapolis	OH	41.49	-83.87
Neffs	OH	40.04	-80.82
Negley	OH	40.79	-80.54
Nellie	OH	40.34	-82.07
Nelsonville	OH	39.46	-82.22
Nettle Lake	OH	41.68	-84.73
Nevada	OH	40.82	-83.13
Neville	OH	38.81	-84.21
New Albany	OH	40.09	-82.78
New Alexandria	OH	40.29	-80.68
New Athens	OH	40.18	-80.99
New Baltimore	OH	39.27	-84.67
New Bavaria	OH	41.20	-84.17
New Bloomington	OH	40.58	-83.31
New Boston	OH	38.75	-82.94
New Bremen	OH	40.44	-84.38
New Burlington	OH	39.27	-84.55
New California	OH	40.15	-83.24
New Carlisle	OH	39.94	-84.03
New Concord	OH	39.99	-81.74
New Franklin	OH	40.95	-81.58
New Hampshire	OH	40.55	-83.95
New Haven	OH	41.03	-82.69
New Holland	OH	39.55	-83.26
New Knoxville	OH	40.49	-84.32
New Lebanon	OH	39.74	-84.39
New Lexington	OH	39.72	-82.21
New London	OH	41.08	-82.41
New Madison	OH	39.97	-84.71
New Marshfield	OH	39.32	-82.22
New Miami	OH	39.43	-84.54
New Middletown	OH	40.97	-80.56
New Paris	OH	39.86	-84.79
New Philadelphia	OH	40.49	-81.44
New Pittsburg	OH	40.85	-82.10
New Richmond	OH	38.97	-84.28
New Riegel	OH	41.05	-83.32
New Springfield	OH	40.92	-80.60
New Straitsville	OH	39.58	-82.23
New Vienna	OH	39.33	-83.69
New Washington	OH	40.96	-82.85
New Waterford	OH	40.85	-80.62
New Weston	OH	40.34	-84.64
Newark	OH	40.07	-82.42
Newburgh Heights	OH	41.45	-81.66
Newcomerstown	OH	40.28	-81.60
Newport	OH	39.40	-81.22
Newton Falls	OH	41.19	-80.97
Newtown	OH	39.12	-84.35
Ney	OH	41.38	-84.52
Niles	OH	41.19	-80.75
North Baltimore	OH	41.18	-83.67
North Bend	OH	39.15	-84.74
North Canton	OH	40.87	-81.40
North College Hill	OH	39.22	-84.55
North Fairfield	OH	41.10	-82.61
North Hampton	OH	39.99	-83.94
North Industry	OH	40.74	-81.37
North Kingsville	OH	41.93	-80.68
North Lawrence	OH	40.84	-81.64
North Lewisburg	OH	40.22	-83.56
North Lima	OH	40.95	-80.66
North Madison	OH	41.83	-81.05
North Olmsted	OH	41.41	-81.92
North Perry	OH	41.80	-81.12
North Randall	OH	41.43	-81.53
North Ridgeville	OH	41.39	-82.02
North Robinson	OH	40.79	-82.86
North Royalton	OH	41.32	-81.75
North Star	OH	40.32	-84.57
North Zanesville	OH	39.99	-81.99
Northbrook	OH	39.25	-84.58
Northfield	OH	41.34	-81.53
Northgate	OH	39.25	-84.59
Northridge	OH	40.00	-83.78
Northwood	OH	41.61	-83.48
Norton	OH	41.03	-81.65
Norwalk	OH	41.24	-82.61
Norwich	OH	39.98	-81.79
Norwood	OH	39.16	-84.45
Oak Harbor	OH	41.51	-83.13
Oak Hill	OH	38.90	-82.57
Oakwood	OH	41.37	-81.50
Oberlin	OH	41.29	-82.22
Obetz	OH	39.86	-82.94
Oceola	OH	40.84	-83.09
Octa	OH	39.61	-83.61
Ohio City	OH	40.77	-84.62
Old Fort	OH	41.24	-83.15
Old Washington	OH	40.04	-81.44
Olde West Chester	OH	39.34	-84.40
Olmsted Falls	OH	41.37	-81.90
Ontario	OH	40.77	-82.61
Orange	OH	41.44	-81.47
Orangeville	OH	41.34	-80.52
Oregon	OH	41.66	-83.44
Orient	OH	39.81	-83.15
Orrville	OH	40.85	-81.78
Orwell	OH	41.54	-80.86
Osgood	OH	40.34	-84.50
Ostrander	OH	40.27	-83.21
Ottawa	OH	41.02	-84.04
Ottawa Hills	OH	41.67	-83.64
Ottoville	OH	40.93	-84.34
Otway	OH	38.86	-83.19
Owensville	OH	39.12	-84.14
Oxford	OH	39.51	-84.74
Painesville	OH	41.72	-81.26
Palestine	OH	40.05	-84.74
Pancoastburg	OH	39.62	-83.27
Pandora	OH	40.95	-83.95
Park Layne	OH	39.89	-84.04
Parkman	OH	41.37	-81.06
Parma	OH	41.38	-81.73
Parma Heights	OH	41.38	-81.76
Parral	OH	40.56	-81.50
Pataskala	OH	40.02	-82.72
Patterson	OH	40.78	-83.53
Paulding	OH	41.14	-84.58
Payne	OH	41.08	-84.73
Peebles	OH	38.95	-83.41
Pekin	OH	40.72	-81.12
Pemberville	OH	41.41	-83.46
Peninsula	OH	41.23	-81.55
Pepper Pike	OH	41.48	-81.46
Perry	OH	41.76	-81.14
Perry Heights	OH	40.80	-81.47
Perrysburg	OH	41.54	-83.64
Perrysville	OH	40.66	-82.31
Petersburg	OH	40.91	-80.53
Pettisville	OH	41.53	-84.22
Pheasant Run	OH	41.21	-82.15
Phillipsburg	OH	39.90	-84.40
Philo	OH	39.86	-81.91
Pickerington	OH	39.89	-82.76
Pigeon Creek	OH	41.11	-81.67
Piketon	OH	39.07	-83.00
Pioneer	OH	41.68	-84.55
Piqua	OH	40.15	-84.24
Pitsburg	OH	39.99	-84.49
Plain City	OH	40.11	-83.27
Plainfield	OH	40.21	-81.72
Plainville	OH	39.14	-84.36
Pleasant City	OH	39.90	-81.54
Pleasant Grove	OH	39.95	-81.96
Pleasant Hill	OH	40.05	-84.35
Pleasant Hills	OH	39.24	-84.52
Pleasant Plain	OH	39.28	-84.11
Pleasant Run	OH	39.29	-84.58
Pleasant Run Farm	OH	39.30	-84.55
Pleasantville	OH	39.81	-82.52
Plumwood	OH	40.01	-83.41
Plymouth	OH	41.00	-82.67
Poland	OH	41.02	-80.62
Polk	OH	40.95	-82.21
Pomeroy	OH	39.03	-82.03
Port Clinton	OH	41.51	-82.94
Port Jefferson	OH	40.33	-84.09
Port Washington	OH	40.33	-81.52
Port William	OH	39.55	-83.79
Portage	OH	41.32	-83.65
Portage Lakes	OH	41.01	-81.54
Portsmouth	OH	38.75	-82.95
Potsdam	OH	39.96	-84.41
Pottery Addition	OH	40.40	-80.62
Powell	OH	40.17	-83.08
Powhatan Point	OH	39.86	-80.81
Proctorville	OH	38.44	-82.38
Prospect	OH	40.45	-83.18
Pulaski	OH	41.51	-84.51
Put-in-Bay	OH	41.65	-82.82
Quaker City	OH	39.97	-81.30
Quincy	OH	40.30	-83.97
Racine	OH	38.97	-81.91
Radnor	OH	40.39	-83.15
Rarden	OH	38.92	-83.24
Ravenna	OH	41.16	-81.24
Rawson	OH	40.96	-83.79
Rayland	OH	40.18	-80.69
Raymond	OH	40.34	-83.47
Reading	OH	39.22	-84.43
Reedurban	OH	40.80	-81.44
Reminderville	OH	41.33	-81.40
Remington	OH	39.23	-84.32
Rendville	OH	39.62	-82.09
Reno	OH	39.37	-81.39
Reno Beach	OH	41.66	-83.27
Republic	OH	41.13	-83.02
Reynoldsburg	OH	39.96	-82.79
Richfield	OH	41.23	-81.64
Richmond	OH	40.43	-80.77
Richmond Dale	OH	39.20	-82.81
Richmond Heights	OH	41.56	-81.51
Richville	OH	40.75	-81.47
Richwood	OH	40.43	-83.29
Ridgeville Corners	OH	41.44	-84.26
Ridgeway	OH	40.51	-83.57
Ridgewood	OH	39.19	-84.43
Rio Grande	OH	38.88	-82.38
Ripley	OH	38.73	-83.83
Risingsun	OH	41.27	-83.43
Rittman	OH	40.97	-81.78
Riverlea	OH	40.08	-83.03
Riverside	OH	39.78	-84.12
Roachester	OH	39.35	-84.10
Roaming Shores	OH	41.64	-80.83
Robertsville	OH	40.76	-81.19
Rochester	OH	41.12	-82.31
Rock Creek	OH	41.66	-80.85
Rockbridge	OH	39.59	-82.53
Rockford	OH	40.69	-84.65
Rocky Fork Point	OH	39.19	-83.49
Rocky Ridge	OH	41.53	-83.21
Rocky River	OH	41.47	-81.85
Rogers	OH	40.79	-80.63
Rome (Stout)	OH	38.67	-83.38
Rose Farm	OH	39.74	-82.08
Roseland	OH	40.79	-82.55
Rosemount	OH	38.77	-82.98
Roseville	OH	39.81	-82.08
Rosewood	OH	40.22	-83.96
Ross	OH	39.31	-84.66
Rossburg	OH	40.28	-84.64
Rossford	OH	41.58	-83.57
Rossmoyne	OH	39.22	-84.39
Roswell	OH	40.48	-81.35
Rudolph	OH	41.30	-83.66
Rushsylvania	OH	40.46	-83.67
Rushville	OH	39.76	-82.43
Russells Point	OH	40.47	-83.89
Russellville	OH	38.87	-83.79
Russia	OH	40.23	-84.41
Rutland	OH	39.04	-82.13
Sabina	OH	39.49	-83.64
Salem	OH	40.90	-80.85
Salem Heights	OH	39.07	-84.38
Salesville	OH	39.97	-81.34
Salineville	OH	40.62	-80.83
Sandusky	OH	41.46	-82.71
Sandyville	OH	40.65	-81.37
Sarahsville	OH	39.81	-81.47
Sardinia	OH	39.01	-83.80
Sardis	OH	39.63	-80.91
Savannah	OH	40.97	-82.37
Sawyerwood	OH	41.03	-81.44
Saybrook-on-the-Lake	OH	41.87	-80.88
Scio	OH	40.40	-81.09
Sciotodale	OH	38.75	-82.85
Scott	OH	40.99	-84.58
Seaman	OH	38.93	-83.57
Sebring	OH	40.92	-81.03
Senecaville	OH	39.93	-81.46
Seven Hills	OH	41.38	-81.68
Seven Mile	OH	39.49	-84.55
Seville	OH	41.02	-81.87
Shadyside	OH	39.97	-80.75
Shaker Heights	OH	41.48	-81.55
Sharon Center	OH	41.10	-81.74
Sharonville	OH	39.28	-84.41
Shawnee	OH	39.14	-84.78
Shawnee Hills	OH	39.65	-83.79
Sheffield	OH	41.46	-82.09
Sheffield Lake	OH	41.49	-82.10
Shelby	OH	40.89	-82.66
Sherrodsville	OH	40.49	-81.24
Sherwood	OH	41.29	-84.55
Shiloh	OH	39.82	-84.23
Shreve	OH	40.68	-82.02
Sidney	OH	40.29	-84.17
Silver Lake	OH	41.16	-81.46
Silverton	OH	39.19	-84.40
Sinking Spring	OH	39.07	-83.39
Sixteen Mile Stand	OH	39.28	-84.33
Skyline Acres	OH	39.23	-84.57
Smithville	OH	40.86	-81.86
Solon	OH	41.39	-81.44
Somerset	OH	39.81	-82.30
Somerville	OH	39.56	-84.64
South Amherst	OH	41.35	-82.24
South Bloomfield	OH	39.72	-82.99
South Canal	OH	41.17	-80.99
South Charleston	OH	39.82	-83.64
South Euclid	OH	41.52	-81.52
South Lebanon	OH	39.36	-84.22
South Mount Vernon	OH	40.38	-82.50
South Point	OH	38.42	-82.58
South Russell	OH	41.43	-81.33
South Salem	OH	39.34	-83.31
South Solon	OH	39.74	-83.61
South Vienna	OH	39.93	-83.61
South Webster	OH	38.82	-82.73
South Zanesville	OH	39.90	-82.02
Sparta	OH	40.39	-82.70
Spencer	OH	41.10	-82.12
Spencerville	OH	40.71	-84.35
Spring Valley	OH	39.61	-84.01
Springboro	OH	39.56	-84.23
Springdale	OH	39.29	-84.48
Springfield	OH	39.93	-83.79
St. Bernard	OH	39.17	-84.49
St. Clairsville	OH	40.08	-80.90
St. Henry	OH	40.42	-84.63
St. Johns	OH	40.56	-84.08
St. Louisville	OH	40.17	-82.42
St. Martin	OH	39.21	-83.88
St. Marys	OH	40.55	-84.39
St. Paris	OH	40.13	-83.96
Stafford	OH	39.71	-81.28
Sterling	OH	40.97	-81.84
Steubenville	OH	40.37	-80.66
Stewart	OH	39.31	-81.90
Stockdale	OH	38.96	-82.86
Stockport	OH	39.55	-81.79
Stone Creek	OH	40.40	-81.56
Stony Prairie	OH	41.35	-83.14
Stony Ridge	OH	41.51	-83.51
Stoutsville	OH	39.60	-82.82
Stow	OH	41.18	-81.44
Strasburg	OH	40.60	-81.53
Stratton	OH	40.53	-80.63
Streetsboro	OH	41.24	-81.35
Strongsville	OH	41.31	-81.83
Struthers	OH	41.05	-80.59
Stryker	OH	41.50	-84.42
Suffield	OH	41.01	-81.34
Sugar Bush Knolls	OH	41.20	-81.35
Sugar Grove	OH	39.63	-82.54
Sugarcreek	OH	40.51	-81.64
Sullivan	OH	41.02	-82.21
Sulphur Springs	OH	40.87	-82.88
Summerfield	OH	39.80	-81.34
Summerside	OH	39.12	-84.29
Summitville	OH	40.67	-80.89
Sunbury	OH	40.25	-82.88
Swanton	OH	41.58	-83.89
Sycamore	OH	40.95	-83.17
Sylvania	OH	41.71	-83.71
Syracuse	OH	39.00	-81.97
Tallmadge	OH	41.11	-81.42
Tarlton	OH	39.55	-82.78
Taylor Creek	OH	39.23	-84.68
Tedrow	OH	41.60	-84.20
Terrace Park	OH	39.16	-84.31
The Plains	OH	39.37	-82.13
The Village of Indian Hill	OH	39.19	-84.34
Thornport	OH	39.92	-82.43
Thornville	OH	39.89	-82.42
Thurston	OH	39.84	-82.55
Tiffin	OH	41.11	-83.18
Tiltonsville	OH	40.17	-80.70
Timberlake	OH	41.67	-81.44
Tipp City	OH	39.96	-84.19
Tippecanoe	OH	40.27	-81.28
Tiro	OH	40.91	-82.77
Toledo	OH	41.66	-83.58
Tontogany	OH	41.42	-83.74
Toronto	OH	40.46	-80.61
Tremont City	OH	40.01	-83.84
Trenton	OH	39.48	-84.47
Trimble	OH	39.49	-82.08
Trinway	OH	40.14	-82.01
Trotwood	OH	39.79	-84.32
Troy	OH	40.04	-84.22
Tuppers Plains	OH	39.17	-81.85
Turpin Hills	OH	39.11	-84.38
Tuscarawas	OH	40.39	-81.40
Twinsburg	OH	41.32	-81.44
Twinsburg Heights	OH	41.31	-81.46
Uhrichsville	OH	40.40	-81.35
Union	OH	39.91	-84.29
Union City	OH	40.20	-84.79
Uniontown	OH	40.96	-81.40
Unionville Center	OH	40.14	-83.34
Uniopolis	OH	40.60	-84.09
University Heights	OH	41.49	-81.53
Upper Arlington	OH	40.03	-83.07
Upper Sandusky	OH	40.83	-83.27
Urbana	OH	40.11	-83.75
Urbancrest	OH	39.90	-83.09
Utica	OH	40.24	-82.44
Valley City	OH	41.23	-81.94
Valley Hi	OH	40.32	-83.68
Valley View	OH	41.38	-81.61
Valleyview	OH	39.96	-83.07
Van Buren	OH	41.14	-83.65
Van Wert	OH	40.86	-84.59
Vandalia	OH	39.88	-84.19
Vanlue	OH	40.97	-83.48
Vaughnsville	OH	40.88	-84.15
Venedocia	OH	40.79	-84.46
Vermilion	OH	41.41	-82.32
Verona	OH	39.90	-84.51
Versailles	OH	40.22	-84.48
Vickery	OH	41.38	-82.94
Vienna Center	OH	41.23	-80.65
Vincent	OH	39.38	-81.67
Vinton	OH	38.98	-82.33
Wadsworth	OH	41.03	-81.73
Waite Hill	OH	41.61	-81.39
Wakeman	OH	41.25	-82.40
Walbridge	OH	41.59	-83.49
Waldo	OH	40.46	-83.08
Walnut Creek	OH	40.55	-81.73
Walton Hills	OH	41.37	-81.56
Wapakoneta	OH	40.57	-84.19
Warren	OH	41.24	-80.82
Warrensville Heights	OH	41.44	-81.52
Warsaw	OH	40.34	-82.00
Washington Court House	OH	39.54	-83.43
Washingtonville	OH	40.90	-80.77
Waterford	OH	39.54	-81.64
Waterville	OH	41.50	-83.74
Wauseon	OH	41.55	-84.14
Waverly	OH	39.13	-82.98
Wayne	OH	41.30	-83.47
Wayne Lakes	OH	40.02	-84.66
Waynesburg	OH	40.67	-81.26
Waynesfield	OH	40.60	-83.97
Waynesville	OH	39.53	-84.09
Wellington	OH	41.15	-82.23
Wellston	OH	39.12	-82.54
Wellsville	OH	40.60	-80.66
West Alexandria	OH	39.75	-84.54
West Carrollton	OH	39.67	-84.26
West Elkton	OH	39.59	-84.56
West Farmington	OH	41.39	-80.97
West Hill	OH	41.23	-80.53
West Jefferson	OH	39.95	-83.31
West Lafayette	OH	40.28	-81.75
West Leipsic	OH	41.11	-84.00
West Liberty	OH	40.26	-83.76
West Logan	OH	39.54	-82.43
West Manchester	OH	39.90	-84.63
West Mansfield	OH	40.40	-83.54
West Millgrove	OH	41.24	-83.49
West Milton	OH	39.96	-84.33
West Portsmouth	OH	38.77	-83.04
West Rushville	OH	39.76	-82.45
West Salem	OH	40.97	-82.11
West Union	OH	38.79	-83.54
West Unity	OH	41.59	-84.43
Westerville	OH	40.12	-82.91
Westfield Center	OH	41.03	-81.93
Westlake	OH	41.45	-81.93
Westminster	OH	40.70	-83.98
Weston	OH	41.35	-83.79
Wetherington	OH	39.36	-84.38
Wharton	OH	40.86	-83.46
Wheelersburg	OH	38.74	-82.85
White Oak	OH	39.21	-84.61
Whitehall	OH	39.97	-82.88
Whitehouse	OH	41.52	-83.80
Whites Landing	OH	41.43	-82.89
Wickliffe	OH	41.61	-81.47
Wightmans Grove	OH	41.42	-83.05
Wilberforce	OH	39.71	-83.88
Wilkesville	OH	39.08	-82.33
Wilkshire Hills	OH	40.64	-81.43
Willard	OH	41.05	-82.72
Williamsburg	OH	39.06	-84.05
Williamsdale	OH	39.44	-84.53
Williamsport	OH	39.58	-83.12
Williston	OH	41.60	-83.34
Willoughby	OH	41.65	-81.41
Willoughby Hills	OH	41.58	-81.43
Willowick	OH	41.63	-81.47
Willshire	OH	40.75	-84.79
Wilmington	OH	39.43	-83.82
Wilmot	OH	40.66	-81.63
Wilson	OH	39.86	-81.07
Winchester	OH	38.94	-83.65
Windham	OH	41.24	-81.04
Winesburg	OH	40.62	-81.69
Wintersville	OH	40.38	-80.71
Withamsville	OH	39.06	-84.28
Wolfhurst	OH	40.07	-80.78
Woodlawn	OH	39.26	-84.47
Woodmere	OH	41.46	-81.48
Woodsdale	OH	39.43	-84.48
Woodsfield	OH	39.76	-81.12
Woodstock	OH	40.17	-83.53
Woodville	OH	41.45	-83.36
Woodworth	OH	40.98	-80.66
Wooster	OH	40.82	-81.93
Worthington	OH	40.10	-83.02
Wren	OH	40.80	-84.77
Wright-Patterson AFB	OH	39.82	-84.05
Wyoming	OH	39.23	-84.48
Xenia	OH	39.68	-83.94
Yankee Lake	OH	41.27	-80.57
Yellow Springs	OH	39.80	-83.89
Yorkshire	OH	40.33	-84.50
Yorkville	OH	40.15	-80.71
Youngstown	OH	41.10	-80.65
Zaleski	OH	39.28	-82.39
Zanesfield	OH	40.34	-83.68
Zanesville	OH	39.96	-82.01
Zoar	OH	40.61	-81.42
Achille	OK	33.84	-96.39
Ada	OK	34.77	-96.67
Adair	OK	36.44	-95.27
Adams	OK	36.75	-101.08
Adamson	OK	34.92	-95.55
Addington	OK	34.24	-97.97
Afton	OK	36.70	-94.96
Agra	OK	35.89	-96.87
Akins	OK	35.50	-94.67
Albany	OK	33.87	-96.16
Albion	OK	34.66	-95.10
Alderson	OK	34.90	-95.69
Alex	OK	34.92	-97.78
Aline	OK	36.51	-98.45
Allen	OK	34.88	-96.41
Altus	OK	34.66	-99.31
Alva	OK	36.79	-98.66
Amber	OK	35.16	-97.88
Ames	OK	36.25	-98.19
Amorita	OK	36.92	-98.29
Anadarko	OK	35.07	-98.24
Antlers	OK	34.23	-95.62
Apache	OK	34.89	-98.36
Arapaho	OK	35.58	-98.96
Arcadia	OK	35.67	-97.33
Ardmore	OK	34.20	-97.13
Arkoma	OK	35.33	-94.45
Armstrong	OK	34.05	-96.34
Arnett	OK	36.13	-99.77
Arpelar	OK	34.93	-95.95
Asher	OK	34.99	-96.93
Ashland	OK	34.77	-96.07
Atoka	OK	34.39	-96.13
Atwood	OK	34.96	-96.34
Avant	OK	36.49	-96.05
Avard	OK	36.70	-98.79
Bache	OK	34.89	-95.65
Badger Lee	OK	35.47	-94.82
Baker	OK	36.87	-101.02
Ballou	OK	36.14	-95.20
Barber	OK	35.75	-94.85
Barnsdall	OK	36.56	-96.16
Baron	OK	35.94	-94.60
Bartlesville	OK	36.74	-95.95
Bearden	OK	35.36	-96.39
Beaver	OK	36.82	-100.52
Bee	OK	34.12	-96.57
Beggs	OK	35.74	-96.07
Belfonte	OK	35.54	-94.55
Bell	OK	35.73	-94.57
Bennington	OK	34.01	-96.04
Bentley	OK	34.22	-96.08
Bernice	OK	36.62	-94.91
Bessie	OK	35.39	-98.99
Bethany	OK	35.51	-97.64
Bethel Acres	OK	35.31	-97.05
Big Cabin	OK	36.54	-95.22
Billings	OK	36.54	-97.44
Binger	OK	35.31	-98.34
Bison	OK	36.20	-97.90
Bixby	OK	35.95	-95.88
Blackburn	OK	36.37	-96.60
Blackgum	OK	35.61	-94.99
Blackwell	OK	36.80	-97.30
Blair	OK	34.78	-99.33
Blanchard	OK	35.15	-97.67
Blanco	OK	34.75	-95.77
Blue	OK	33.99	-96.23
Bluejacket	OK	36.80	-95.07
Boise City	OK	36.73	-102.51
Bokchito	OK	34.02	-96.14
Bokoshe	OK	35.19	-94.79
Boley	OK	35.49	-96.48
Boswell	OK	34.03	-95.87
Bowlegs	OK	35.15	-96.67
Bowring	OK	36.88	-96.12
Box	OK	35.57	-94.97
Boynton	OK	35.65	-95.65
Bradley	OK	34.88	-97.71
Braggs	OK	35.66	-95.20
Braman	OK	36.92	-97.34
Bray	OK	34.61	-97.82
Breckenridge	OK	36.46	-97.73
Brent	OK	35.37	-94.79
Briartown	OK	35.30	-95.24
Bridge Creek	OK	35.23	-97.73
Bridgeport	OK	35.55	-98.38
Briggs	OK	35.92	-94.88
Bristow	OK	35.83	-96.39
Broken Arrow	OK	36.04	-95.78
Broken Bow	OK	34.03	-94.74
Bromide	OK	34.42	-96.49
Brooksville	OK	35.21	-96.96
Brush Creek	OK	36.42	-94.78
Brushy	OK	35.56	-94.75
Bryant	OK	35.39	-96.06
Buffalo	OK	36.83	-99.64
Bug Tussle	OK	35.03	-95.68
Bull Hollow	OK	36.30	-94.90
Bunch	OK	35.70	-94.74
Burbank	OK	36.70	-96.73
Burlington	OK	36.90	-98.42
Burneyville	OK	33.89	-97.29
Burns Flat	OK	35.35	-99.18
Bushyhead	OK	36.46	-95.51
Butler	OK	36.54	-94.74
Byars	OK	34.87	-97.05
Byng	OK	34.87	-96.67
Byron	OK	36.90	-98.29
Cache	OK	34.63	-98.62
Caddo	OK	34.13	-96.26
Calera	OK	33.93	-96.43
Calumet	OK	35.60	-98.12
Calvin	OK	34.97	-96.25
Camargo	OK	36.02	-99.29
Cameron	OK	35.14	-94.54
Canadian	OK	35.17	-95.65
Canadian Shores	OK	35.17	-95.74
Caney	OK	35.83	-94.84
Caney Ridge	OK	35.76	-94.88
Canton	OK	36.06	-98.59
Canute	OK	35.42	-99.28
Capron	OK	36.90	-98.58
Carlisle	OK	35.51	-95.03
Carlton Landing	OK	35.21	-95.56
Carmen	OK	36.58	-98.46
Carnegie	OK	35.10	-98.60
Carney	OK	35.81	-97.02
Carrier	OK	36.48	-98.02
Carter	OK	35.22	-99.50
Cartwright	OK	33.86	-96.56
Cashion	OK	35.80	-97.68
Castle	OK	35.47	-96.39
Catoosa	OK	36.18	-95.77
Cave Spring	OK	35.73	-94.76
Cayuga	OK	36.64	-94.65
Cedar Crest	OK	36.12	-95.17
Cedar Lake	OK	35.43	-98.19
Cedar Valley	OK	35.87	-97.50
Cement	OK	34.94	-98.14
Centrahoma	OK	34.61	-96.34
Central High	OK	34.61	-98.09
Chance	OK	36.07	-94.65
Chandler	OK	35.71	-96.84
Chattanooga	OK	34.42	-98.65
Checotah	OK	35.48	-95.52
Chelsea	OK	36.53	-95.43
Cherokee	OK	36.75	-98.36
Cherry Tree	OK	35.75	-94.64
Chester	OK	36.22	-98.92
Chewey	OK	36.11	-94.73
Cheyenne	OK	35.61	-99.68
Chickasha	OK	35.04	-97.95
Choctaw	OK	35.48	-97.27
Chouteau	OK	36.19	-95.34
Christie	OK	35.98	-94.65
Cimarron City	OK	35.89	-97.60
Claremore	OK	36.31	-95.61
Clarita	OK	34.48	-96.44
Clarksville	OK	35.82	-95.51
Clayton	OK	34.59	-95.36
Clearview	OK	35.40	-96.19
Cleo Springs	OK	36.40	-98.44
Cleora	OK	36.60	-94.94
Cleveland	OK	36.31	-96.47
Clinton	OK	35.51	-98.97
Cloud Creek	OK	36.29	-94.75
Coalgate	OK	34.53	-96.22
Colbert	OK	33.86	-96.51
Colcord	OK	36.26	-94.69
Cole	OK	35.10	-97.56
Coleman	OK	34.26	-96.42
Collinsville	OK	36.37	-95.86
Colony	OK	35.35	-98.67
Comanche	OK	34.36	-97.98
Commerce	OK	36.93	-94.86
Connerville	OK	34.44	-96.63
Cookson	OK	35.72	-94.92
Cooperton	OK	34.87	-98.88
Copan	OK	36.90	-95.93
Copeland	OK	36.66	-94.83
Corn	OK	35.38	-98.78
Cornish	OK	34.16	-97.60
Cottonwood	OK	34.55	-96.20
Council Hill	OK	35.56	-95.65
Covington	OK	36.31	-97.59
Coweta	OK	35.97	-95.67
Cowlington	OK	35.31	-94.78
Coyle	OK	35.95	-97.24
Crescent	OK	35.95	-97.59
Crescent Springs	OK	35.90	-97.60
Cromwell	OK	35.34	-96.46
Crowder	OK	35.12	-95.68
Cumberland	OK	34.06	-96.59
Cushing	OK	35.98	-96.76
Custer City	OK	35.66	-98.89
Cyril	OK	34.90	-98.20
Dacoma	OK	36.66	-98.56
Dale	OK	35.38	-97.04
Davenport	OK	35.71	-96.76
Davidson	OK	34.24	-99.08
Davis	OK	34.43	-97.17
Deer Creek	OK	36.81	-97.52
Deer Lick	OK	36.46	-94.75
Del City	OK	35.45	-97.44
Delaware	OK	36.78	-95.64
Dennis	OK	36.55	-94.88
Depew	OK	35.80	-96.51
Devol	OK	34.20	-98.59
Dewar	OK	35.46	-95.95
Dewey	OK	36.79	-95.93
Dibble	OK	35.02	-97.63
Dickson	OK	34.19	-97.00
Dill City	OK	35.28	-99.13
Disney	OK	36.47	-95.02
Dixon	OK	35.16	-96.52
Dodge	OK	36.58	-94.64
Dotyville	OK	36.85	-94.91
Dougherty	OK	34.40	-97.05
Douglas	OK	36.26	-97.67
Dover	OK	35.98	-97.91
Dripping Springs	OK	36.17	-94.69
Drowning Creek	OK	36.48	-94.89
Drummond	OK	36.30	-98.04
Drumright	OK	35.99	-96.60
Dry Creek	OK	35.74	-94.87
Duchess Landing	OK	35.40	-95.42
Duncan	OK	34.48	-97.96
Durant	OK	34.00	-96.39
Durham	OK	35.84	-99.93
Dustin	OK	35.27	-96.03
Dwight Mission	OK	35.56	-94.85
Eagle City	OK	35.93	-98.59
Eagletown	OK	34.04	-94.57
Eakly	OK	35.31	-98.56
Earl	OK	34.20	-96.89
Earlsboro	OK	35.33	-96.80
East Duke	OK	34.66	-99.57
Edgewater Park	OK	34.82	-98.38
Edmond	OK	35.67	-97.41
El Reno	OK	35.54	-97.96
Eldon	OK	35.94	-94.81
Eldorado	OK	34.47	-99.65
Elgin	OK	34.79	-98.30
Elk City	OK	35.39	-99.43
Elm Grove	OK	35.80	-94.57
Elmer	OK	34.48	-99.35
Elmore City	OK	34.63	-97.39
Elohim City	OK	35.64	-94.51
Emet	OK	34.21	-96.54
Empire City	OK	34.48	-98.06
Enid	OK	36.41	-97.87
Enterprise	OK	35.22	-95.38
Erick	OK	35.22	-99.87
Erin Springs	OK	34.81	-97.61
Etowah	OK	35.13	-97.17
Etta	OK	35.84	-94.90
Eufaula	OK	35.29	-95.59
Evening Shade	OK	35.62	-94.91
Fair Oaks	OK	36.16	-95.69
Fairfax	OK	36.57	-96.71
Fairfield	OK	35.84	-94.61
Fairland	OK	36.75	-94.85
Fairmont	OK	36.36	-97.71
Fairview	OK	36.27	-98.48
Fallis	OK	35.75	-97.12
Fanshawe	OK	34.96	-94.91
Fargo	OK	36.37	-99.62
Faxon	OK	34.46	-98.58
Fay	OK	35.82	-98.66
Felt	OK	36.56	-102.79
Finley	OK	34.33	-95.50
Fittstown	OK	34.61	-96.64
Fitzhugh	OK	34.66	-96.77
Fletcher	OK	34.82	-98.23
Flint Creek	OK	36.18	-94.75
Flute Springs	OK	35.63	-94.80
Foraker	OK	36.87	-96.57
Forest Park	OK	35.51	-97.45
Forgan	OK	36.91	-100.54
Fort Cobb	OK	35.12	-98.45
Fort Coffee	OK	35.29	-94.57
Fort Gibson	OK	35.78	-95.26
Fort Supply	OK	36.57	-99.57
Fort Towson	OK	34.03	-95.28
Foss	OK	35.45	-99.17
Foster	OK	34.61	-97.49
Fox	OK	34.36	-97.50
Foyil	OK	36.43	-95.52
Francis	OK	34.87	-96.59
Frederick	OK	34.35	-98.99
Freedom	OK	36.77	-99.11
Friendship	OK	34.70	-99.23
Gage	OK	36.32	-99.76
Gans	OK	35.39	-94.69
Garber	OK	36.44	-97.58
Garvin	OK	33.96	-94.93
Gate	OK	36.85	-100.06
Geary	OK	35.64	-98.32
Gene Autry	OK	34.31	-97.04
Geronimo	OK	34.48	-98.39
Gerty	OK	34.84	-96.29
Gideon	OK	36.00	-95.03
Glencoe	OK	36.23	-96.93
Glenpool	OK	35.95	-96.01
Golden	OK	34.03	-94.90
Goldsby	OK	35.12	-97.49
Goltry	OK	36.53	-98.15
Goodwell	OK	36.59	-101.62
Gore	OK	35.54	-95.11
Gotebo	OK	35.07	-98.87
Gould	OK	34.67	-99.77
Gowen	OK	34.88	-95.47
Gracemont	OK	35.19	-98.26
Grainola	OK	36.94	-96.65
Grand Lake Towne	OK	36.51	-95.03
Grandfield	OK	34.23	-98.69
Grandview	OK	35.96	-95.00
Granite	OK	34.95	-99.37
Grant	OK	33.94	-95.52
Grayson	OK	35.51	-95.87
Greasy	OK	35.68	-94.70
Greenfield	OK	35.73	-98.38
Greenville	OK	34.00	-97.12
Gregory	OK	36.17	-95.57
Grove	OK	36.59	-94.79
Guthrie	OK	35.88	-97.41
Guymon	OK	36.69	-101.48
Haileyville	OK	34.85	-95.58
Hallett	OK	36.23	-96.57
Hammon	OK	35.63	-99.38
Hanna	OK	35.20	-95.89
Hanson	OK	35.44	-94.70
Hardesty	OK	36.61	-101.19
Harrah	OK	35.47	-97.18
Hartshorne	OK	34.84	-95.56
Haskell	OK	35.82	-95.68
Hastings	OK	34.22	-98.11
Haworth	OK	33.84	-94.66
Haywood	OK	34.89	-95.95
Headrick	OK	34.63	-99.14
Healdton	OK	34.23	-97.49
Heavener	OK	34.89	-94.61
Helena	OK	36.55	-98.27
Hendrix	OK	33.78	-96.41
Hennepin	OK	34.52	-97.35
Hennessey	OK	36.11	-97.90
Henryetta	OK	35.44	-95.99
Hickory	OK	34.56	-96.85
Hillsdale	OK	36.56	-97.99
Hinton	OK	35.49	-98.35
Hitchcock	OK	35.97	-98.35
Hitchita	OK	35.52	-95.75
Hobart	OK	35.02	-99.09
Hochatown	OK	34.17	-94.77
Hodgen	OK	34.84	-94.63
Hoffman	OK	35.49	-95.84
Holdenville	OK	35.08	-96.40
Hollis	OK	34.69	-99.92
Hollister	OK	34.34	-98.87
Homestead	OK	36.15	-98.40
Hominy	OK	36.42	-96.39
Honey Hill	OK	35.76	-94.57
Hooker	OK	36.86	-101.22
Hoot Owl	OK	36.36	-95.12
Hopeton	OK	36.69	-98.66
Horntown	OK	35.08	-96.24
Hough	OK	36.87	-101.57
Howe	OK	34.95	-94.64
Hoyt	OK	35.26	-95.30
Hugo	OK	34.01	-95.51
Hulbert	OK	35.93	-95.15
Hunter	OK	36.56	-97.66
Hydro	OK	35.55	-98.58
IXL	OK	35.53	-96.39
Idabel	OK	33.91	-94.82
Indiahoma	OK	34.62	-98.75
Indianola	OK	36.44	-94.67
Ingalls	OK	36.10	-96.87
Inola	OK	36.11	-95.55
Iron Post	OK	36.16	-95.14
Isabella	OK	36.24	-98.33
Jay	OK	36.43	-94.80
Jefferson	OK	36.72	-97.79
Jenks	OK	36.00	-95.97
Jennings	OK	36.18	-96.57
Jet	OK	36.67	-98.18
Johnson	OK	35.41	-96.85
Johnson Prairie	OK	36.08	-94.98
Jones	OK	35.57	-97.29
Justice	OK	36.29	-95.56
Kansas	OK	36.21	-94.79
Katie	OK	34.59	-97.33
Kaw City	OK	36.77	-96.86
Keefton	OK	35.58	-95.31
Kellyville	OK	35.97	-96.19
Kemp	OK	33.77	-96.35
Kendrick	OK	35.79	-96.78
Kenefic	OK	34.15	-96.36
Kenton	OK	36.91	-102.97
Kenwood	OK	36.30	-95.00
Keota	OK	35.26	-94.92
Ketchum	OK	36.52	-95.04
Keyes	OK	36.81	-102.25
Keys	OK	35.80	-94.94
Kiefer	OK	35.94	-96.05
Kildare	OK	36.81	-97.05
Kingfisher	OK	35.84	-97.94
Kingston	OK	34.00	-96.71
Kinta	OK	35.12	-95.24
Kiowa	OK	34.72	-95.90
Knowles	OK	36.87	-100.19
Konawa	OK	34.96	-96.75
Krebs	OK	34.93	-95.72
Kremlin	OK	36.55	-97.83
Lahoma	OK	36.39	-98.09
Lake Aluma	OK	35.53	-97.45
Lake Ellsworth Addition	OK	34.84	-98.32
Lakeside Village	OK	34.80	-98.38
Lamar	OK	35.09	-96.12
Lambert	OK	36.68	-98.42
Lamont	OK	36.69	-97.56
Lane	OK	34.30	-95.99
Langley	OK	36.48	-95.06
Langston	OK	35.93	-97.28
Latta	OK	34.75	-96.71
Laverne	OK	36.71	-99.90
Lawrence Creek	OK	36.08	-96.43
Lawton	OK	34.62	-98.42
Lawtonka Acres	OK	34.78	-98.53
Le Flore	OK	34.89	-94.98
Leach	OK	36.20	-94.91
Lebanon	OK	33.97	-96.92
Leedey	OK	35.87	-99.34
Lehigh	OK	34.47	-96.22
Lenapah	OK	36.85	-95.64
Leon	OK	33.88	-97.43
Leonard	OK	35.92	-95.80
Lequire	OK	35.11	-95.11
Lexington	OK	35.02	-97.34
Liberty	OK	35.85	-95.99
Lima	OK	35.17	-96.60
Limestone	OK	36.31	-95.75
Lindsay	OK	34.84	-97.61
Little City	OK	34.08	-96.62
Little Ponderosa	OK	36.96	-100.88
Little Rock	OK	36.21	-95.09
Loco	OK	34.33	-97.68
Locust Grove	OK	36.20	-95.17
Lone Chimney	OK	36.23	-96.79
Lone Grove	OK	34.18	-97.25
Lone Wolf	OK	34.99	-99.25
Long	OK	35.50	-94.54
Longdale	OK	36.13	-98.55
Longtown	OK	35.24	-95.52
Lookeba	OK	35.36	-98.36
Lost City	OK	36.00	-95.12
Lotsee	OK	36.13	-96.21
Loveland	OK	34.30	-98.77
Lovell	OK	36.06	-97.64
Lowrey	OK	36.10	-94.93
Loyal	OK	35.97	-98.12
Lucien	OK	36.27	-97.46
Luther	OK	35.67	-97.19
Lyons Switch	OK	35.79	-94.69
Macomb	OK	35.15	-97.01
Madill	OK	34.09	-96.77
Mallard Bay	OK	35.86	-95.26
Manchester	OK	36.99	-98.04
Mangum	OK	34.88	-99.50
Manitou	OK	34.51	-98.98
Mannford	OK	36.13	-96.33
Mannsville	OK	34.18	-96.89
Maramec	OK	36.24	-96.68
Marble City	OK	35.58	-94.82
Marietta	OK	33.94	-97.12
Marland	OK	36.56	-97.15
Marlow	OK	34.63	-97.96
Marshall	OK	36.15	-97.62
Martha	OK	34.73	-99.39
Maud	OK	35.13	-96.78
May	OK	36.62	-99.75
Maysville	OK	34.86	-97.37
Mazie	OK	36.14	-95.33
McAlester	OK	34.93	-95.77
McBride	OK	33.93	-96.64
McCord	OK	36.67	-97.04
McCurtain	OK	35.15	-94.97
McLoud	OK	35.41	-97.11
Mead	OK	34.00	-96.52
Medford	OK	36.80	-97.74
Medicine Park	OK	34.73	-98.49
Meeker	OK	35.49	-96.90
Mehan	OK	36.05	-96.94
Meno	OK	36.39	-98.18
Meridian	OK	35.84	-97.25
Miami	OK	36.89	-94.87
Middleberg	OK	35.11	-97.73
Midwest City	OK	35.46	-97.37
Milburn	OK	34.24	-96.55
Milfay	OK	35.75	-96.56
Mill Creek	OK	34.40	-96.83
Millerton	OK	33.98	-95.02
Minco	OK	35.32	-97.95
Moffett	OK	35.40	-94.46
Monroe	OK	34.99	-94.52
Moodys	OK	36.03	-94.96
Moore	OK	35.33	-97.47
Mooreland	OK	36.44	-99.20
Morris	OK	35.61	-95.86
Morrison	OK	36.29	-97.03
Mounds	OK	35.88	-96.07
Mountain Park	OK	34.70	-98.95
Mountain View	OK	35.10	-98.75
Moyers	OK	34.33	-95.65
Mulberry	OK	35.87	-94.70
Muldrow	OK	35.40	-94.60
Mule Barn	OK	36.22	-96.31
Mulhall	OK	36.11	-97.34
Murphy	OK	36.13	-95.24
Muskogee	OK	35.74	-95.36
Mustang	OK	35.39	-97.73
Mutual	OK	36.23	-99.17
Narcissa	OK	36.80	-94.93
Nardin	OK	36.80	-97.45
Nash	OK	36.67	-98.05
Nashoba	OK	34.48	-95.21
Nelagoney	OK	36.63	-96.24
Nescatunga	OK	36.75	-98.16
New Alluwe	OK	36.61	-95.49
New Cordell	OK	35.30	-98.98
New Eucha	OK	36.39	-94.85
New Woodville	OK	33.97	-96.65
Newcastle	OK	35.24	-97.60
Newkirk	OK	36.88	-97.06
Nichols Hills	OK	35.55	-97.54
Nicoma Park	OK	35.49	-97.32
Nicut	OK	35.60	-94.56
Ninnekah	OK	34.96	-97.94
Noble	OK	35.13	-97.37
Norge	OK	34.99	-97.99
Norman	OK	35.24	-97.35
North Enid	OK	36.45	-97.86
North Miami	OK	36.92	-94.88
Norwood	OK	35.84	-95.15
Notchietown	OK	35.59	-95.09
Nowata	OK	36.70	-95.64
Oak Grove	OK	36.21	-96.34
Oak Hill-Piney	OK	36.38	-94.73
Oakhurst	OK	36.08	-96.06
Oakland	OK	34.09	-96.80
Oaks	OK	36.17	-94.85
Oakwood	OK	35.93	-98.70
Ochelata	OK	36.60	-95.98
Oilton	OK	36.08	-96.58
Okarche	OK	35.72	-97.98
Okay	OK	35.87	-95.31
Okeene	OK	36.12	-98.32
Okemah	OK	35.43	-96.30
Oklahoma City	OK	35.47	-97.51
Okmulgee	OK	35.63	-95.95
Oktaha	OK	35.58	-95.48
Old Eucha	OK	36.36	-94.94
Old Green	OK	35.99	-94.61
Olive	OK	36.02	-96.48
Olustee	OK	34.55	-99.42
Oologah	OK	36.44	-95.71
Optima	OK	36.76	-101.35
Orlando	OK	36.15	-97.37
Osage	OK	36.30	-96.42
Owasso	OK	36.29	-95.84
Paden	OK	35.51	-96.57
Panama	OK	35.17	-94.67
Panola	OK	34.92	-95.21
Paoli	OK	34.83	-97.26
Paradise Hill	OK	35.61	-95.07
Park Hill	OK	35.83	-94.97
Pauls Valley	OK	34.71	-97.22
Pawhuska	OK	36.67	-96.33
Pawnee	OK	36.35	-96.80
Peavine	OK	35.90	-94.61
Peckham	OK	36.89	-97.18
Peggs	OK	36.07	-95.07
Pensacola	OK	36.46	-95.13
Peoria	OK	36.92	-94.67
Perkins	OK	35.98	-97.03
Perry	OK	36.28	-97.31
Pershing	OK	36.59	-96.27
Pettit	OK	35.77	-94.98
Phillips	OK	34.50	-96.22
Pickett	OK	34.78	-96.78
Piedmont	OK	35.67	-97.75
Pin Oak Acres	OK	36.12	-95.29
Piney	OK	35.89	-94.56
Pinhook Corner	OK	35.53	-94.89
Pink	OK	35.23	-97.10
Pittsburg	OK	34.71	-95.85
Platter	OK	33.91	-96.53
Pocasset	OK	35.18	-97.96
Pocola	OK	35.25	-94.47
Ponca City	OK	36.72	-97.07
Pond Creek	OK	36.67	-97.80
Pontotoc	OK	34.49	-96.63
Porter	OK	35.87	-95.52
Porum	OK	35.36	-95.26
Poteau	OK	35.07	-94.61
Prague	OK	35.50	-96.70
Preston	OK	35.71	-95.99
Proctor	OK	35.98	-94.74
Prue	OK	36.25	-96.27
Pryor Creek	OK	36.30	-95.31
Pump Back	OK	36.26	-95.12
Pumpkin Hollow	OK	36.01	-94.84
Purcell	OK	35.02	-97.37
Putnam	OK	35.86	-98.97
Quapaw	OK	36.95	-94.79
Quay	OK	36.16	-96.71
Quinlan	OK	36.46	-99.05
Quinton	OK	35.13	-95.37
Ralston	OK	36.50	-96.74
Ramona	OK	36.54	-95.93
Randlett	OK	34.18	-98.46
Ratliff City	OK	34.45	-97.52
Rattan	OK	34.20	-95.40
Ravia	OK	34.24	-96.76
Reagan	OK	34.34	-96.71
Red Oak	OK	34.95	-95.08
Red Rock	OK	36.46	-97.18
Redbird	OK	35.89	-95.59
Redbird Smith	OK	35.56	-95.02
Remy	OK	35.46	-94.50
Renfrow	OK	36.92	-97.66
Rentiesville	OK	35.53	-95.48
Reydon	OK	35.65	-99.92
Ringling	OK	34.18	-97.59
Ringwood	OK	36.38	-98.24
Ripley	OK	36.02	-96.90
River Bottom	OK	35.64	-95.24
Rock Island	OK	35.18	-94.48
Rocky	OK	35.16	-99.06
Rocky Ford	OK	36.16	-94.91
Rocky Mountain	OK	35.79	-94.77
Rocky Point	OK	36.03	-95.32
Roff	OK	34.63	-96.84
Roland	OK	35.41	-94.51
Roosevelt	OK	34.85	-99.02
Rose	OK	36.21	-95.04
Rosedale	OK	34.92	-97.19
Rosston	OK	36.81	-99.93
Rush Springs	OK	34.78	-97.96
Ryan	OK	34.02	-97.95
Salina	OK	36.29	-95.16
Sallisaw	OK	35.46	-94.81
Sams Corner	OK	36.20	-95.22
Sand Hill	OK	35.63	-95.20
Sand Point	OK	33.96	-96.57
Sand Springs	OK	36.14	-96.13
Sapulpa	OK	36.00	-96.12
Sasakwa	OK	34.95	-96.53
Savanna	OK	34.84	-95.83
Sawyer	OK	34.02	-95.38
Sayre	OK	35.30	-99.63
Schulter	OK	35.51	-95.96
Scipio	OK	35.05	-95.96
Seiling	OK	36.14	-98.93
Selman	OK	36.80	-99.49
Seminole	OK	35.23	-96.65
Sentinel	OK	35.16	-99.17
Sequoyah	OK	36.38	-95.60
Seward	OK	35.80	-97.49
Shady Grove	OK	35.47	-95.41
Shady Point	OK	35.13	-94.67
Shamrock	OK	35.91	-96.58
Sharon	OK	36.28	-99.34
Shattuck	OK	36.26	-99.88
Shawnee	OK	35.37	-96.96
Shidler	OK	36.78	-96.66
Short	OK	35.57	-94.50
Silo	OK	34.04	-96.47
Simms	OK	35.40	-95.16
Skedee	OK	36.38	-96.70
Skiatook	OK	36.35	-95.95
Slaughterville	OK	35.09	-97.28
Slick	OK	35.78	-96.26
Smith Village	OK	35.45	-97.46
Smithville	OK	34.47	-94.65
Snake Creek	OK	36.18	-95.09
Snyder	OK	34.66	-98.95
Soper	OK	34.03	-95.70
Sour John	OK	35.62	-95.14
South Coffeyville	OK	36.99	-95.62
Sparks	OK	35.61	-96.82
Sparrowhawk	OK	35.97	-94.89
Spaulding	OK	35.01	-96.44
Spavinaw	OK	36.39	-95.05
Spencer	OK	35.51	-97.37
Sperry	OK	36.30	-96.00
Spiro	OK	35.24	-94.62
Sportmans Shores	OK	36.46	-95.08
Sportsmen Acres	OK	36.25	-95.25
Springer	OK	34.30	-97.12
St. Louis	OK	35.08	-96.86
Steely Hollow	OK	35.99	-94.94
Sterling	OK	34.75	-98.17
Stidham	OK	35.37	-95.70
Stigler	OK	35.26	-95.12
Stillwater	OK	36.13	-97.07
Stilwell	OK	35.81	-94.63
Stonewall	OK	34.65	-96.53
Stoney Point	OK	35.56	-94.68
Strang	OK	36.41	-95.13
Stratford	OK	34.80	-96.96
Stringtown	OK	34.47	-96.06
Strong City	OK	35.67	-99.60
Stroud	OK	35.77	-96.65
Stuart	OK	34.90	-96.10
Sugden	OK	34.08	-97.98
Sulphur	OK	34.50	-96.99
Summit	OK	35.67	-95.42
Sumner	OK	36.32	-97.12
Sunray	OK	34.41	-97.95
Sweetwater	OK	35.42	-99.92
Swink	OK	34.02	-95.20
Sycamore	OK	36.40	-94.71
Taft	OK	35.76	-95.55
Tagg Flats	OK	36.34	-94.90
Tahlequah	OK	35.91	-94.98
Talala	OK	36.53	-95.70
Talihina	OK	34.75	-95.04
Taloga	OK	36.04	-98.96
Tamaha	OK	35.40	-95.01
Tatums	OK	34.48	-97.46
Taylor Ferry	OK	35.93	-95.31
Tecumseh	OK	35.26	-96.93
Temple	OK	34.27	-98.23
Tenkiller	OK	35.80	-94.85
Teresita	OK	36.12	-94.98
Terlton	OK	36.19	-96.49
Terral	OK	33.90	-97.94
Texanna	OK	35.36	-95.51
Texhoma	OK	36.51	-101.79
Texola	OK	35.22	-99.99
Thackerville	OK	33.79	-97.14
The Village	OK	35.57	-97.56
Thomas	OK	35.75	-98.75
Tiawah	OK	36.25	-95.54
Tipton	OK	34.50	-99.14
Tishomingo	OK	34.24	-96.68
Titanic	OK	35.89	-94.74
Tonkawa	OK	36.67	-97.32
Tonkawa Tribal Housing	OK	36.67	-97.27
Toppers	OK	35.97	-95.32
Tribbey	OK	35.10	-97.11
Tryon	OK	35.88	-96.97
Tullahassee	OK	35.83	-95.45
Tulsa	OK	36.13	-95.90
Tupelo	OK	34.60	-96.42
Turley	OK	36.25	-95.97
Turpin	OK	36.87	-100.88
Tushka	OK	34.32	-96.17
Tuskahoma	OK	34.63	-95.28
Tuttle	OK	35.31	-97.75
Twin Lakes	OK	35.87	-97.67
Twin Oaks	OK	36.20	-94.84
Tyrone	OK	36.96	-101.07
Union City	OK	35.40	-97.91
Utica	OK	33.91	-96.22
Valley Brook	OK	35.40	-97.48
Valley Park	OK	36.28	-95.74
Valliant	OK	34.01	-95.08
Vanoss	OK	34.76	-96.87
Velma	OK	34.46	-97.66
Vera	OK	36.45	-95.89
Verden	OK	35.08	-98.09
Verdigris	OK	36.25	-95.66
Vernon	OK	35.23	-95.94
Vian	OK	35.50	-94.97
Vici	OK	36.15	-99.30
Vinita	OK	36.65	-95.16
Wagoner	OK	35.97	-95.38
Wainwright	OK	35.61	-95.57
Wakita	OK	36.88	-97.92
Walters	OK	34.36	-98.36
Wanette	OK	34.96	-97.03
Wann	OK	36.91	-95.80
Wapanucka	OK	34.37	-96.43
Wardville	OK	34.65	-96.03
Warner	OK	35.49	-95.31
Warr Acres	OK	35.53	-97.62
Warwick	OK	35.69	-97.01
Washington	OK	35.05	-97.49
Washita	OK	35.10	-98.34
Watonga	OK	35.85	-98.40
Watova	OK	36.62	-95.66
Watts	OK	36.11	-94.57
Wauhillau	OK	35.86	-94.76
Waukomis	OK	36.29	-97.90
Waurika	OK	34.18	-98.03
Wayne	OK	34.92	-97.32
Waynoka	OK	36.58	-98.88
Weatherford	OK	35.54	-98.68
Webb City	OK	36.81	-96.71
Webbers Falls	OK	35.52	-95.16
Welch	OK	36.87	-95.09
Weleetka	OK	35.34	-96.14
Welling	OK	35.88	-94.87
Wellston	OK	35.68	-97.06
Welty	OK	35.63	-96.42
West Peavine	OK	35.91	-94.65
West Siloam Springs	OK	36.18	-94.60
Westport	OK	36.19	-96.34
Westville	OK	35.99	-94.57
Wetumka	OK	35.24	-96.24
Wewoka	OK	35.14	-96.50
Whippoorwill	OK	36.91	-96.13
White Eagle	OK	36.63	-97.08
White Oak	OK	36.61	-95.28
White Water	OK	36.50	-94.73
Whitefield	OK	35.25	-95.24
Whitehorn Cove	OK	35.99	-95.29
Whitesboro	OK	34.70	-94.87
Wickliffe	OK	36.31	-95.11
Wilburton	OK	34.92	-95.30
Willow	OK	35.05	-99.51
Wilson	OK	34.17	-97.43
Winchester	OK	35.79	-96.00
Wister	OK	34.97	-94.72
Woodall	OK	35.82	-95.08
Woodlawn Park	OK	35.51	-97.65
Woodward	OK	36.42	-99.40
Wright City	OK	34.07	-95.01
Wyandotte	OK	36.81	-94.73
Wynnewood	OK	34.64	-97.16
Wynona	OK	36.55	-96.33
Yale	OK	36.12	-96.70
Yeager	OK	35.16	-96.34
Yukon	OK	35.52	-97.77
Zeb	OK	35.80	-95.06
Zena	OK	36.51	-94.85
Zion	OK	35.79	-94.64
Adair Village	OR	44.67	-123.22
Adams	OR	45.77	-118.56
Adrian	OR	43.74	-117.07
Albany	OR	44.63	-123.10
Aloha	OR	45.49	-122.87
Alpine	OR	44.33	-123.36
Alsea	OR	44.38	-123.60
Altamont	OR	42.20	-121.72
Amity	OR	45.12	-123.20
Annex	OR	44.23	-116.99
Antelope	OR	44.91	-120.72
Arlington	OR	45.73	-120.19
Ashland	OR	42.19	-122.70
Astoria	OR	46.19	-123.82
Athena	OR	45.81	-118.49
Aumsville	OR	44.85	-122.87
Aurora	OR	45.23	-122.76
Baker City	OR	44.77	-117.83
Bandon	OR	43.11	-124.42
Banks	OR	45.61	-123.11
Barlow	OR	45.25	-122.72
Barnesdale	OR	45.65	-123.85
Barview	OR	43.35	-124.31
Bay City	OR	45.52	-123.89
Bayshore	OR	44.44	-124.08
Bayside Gardens	OR	45.71	-123.92
Beatty	OR	42.44	-121.27
Beaver	OR	45.28	-123.82
Beaver Marsh	OR	43.14	-121.80
Beavercreek	OR	45.28	-122.51
Beaverton	OR	45.48	-122.82
Bellfountain	OR	44.37	-123.36
Bend	OR	44.06	-121.31
Bethany	OR	45.56	-122.84
Biggs Junction	OR	45.66	-120.84
Black Butte Ranch	OR	44.36	-121.67
Blodgett	OR	44.60	-123.52
Bly	OR	42.39	-121.04
Boardman	OR	45.84	-119.69
Bonanza	OR	42.20	-121.41
Boring	OR	45.43	-122.37
Brogan	OR	44.25	-117.52
Brookings	OR	42.07	-124.30
Brooks	OR	45.05	-122.96
Brownsville	OR	44.39	-122.98
Bull Mountain	OR	45.41	-122.83
Bunker Hill	OR	43.35	-124.21
Burns	OR	43.59	-119.06
Butte Falls	OR	42.54	-122.57
Butteville	OR	45.25	-122.83
Camp Sherman	OR	44.45	-121.65
Canby	OR	45.27	-122.69
Cannon Beach	OR	45.89	-123.96
Canyon City	OR	44.39	-118.95
Canyonville	OR	42.93	-123.28
Cape Meares	OR	45.53	-123.95
Carlton	OR	45.29	-123.18
Cascade Locks	OR	45.68	-121.87
Cascadia	OR	44.39	-122.50
Cave Junction	OR	42.17	-123.65
Cayuse	OR	45.68	-118.57
Cedar Hills	OR	45.50	-122.81
Cedar Mill	OR	45.54	-122.80
Central Point	OR	42.38	-122.91
Chemult	OR	43.22	-121.79
Chenoweth	OR	45.62	-121.23
Cherry Grove	OR	45.45	-123.25
Cheshire	OR	44.19	-123.28
Chiloquin	OR	42.58	-121.87
Clatskanie	OR	46.10	-123.20
Cloverdale	OR	45.20	-123.88
Coburg	OR	44.14	-123.06
Columbia City	OR	45.90	-122.81
Condon	OR	45.24	-120.19
Coos Bay	OR	43.38	-124.23
Coquille	OR	43.18	-124.18
Cornelius	OR	45.52	-123.05
Corvallis	OR	44.57	-123.28
Cottage Grove	OR	43.80	-123.06
Cove	OR	45.30	-117.81
Crabtree	OR	44.64	-122.91
Crane	OR	43.42	-118.59
Crawfordsville	OR	44.36	-122.86
Crescent	OR	43.45	-121.70
Crescent Lake	OR	43.51	-121.94
Creswell	OR	43.92	-123.01
Crooked River Ranch	OR	44.42	-121.28
Culver	OR	44.52	-121.21
Dallas	OR	44.92	-123.31
Damascus	OR	45.43	-122.44
Days Creek	OR	42.97	-123.17
Dayton	OR	45.22	-123.08
Dayville	OR	44.47	-119.53
Deer Island	OR	45.93	-122.85
Depoe Bay	OR	44.81	-124.06
Deschutes River Woods	OR	43.99	-121.36
Detroit	OR	44.73	-122.15
Dexter	OR	43.92	-122.83
Dillard	OR	43.11	-123.43
Dilley	OR	45.49	-123.12
Donald	OR	45.22	-122.84
Drain	OR	43.66	-123.31
Dufur	OR	45.45	-121.13
Dundee	OR	45.28	-123.01
Dunes City	OR	43.91	-124.09
Dunthorpe	OR	45.44	-122.66
Durham	OR	45.39	-122.76
Eagle Crest	OR	44.26	-121.30
Eagle Point	OR	42.47	-122.80
Echo	OR	45.74	-119.19
Elgin	OR	45.56	-117.92
Elkton	OR	43.64	-123.57
Elmira	OR	44.07	-123.36
Enterprise	OR	45.43	-117.28
Eola	OR	44.93	-123.12
Estacada	OR	45.30	-122.33
Eugene	OR	44.06	-123.12
Fair Oaks	OR	43.41	-123.22
Fairview	OR	45.55	-122.44
Falcon Heights	OR	42.13	-121.76
Falls City	OR	44.86	-123.44
Florence	OR	43.99	-124.11
Foots Creek	OR	42.39	-123.14
Forest Grove	OR	45.52	-123.11
Fort Hill	OR	45.07	-123.56
Fort Klamath	OR	42.70	-121.99
Fossil	OR	45.00	-120.21
Four Corners	OR	44.93	-122.97
Garden Home-Whitford	OR	45.46	-122.76
Gardiner	OR	43.73	-124.11
Garibaldi	OR	45.56	-123.91
Gaston	OR	45.43	-123.15
Gates	OR	44.76	-122.42
Gearhart	OR	46.03	-123.92
Gervais	OR	45.11	-122.90
Gilchrist	OR	43.48	-121.69
Gladstone	OR	45.39	-122.59
Glasgow	OR	43.44	-124.20
Glendale	OR	42.74	-123.43
Glide	OR	43.29	-123.07
Gold Beach	OR	42.41	-124.42
Gold Hill	OR	42.44	-123.05
Gopher Flats	OR	45.67	-118.72
Government Camp	OR	45.30	-121.75
Grand Ronde	OR	45.07	-123.62
Granite	OR	44.81	-118.42
Grants Pass	OR	42.43	-123.33
Grass Valley	OR	45.36	-120.78
Green	OR	43.15	-123.39
Green Meadows	OR	45.61	-118.80
Greenhorn	OR	44.71	-118.50
Gresham	OR	45.50	-122.44
Haines	OR	44.91	-117.94
Halfway	OR	44.88	-117.11
Halsey	OR	44.38	-123.11
Happy Valley	OR	45.44	-122.51
Harbor	OR	42.04	-124.25
Harper	OR	43.86	-117.63
Harrisburg	OR	44.27	-123.16
Hayesville	OR	44.98	-122.97
Hebo	OR	45.23	-123.86
Heceta Beach	OR	44.02	-124.12
Helix	OR	45.85	-118.66
Heppner	OR	45.35	-119.56
Hermiston	OR	45.83	-119.29
Hillsboro	OR	45.53	-122.94
Hines	OR	43.56	-119.08
Holley	OR	44.35	-122.79
Hood River	OR	45.71	-121.53
Hubbard	OR	45.18	-122.81
Huntington	OR	44.35	-117.27
Idanha	OR	44.70	-122.08
Idaville	OR	45.51	-123.86
Imbler	OR	45.46	-117.96
Independence	OR	44.86	-123.20
Ione	OR	45.50	-119.82
Irrigon	OR	45.90	-119.49
Island City	OR	45.34	-118.05
Jacksonville	OR	42.31	-122.97
Jasper	OR	43.99	-122.92
Jeffers Gardens	OR	46.15	-123.85
Jefferson	OR	44.72	-123.01
Jennings Lodge	OR	45.39	-122.62
John Day	OR	44.42	-118.96
Johnson City	OR	45.40	-122.58
Jordan Valley	OR	42.98	-117.06
Joseph	OR	45.35	-117.23
Junction City	OR	44.21	-123.20
Juniper Canyon	OR	44.20	-120.75
Juntura	OR	43.75	-118.08
Keizer	OR	45.00	-123.02
Keno	OR	42.13	-121.93
Kerby	OR	42.20	-123.65
King City	OR	45.40	-122.81
Kings Valley	OR	44.70	-123.43
Kirkpatrick	OR	45.68	-118.65
Klamath Falls	OR	42.22	-121.78
Knappa	OR	46.17	-123.58
La Grande	OR	45.32	-118.09
La Pine	OR	43.69	-121.49
Labish Village	OR	45.02	-122.97
Lacomb	OR	44.58	-122.74
Lafayette	OR	45.25	-123.11
Lake Oswego	OR	45.41	-122.70
Lakeside	OR	43.58	-124.17
Lakeview	OR	42.19	-120.35
Langlois	OR	42.93	-124.45
Lebanon	OR	44.53	-122.91
Lexington	OR	45.45	-119.69
Lincoln Beach	OR	44.87	-124.03
Lincoln City	OR	44.98	-124.01
Lonerock	OR	45.09	-119.88
Long Creek	OR	44.71	-119.10
Lookingglass	OR	43.18	-123.50
Lostine	OR	45.49	-117.43
Lowell	OR	43.92	-122.78
Lyons	OR	44.78	-122.61
Madras	OR	44.66	-121.16
Malin	OR	42.01	-121.41
Manzanita	OR	45.72	-123.94
Mapleton	OR	44.03	-123.86
Marcola	OR	44.18	-122.86
Marion	OR	44.75	-122.93
Marlene Village	OR	45.52	-122.82
Maupin	OR	45.17	-121.09
Maywood Park	OR	45.55	-122.56
McKay	OR	45.49	-118.68
McMinnville	OR	45.21	-123.19
Meacham	OR	45.52	-118.44
Medford	OR	42.34	-122.85
Mehama	OR	44.79	-122.63
Melrose	OR	43.25	-123.46
Merlin	OR	42.52	-123.43
Merrill	OR	42.03	-121.60
Metolius	OR	44.59	-121.18
Metzger	OR	45.45	-122.76
Mill City	OR	44.75	-122.48
Millersburg	OR	44.68	-123.07
Milton-Freewater	OR	45.93	-118.39
Milwaukie	OR	45.44	-122.62
Mission	OR	45.66	-118.67
Mitchell	OR	44.57	-120.15
Molalla	OR	45.15	-122.58
Monmouth	OR	44.85	-123.23
Monroe	OR	44.32	-123.30
Monument	OR	44.82	-119.42
Moro	OR	45.48	-120.73
Mosier	OR	45.69	-121.40
Mount Angel	OR	45.07	-122.80
Mount Hood	OR	45.53	-121.57
Mount Hood Villages	OR	45.32	-121.99
Mount Vernon	OR	44.42	-119.11
Mulino	OR	45.22	-122.56
Myrtle Creek	OR	43.02	-123.28
Myrtle Point	OR	43.06	-124.13
Neahkahnie	OR	45.73	-123.94
Nehalem	OR	45.72	-123.89
Neotsu	OR	45.00	-123.98
Nesika Beach	OR	42.51	-124.40
Neskowin	OR	45.12	-123.98
Netarts	OR	45.44	-123.93
New Hope	OR	42.37	-123.36
New Pine Creek	OR	42.00	-120.30
Newberg	OR	45.31	-122.96
Newport	OR	44.62	-124.04
North Bend	OR	43.41	-124.23
North Plains	OR	45.60	-122.99
North Powder	OR	45.03	-117.92
Nyssa	OR	43.88	-117.00
O'Brien	OR	42.08	-123.70
Oak Grove	OR	45.41	-122.63
Oak Hills	OR	45.54	-122.84
Oakland	OR	43.42	-123.30
Oakridge	OR	43.75	-122.47
Oatfield	OR	45.41	-122.59
Oceanside	OR	45.45	-123.96
Ochoco West	OR	44.40	-120.92
Odell	OR	45.64	-121.55
Ontario	OR	44.03	-116.98
Oregon City	OR	45.34	-122.59
Oregon Shores	OR	42.54	-121.92
Orient	OR	45.47	-122.35
Pacific City	OR	45.21	-123.95
Paisley	OR	42.69	-120.55
Parkdale	OR	45.51	-121.59
Pendleton	OR	45.68	-118.82
Peoria	OR	44.45	-123.20
Philomath	OR	44.54	-123.36
Phoenix	OR	42.27	-122.82
Pilot Rock	OR	45.49	-118.83
Pine Grove	OR	45.11	-121.36
Pine Hollow	OR	45.24	-121.28
Pistol River	OR	42.29	-124.40
Pleasant Valley	OR	45.38	-123.80
Plush	OR	42.41	-119.90
Port Orford	OR	42.75	-124.50
Portland	OR	45.54	-122.65
Powers	OR	42.89	-124.08
Prairie City	OR	44.46	-118.71
Prescott	OR	46.05	-122.89
Prineville	OR	44.30	-120.86
Prineville Lake Acres	OR	44.17	-120.79
Pronghorn	OR	44.19	-121.18
Prospect	OR	42.75	-122.47
Rainier	OR	46.07	-122.94
Raleigh Hills	OR	45.49	-122.76
Redmond	OR	44.26	-121.18
Redwood	OR	42.42	-123.39
Reedsport	OR	43.70	-124.11
Rhododendron	OR	45.31	-121.85
Richland	OR	44.77	-117.17
Rickreall	OR	44.93	-123.23
Riddle	OR	42.95	-123.36
River Point	OR	46.14	-123.80
River Road	OR	44.08	-123.13
Rivergrove	OR	45.39	-122.73
Riverside	OR	45.68	-118.74
Rockaway Beach	OR	45.62	-123.94
Rockcreek	OR	45.55	-122.88
Rocky Point	OR	42.43	-122.12
Rogue River	OR	42.44	-123.17
Rose Lodge	OR	45.02	-123.89
Roseburg	OR	43.22	-123.35
Roseburg North	OR	43.27	-123.35
Rowena	OR	45.67	-121.27
Ruch	OR	42.23	-123.04
Rufus	OR	45.69	-120.75
Running Y Ranch	OR	42.27	-121.87
Salem	OR	44.92	-123.02
San Marine	OR	44.35	-124.09
Sandy	OR	45.40	-122.27
Santa Clara	OR	44.12	-123.13
Saunders Lake	OR	43.52	-124.21
Scappoose	OR	45.76	-122.87
Scio	OR	44.70	-122.85
Scotts Mills	OR	45.04	-122.67
Seaside	OR	45.99	-123.92
Selma	OR	42.28	-123.62
Seneca	OR	44.14	-118.98
Seventh Mountain	OR	44.00	-121.38
Shady Cove	OR	42.61	-122.82
Shaniko	OR	45.00	-120.75
Shedd	OR	44.46	-123.11
Sheridan	OR	45.10	-123.40
Sherwood	OR	45.36	-122.84
Siletz	OR	44.72	-123.92
Silver Lake	OR	43.13	-121.05
Silverton	OR	45.00	-122.78
Sisters	OR	44.29	-121.55
Sodaville	OR	44.48	-122.87
South Lebanon	OR	44.51	-122.90
Sportsmans Park	OR	45.22	-121.40
Sprague River	OR	42.46	-121.50
Spray	OR	44.83	-119.79
Springfield	OR	44.05	-122.98
St. Helens	OR	45.86	-122.82
St. Paul	OR	45.21	-122.98
Stafford	OR	45.38	-122.68
Stanfield	OR	45.78	-119.22
Stayton	OR	44.81	-122.80
Sublimity	OR	44.83	-122.79
Summerville	OR	45.49	-118.00
Summit	OR	44.64	-123.58
Sumpter	OR	44.74	-118.20
Sunriver	OR	43.88	-121.43
Sutherlin	OR	43.39	-123.32
Svensen	OR	46.16	-123.66
Sweet Home	OR	44.40	-122.70
Takilma	OR	42.04	-123.62
Talent	OR	42.24	-122.78
Tangent	OR	44.55	-123.11
Terrebonne	OR	44.35	-121.18
Tetherow	OR	44.04	-121.37
The Dalles	OR	45.60	-121.15
Three Rivers	OR	43.84	-121.46
Tigard	OR	45.42	-122.78
Tillamook	OR	45.46	-123.83
Toledo	OR	44.62	-123.93
Trail	OR	42.67	-122.81
Trent	OR	43.94	-122.86
Tri-City	OR	42.99	-123.30
Troutdale	OR	45.54	-122.39
Tualatin	OR	45.38	-122.77
Tumalo	OR	44.16	-121.33
Turner	OR	44.85	-122.95
Tutuilla	OR	45.61	-118.71
Tygh Valley	OR	45.24	-121.17
Ukiah	OR	45.13	-118.93
Umapine	OR	45.98	-118.50
Umatilla	OR	45.92	-119.33
Union	OR	45.21	-117.87
Unity	OR	44.45	-118.19
Vale	OR	43.98	-117.24
Veneta	OR	44.05	-123.35
Vernonia	OR	45.86	-123.18
Waldport	OR	44.42	-124.07
Wallowa	OR	45.57	-117.53
Wallowa Lake	OR	45.30	-117.22
Wamic	OR	45.23	-121.29
Warm Springs	OR	44.79	-121.25
Warren	OR	45.82	-122.88
Warrenton	OR	46.17	-123.93
Wasco	OR	45.59	-120.70
Waterloo	OR	44.49	-122.82
Wedderburn	OR	42.43	-124.42
West Haven-Sylvan	OR	45.52	-122.77
West Linn	OR	45.37	-122.64
West Scio	OR	44.71	-122.88
West Slope	OR	45.50	-122.77
Westfir	OR	43.76	-122.50
Weston	OR	45.81	-118.43
Westport	OR	46.13	-123.37
Wheeler	OR	45.69	-123.89
White City	OR	42.43	-122.83
Willamina	OR	45.08	-123.48
Williams	OR	42.22	-123.29
Wilsonville	OR	45.31	-122.77
Wimer	OR	42.55	-123.15
Winchester Bay	OR	43.67	-124.19
Winston	OR	43.12	-123.42
Wood Village	OR	45.54	-122.42
Woodburn	OR	45.15	-122.86
Yachats	OR	44.31	-124.10
Yamhill	OR	45.34	-123.18
Yoncalla	OR	43.60	-123.29
Aaronsburg	PA	40.90	-77.45
Abbottstown	PA	39.88	-76.99
Ackermanville	PA	40.83	-75.23
Acosta	PA	40.11	-79.07
Adamsburg	PA	40.31	-79.65
Adamstown	PA	40.24	-76.06
Adamsville	PA	41.51	-80.37
Addison	PA	39.75	-79.33
Akron	PA	40.16	-76.20
Alba	PA	41.71	-76.83
Albion	PA	41.89	-80.36
Albrightsville	PA	41.01	-75.61
Alburtis	PA	40.51	-75.60
Aldan	PA	39.92	-75.29
Alexandria	PA	40.56	-78.10
Alfarata	PA	40.66	-77.46
Aliquippa	PA	40.62	-80.26
Alleghenyville	PA	40.23	-75.98
Allenport	PA	40.09	-79.86
Allensville	PA	40.53	-77.81
Allentown	PA	40.59	-75.48
Allenwood	PA	41.11	-76.90
Allison	PA	39.99	-79.87
Allison Park	PA	40.57	-79.96
Allport	PA	40.97	-78.20
Almedia	PA	41.01	-76.38
Alsace Manor	PA	40.40	-75.86
Altamont	PA	40.78	-76.22
Altoona	PA	40.51	-78.40
Alverda	PA	40.63	-78.86
Ambler	PA	40.16	-75.22
Ambridge	PA	40.59	-80.23
Ambridge Heights	PA	40.59	-80.21
Amity Gardens	PA	40.27	-75.73
Ancient Oaks	PA	40.54	-75.59
Andalusia	PA	40.07	-74.97
Annville	PA	40.33	-76.51
Apollo	PA	40.59	-79.56
Applewold	PA	40.81	-79.52
Arcadia University	PA	40.09	-75.17
Archbald	PA	41.51	-75.55
Ardmore	PA	40.00	-75.29
Arendtsville	PA	39.92	-77.30
Aristes	PA	40.81	-76.34
Arlington Heights	PA	41.00	-75.21
Armagh	PA	40.45	-79.03
Arnold	PA	40.58	-79.77
Arnold City	PA	40.12	-79.82
Arnot	PA	41.66	-77.12
Arona	PA	40.27	-79.66
Ashland	PA	40.78	-76.35
Ashley	PA	41.21	-75.90
Ashville	PA	40.56	-78.55
Aspers	PA	39.98	-77.23
Aspinwall	PA	40.49	-79.90
Atglen	PA	39.95	-75.97
Athens	PA	41.94	-76.51
Atkinson Mills	PA	40.45	-77.80
Atlantic	PA	41.51	-80.34
Atlas	PA	40.80	-76.43
Atlasburg	PA	40.34	-80.38
Atwood	PA	40.75	-79.25
Auburn	PA	40.60	-76.10
Audubon	PA	40.13	-75.43
Austin	PA	41.64	-78.09
Avalon	PA	40.50	-80.07
Avella	PA	40.27	-80.47
Avis	PA	41.19	-77.32
Avoca	PA	41.34	-75.74
Avon	PA	40.34	-76.38
Avondale	PA	39.83	-75.78
Avonia	PA	42.05	-80.28
Avonmore	PA	40.53	-79.47
Baden	PA	40.64	-80.22
Baidland	PA	40.19	-79.95
Baileyville	PA	40.71	-78.00
Bainbridge	PA	40.09	-76.66
Bairdford	PA	40.63	-79.88
Bakerstown	PA	40.65	-79.94
Bala Cynwyd	PA	40.01	-75.23
Bald Eagle	PA	40.72	-78.19
Baldwin	PA	40.38	-79.95
Bally	PA	40.40	-75.59
Bangor	PA	40.87	-75.21
Barkeyville	PA	41.20	-79.98
Barrville	PA	40.67	-77.68
Bath	PA	40.73	-75.39
Baumstown	PA	40.28	-75.81
Beallsville	PA	40.06	-80.03
Bear Creek Village	PA	41.19	-75.75
Bear Lake	PA	41.99	-79.50
Bear Rocks	PA	40.13	-79.46
Beaver	PA	40.69	-80.31
Beaver Falls	PA	40.76	-80.32
Beaver Meadows	PA	40.93	-75.91
Beaver Springs	PA	40.74	-77.22
Beaverdale	PA	40.33	-78.70
Beavertown	PA	40.75	-77.17
Bechtelsville	PA	40.37	-75.63
Bedford	PA	40.02	-78.50
Beech Creek	PA	41.07	-77.58
Beech Mountain Lakes	PA	41.04	-75.93
Belfast	PA	40.78	-75.27
Bell Acres	PA	40.59	-80.17
Belle Vernon	PA	40.12	-79.86
Bellefonte	PA	40.91	-77.77
Belleville	PA	40.61	-77.72
Bellevue	PA	40.49	-80.06
Bellwood	PA	40.60	-78.33
Belmont	PA	40.28	-78.88
Belsano	PA	40.52	-78.87
Ben Avon	PA	40.51	-80.08
Ben Avon Heights	PA	40.51	-80.07
Bendersville	PA	39.98	-77.25
Benson	PA	40.20	-78.93
Bentleyville	PA	40.12	-80.00
Benton	PA	41.20	-76.38
Berlin	PA	39.92	-78.95
Bernville	PA	40.43	-76.11
Berrysburg	PA	40.60	-76.81
Berwick	PA	41.05	-76.25
Berwyn	PA	40.04	-75.44
Bessemer	PA	40.98	-80.49
Bethany	PA	41.61	-75.29
Bethel	PA	40.48	-76.29
Bethel Park	PA	40.32	-80.04
Bethlehem	PA	40.63	-75.37
Beurys Lake	PA	40.72	-76.38
Big Bass Lake	PA	41.25	-75.48
Big Beaver	PA	40.82	-80.36
Big Run	PA	40.97	-78.88
Bigler	PA	40.99	-78.31
Biglerville	PA	39.93	-77.25
Birchwood Lakes	PA	41.25	-74.91
Bird-in-Hand	PA	40.04	-76.19
Birdsboro	PA	40.26	-75.81
Birmingham	PA	40.65	-78.20
Black Lick	PA	40.47	-79.19
Blain	PA	40.34	-77.51
Blain City	PA	40.76	-78.53
Blaine Hill	PA	40.27	-79.87
Blairsville	PA	40.43	-79.26
Blakely	PA	41.49	-75.60
Blanchard	PA	41.07	-77.61
Blandburg	PA	40.68	-78.42
Blandon	PA	40.45	-75.88
Blawnox	PA	40.49	-79.86
Bloomfield	PA	40.42	-77.19
Blooming Glen	PA	40.37	-75.24
Blooming Valley	PA	41.68	-80.03
Bloomsburg	PA	41.00	-76.46
Blossburg	PA	41.68	-77.07
Blue Ball	PA	40.11	-76.06
Blue Bell	PA	40.15	-75.27
Blue Knob	PA	40.35	-78.55
Blue Ridge Summit	PA	39.73	-77.47
Boalsburg	PA	40.78	-77.77
Bobtown	PA	39.76	-79.98
Boiling Springs	PA	40.16	-77.14
Bolivar	PA	40.40	-79.15
Bonneauville	PA	39.81	-77.14
Boothwyn	PA	39.84	-75.45
Boston	PA	40.31	-79.82
Boswell	PA	40.16	-79.03
Bowers	PA	40.49	-75.74
Bowmanstown	PA	40.80	-75.66
Bowmansville	PA	40.20	-76.02
Boyers	PA	41.11	-79.90
Boyertown	PA	40.33	-75.64
Brackenridge	PA	40.61	-79.74
Braddock	PA	40.40	-79.87
Braddock Hills	PA	40.41	-79.86
Bradenville	PA	40.32	-79.34
Bradford	PA	41.96	-78.64
Bradford Woods	PA	40.64	-80.08
Branchdale	PA	40.67	-76.32
Brandonville	PA	40.86	-76.17
Brave	PA	39.73	-80.26
Breinigsville	PA	40.54	-75.63
Brentwood	PA	40.37	-79.98
Bressler	PA	40.23	-76.82
Briar Creek	PA	41.05	-76.28
Brickerville	PA	40.23	-76.29
Bridgeport	PA	40.10	-75.34
Bridgeville	PA	40.36	-80.11
Bridgewater	PA	40.71	-80.30
Brisbin	PA	40.84	-78.35
Bristol	PA	40.10	-74.85
Brittany Farms-The Highlands	PA	40.27	-75.22
Broad Top City	PA	40.20	-78.14
Brockton	PA	40.75	-76.07
Brockway	PA	41.25	-78.79
Brodheadsville	PA	40.93	-75.40
Brookhaven	PA	39.87	-75.39
Brooks Mill	PA	40.37	-78.42
Brookville	PA	41.16	-79.08
Broomall	PA	39.97	-75.35
Browndale	PA	41.65	-75.46
Brownstown	PA	40.13	-76.22
Brownsville	PA	40.02	-79.89
Browntown	PA	41.31	-75.78
Bruin	PA	41.05	-79.73
Bryn Athyn	PA	40.14	-75.07
Bryn Mawr	PA	40.02	-75.32
Buck Run	PA	40.71	-76.32
Buckhorn	PA	41.02	-76.49
Buena Vista	PA	40.28	-79.80
Buffington	PA	39.93	-79.84
Bulger	PA	40.38	-80.32
Bunola	PA	40.23	-79.95
Burgettstown	PA	40.38	-80.39
Burlington	PA	41.78	-76.61
Burnham	PA	40.63	-77.56
Burnside	PA	40.81	-78.80
Burnt Cabins	PA	40.08	-77.90
Butler	PA	40.86	-79.90
Byrnedale	PA	41.29	-78.50
Cairnbrook	PA	40.12	-78.82
California	PA	40.07	-79.91
Callensburg	PA	41.13	-79.56
Callery	PA	40.74	-80.04
Callimont	PA	39.80	-78.92
Caln	PA	40.00	-75.78
Calumet	PA	40.22	-79.49
Cambridge	PA	40.08	-75.94
Cambridge Springs	PA	41.80	-80.06
Camp Hill	PA	40.24	-76.93
Campbelltown	PA	40.28	-76.58
Canadohta Lake	PA	41.81	-79.84
Canan Station	PA	40.46	-78.43
Canoe Creek	PA	40.47	-78.28
Canonsburg	PA	40.26	-80.19
Canton	PA	41.66	-76.85
Carbondale	PA	41.57	-75.50
Carlisle	PA	40.20	-77.20
Carlisle Barracks	PA	40.21	-77.17
Carmichaels	PA	39.90	-79.97
Carnegie	PA	40.41	-80.09
Carnot-Moon	PA	40.52	-80.22
Carroll Valley	PA	39.75	-77.39
Carrolltown	PA	40.60	-78.71
Carson Valley	PA	40.45	-78.45
Casanova	PA	40.96	-78.16
Cashtown	PA	39.88	-77.35
Cassandra	PA	40.41	-78.64
Casselman	PA	39.89	-79.21
Cassville	PA	40.29	-78.03
Castanea	PA	41.12	-77.43
Castle Shannon	PA	40.37	-80.02
Catasauqua	PA	40.65	-75.46
Catawissa	PA	40.95	-76.46
Cecil-Bishop	PA	40.32	-80.19
Cedar Crest	PA	40.40	-77.89
Cementon	PA	40.69	-75.52
Centerport	PA	40.49	-76.00
Centerville	PA	40.03	-79.96
Central City	PA	40.11	-78.80
Centralia	PA	40.80	-76.34
Centre Hall	PA	40.84	-77.69
Cetronia	PA	40.59	-75.54
Chadds Ford	PA	39.88	-75.61
Chalfant	PA	40.41	-79.84
Chalfont	PA	40.29	-75.21
Chalkhill	PA	39.85	-79.62
Chambersburg	PA	39.93	-77.66
Chapman	PA	40.76	-75.40
Charleroi	PA	40.14	-79.90
Charlottsville	PA	40.65	-78.28
Chase	PA	41.28	-75.96
Cheltenham Village	PA	40.06	-75.09
Cherry Tree	PA	40.73	-78.81
Cherry Valley	PA	41.16	-79.80
Cherryville	PA	40.76	-75.53
Chest Springs	PA	40.58	-78.61
Chester	PA	39.85	-75.37
Chester Heights	PA	39.89	-75.47
Chester Hill	PA	40.89	-78.23
Chesterbrook	PA	40.07	-75.46
Chestnut Hill	PA	40.72	-75.21
Cheswick	PA	40.54	-79.80
Chevy Chase Heights	PA	40.64	-79.15
Chewton	PA	40.90	-80.32
Cheyney University	PA	39.93	-75.53
Chicora	PA	40.95	-79.74
Chinchilla	PA	41.49	-75.67
Christiana	PA	39.95	-76.00
Church Hill	PA	40.69	-77.59
Churchill	PA	40.44	-79.84
Churchtown	PA	40.14	-75.95
Churchville	PA	40.19	-75.00
Clairton	PA	40.30	-79.89
Clappertown	PA	40.40	-78.28
Clarence	PA	41.05	-77.95
Clarendon	PA	41.78	-79.09
Clarion	PA	41.21	-79.38
Clark	PA	41.29	-80.40
Clarks Green	PA	41.50	-75.70
Clarks Summit	PA	41.49	-75.71
Clarksville	PA	39.97	-80.04
Clay	PA	40.22	-76.24
Claysburg	PA	40.29	-78.45
Claysville	PA	40.12	-80.41
Clearfield	PA	41.02	-78.44
Clearville	PA	39.92	-78.38
Cleona	PA	40.34	-76.48
Clifton Heights	PA	39.93	-75.30
Clinton	PA	40.49	-80.30
Clintondale	PA	41.02	-77.52
Clintonville	PA	41.20	-79.87
Clymer	PA	40.67	-79.01
Coal Center	PA	40.07	-79.90
Coaldale	PA	40.82	-75.92
Coalmont	PA	40.21	-78.20
Coalport	PA	40.75	-78.53
Coatesville	PA	39.99	-75.82
Coburn	PA	40.87	-77.46
Cochranton	PA	41.52	-80.05
Cochranville	PA	39.89	-75.93
Cokeburg	PA	40.10	-80.07
Collegeville	PA	40.19	-75.46
Collingdale	PA	39.92	-75.28
Collinsburg	PA	40.22	-79.78
Colonial Park	PA	40.30	-76.81
Colony Park	PA	40.35	-75.98
Columbia	PA	40.03	-76.50
Columbus	PA	41.95	-79.58
Colver	PA	40.54	-78.79
Colwyn	PA	39.91	-75.25
Commodore	PA	40.72	-78.93
Conashaugh Lakes	PA	41.30	-74.99
Conestoga	PA	39.94	-76.34
Confluence	PA	39.81	-79.36
Conneaut Lake	PA	41.60	-80.31
Conneaut Lakeshore	PA	41.62	-80.31
Conneautville	PA	41.76	-80.37
Connellsville	PA	40.02	-79.59
Connoquenessing	PA	40.82	-80.02
Conshohocken	PA	40.08	-75.30
Continental Courts	PA	40.87	-77.87
Conway	PA	40.67	-80.24
Conyngham	PA	40.99	-76.06
Coopersburg	PA	40.51	-75.39
Cooperstown	PA	41.50	-79.87
Coplay	PA	40.67	-75.50
Coral	PA	40.50	-79.18
Coraopolis	PA	40.51	-80.16
Cornwall	PA	40.26	-76.41
Cornwells Heights	PA	40.08	-74.95
Corry	PA	41.93	-79.63
Corsica	PA	41.18	-79.20
Cotton Town	PA	40.28	-78.48
Coudersport	PA	41.78	-78.02
Coulter	PA	40.30	-79.79
Courtdale	PA	41.28	-75.91
Cove Forge	PA	40.48	-78.17
Crabtree	PA	40.36	-79.47
Crafton	PA	40.43	-80.07
Cranesville	PA	41.90	-80.34
Creekside	PA	40.68	-79.19
Crenshaw	PA	41.25	-78.75
Cresson	PA	40.46	-78.59
Cressona	PA	40.63	-76.19
Cross Creek	PA	40.33	-80.41
Cross Keys	PA	40.45	-78.43
Cross Roads	PA	39.82	-76.57
Crown	PA	41.39	-79.26
Croydon	PA	40.09	-74.90
Crucible	PA	39.95	-79.97
Culp	PA	40.58	-78.26
Cumbola	PA	40.71	-76.14
Curryville	PA	40.28	-78.34
Curtisville	PA	40.65	-79.85
Curwensville	PA	40.97	-78.52
Daisytown	PA	40.32	-78.90
Dale	PA	40.31	-78.91
Dallas	PA	41.33	-75.97
Dallastown	PA	39.90	-76.64
Dalmatia	PA	40.65	-76.90
Dalton	PA	41.54	-75.74
Danville	PA	40.96	-76.61
Darby	PA	39.92	-75.26
Darlington	PA	40.81	-80.42
Dauberville	PA	40.46	-76.00
Dauphin	PA	40.37	-76.93
Davidsville	PA	40.23	-78.94
Dawson	PA	40.05	-79.66
Dayton	PA	40.88	-79.24
DeSales University	PA	40.54	-75.38
Deemston	PA	40.03	-80.03
Deer Lake	PA	39.85	-79.59
Defiance	PA	40.16	-78.23
Delano	PA	40.84	-76.07
Delaware Water Gap	PA	40.97	-75.13
Delmont	PA	40.41	-79.57
Delta	PA	39.73	-76.33
Denver	PA	40.23	-76.14
Derry	PA	40.33	-79.30
Devon	PA	40.05	-75.43
Dewart	PA	41.11	-76.87
Dickson City	PA	41.47	-75.64
Dillsburg	PA	40.11	-77.03
Dilworthtown	PA	39.90	-75.57
Distant	PA	40.97	-79.36
Dixonville	PA	40.72	-79.01
Donaldson	PA	40.64	-76.41
Donegal	PA	40.11	-79.38
Donora	PA	40.18	-79.86
Dormont	PA	40.39	-80.04
Dorneyville	PA	40.58	-75.52
Dorseyville	PA	40.58	-79.89
Douglassville	PA	40.26	-75.72
Dover	PA	40.00	-76.85
Downingtown	PA	40.01	-75.70
Doylestown	PA	40.31	-75.13
Dravosburg	PA	40.35	-79.89
Drexel Hill	PA	39.95	-75.30
Drifting	PA	41.02	-78.11
Driftwood	PA	41.34	-78.12
Dry Tavern	PA	39.94	-80.01
Dryville	PA	40.46	-75.75
DuBois	PA	41.12	-78.76
Dublin	PA	40.38	-75.21
Duboistown	PA	41.22	-77.04
Dudley	PA	40.21	-78.18
Dumb Hundred	PA	40.32	-78.41
Dunbar	PA	39.98	-79.61
Duncannon	PA	40.40	-77.03
Duncansville	PA	40.43	-78.43
Dunlevy	PA	40.11	-79.86
Dunlo	PA	40.29	-78.72
Dunmore	PA	41.41	-75.61
Dunnstown	PA	41.15	-77.42
Dupont	PA	41.32	-75.74
Duquesne	PA	40.37	-79.85
Duryea	PA	41.35	-75.78
Dushore	PA	41.53	-76.40
Eagle	PA	40.08	-75.68
Eagle Creek	PA	40.90	-77.89
Eagle Lake	PA	41.28	-75.47
Eagles Mere	PA	41.41	-76.58
Eagleview	PA	40.06	-75.68
Eagleville	PA	40.16	-75.41
Earlston	PA	40.00	-78.37
East Altoona	PA	40.55	-78.36
East Bangor	PA	40.88	-75.19
East Berlin	PA	39.94	-76.98
East Berwick	PA	41.07	-76.22
East Brady	PA	40.98	-79.61
East Butler	PA	40.88	-79.85
East Conemaugh	PA	40.35	-78.89
East Earl	PA	40.11	-76.03
East Freedom	PA	40.36	-78.43
East Greenville	PA	40.41	-75.51
East Lansdowne	PA	39.94	-75.26
East Marianna	PA	40.02	-80.09
East McKeesport	PA	40.38	-79.81
East Petersburg	PA	40.10	-76.35
East Pittsburgh	PA	40.40	-79.84
East Prospect	PA	39.97	-76.52
East Rochester	PA	40.70	-80.27
East Salem	PA	40.61	-77.24
East Sharpsburg	PA	40.33	-78.37
East Side	PA	41.06	-75.76
East Smithfield	PA	41.87	-76.63
East Stroudsburg	PA	41.00	-75.17
East Uniontown	PA	39.90	-79.70
East Vandergrift	PA	40.60	-79.56
East Washington	PA	40.17	-80.23
East Waterford	PA	40.37	-77.60
East York	PA	39.97	-76.68
Eastlawn Gardens	PA	40.75	-75.28
Easton	PA	40.69	-75.22
Eastvale	PA	40.77	-80.31
Eau Claire	PA	41.14	-79.80
Ebensburg	PA	40.49	-78.73
Economy	PA	40.64	-80.19
Eddington	PA	40.09	-74.94
Eddystone	PA	39.85	-75.34
Edenborn	PA	39.88	-79.89
Edenburg	PA	40.57	-75.96
Edgewood	PA	40.43	-79.88
Edgeworth	PA	40.55	-80.19
Edie	PA	40.09	-79.13
Edinboro	PA	41.87	-80.12
Edinburg	PA	41.01	-80.43
Edwardsville	PA	41.26	-75.91
Effort	PA	40.94	-75.44
Egypt	PA	40.69	-75.53
Ehrenfeld	PA	40.38	-78.78
Eighty Four	PA	40.18	-80.13
Elberta	PA	40.51	-78.32
Elco	PA	40.08	-79.88
Elderton	PA	40.69	-79.34
Eldorado	PA	40.48	-78.44
Eldred	PA	41.96	-78.38
Elgin	PA	41.91	-79.75
Elim	PA	40.30	-78.95
Elizabeth	PA	40.27	-79.89
Elizabethtown	PA	40.15	-76.60
Elizabethville	PA	40.55	-76.82
Elk Grove	PA	41.31	-76.41
Elkins Park	PA	40.08	-75.13
Elkland	PA	41.99	-77.31
Ellport	PA	40.86	-80.26
Ellsworth	PA	40.11	-80.02
Ellwood City	PA	40.86	-80.28
Elmora	PA	40.60	-78.75
Elrama	PA	40.25	-79.92
Elverson	PA	40.15	-75.83
Elysburg	PA	40.87	-76.55
Emeigh	PA	40.70	-78.78
Emerald Lakes	PA	41.08	-75.41
Emigsville	PA	40.01	-76.73
Emlenton	PA	41.18	-79.71
Emmaus	PA	40.54	-75.50
Emporium	PA	41.51	-78.23
Emsworth	PA	40.51	-80.10
Englewood	PA	40.78	-76.24
Enhaut	PA	40.23	-76.83
Enlow	PA	40.45	-80.23
Enola	PA	40.29	-76.94
Enon Valley	PA	40.86	-80.46
Ephrata	PA	40.18	-76.18
Erie	PA	42.12	-80.07
Ernest	PA	40.68	-79.17
Espy	PA	41.01	-76.42
Etna	PA	40.50	-79.95
Evans City	PA	40.77	-80.06
Evansburg	PA	40.19	-75.43
Everett	PA	40.01	-78.36
Everson	PA	40.09	-79.59
Exeter	PA	41.33	-75.82
Export	PA	40.42	-79.62
Exton	PA	40.03	-75.63
Eyers Grove	PA	41.10	-76.52
Factoryville	PA	41.56	-75.78
Fairchance	PA	39.83	-79.75
Fairdale	PA	39.89	-79.97
Fairfield	PA	39.79	-77.37
Fairhope	PA	40.12	-79.84
Fairless Hills	PA	40.18	-74.85
Fairview	PA	42.03	-80.25
Fairview-Ferndale	PA	40.78	-76.57
Falls Creek	PA	41.14	-78.81
Fallston	PA	40.73	-80.31
Falmouth	PA	40.13	-76.70
Farmersville	PA	40.12	-76.15
Farmington	PA	39.81	-79.56
Farrell	PA	41.21	-80.50
Farwell	PA	41.33	-77.72
Fawn Grove	PA	39.73	-76.45
Fawn Lake Forest	PA	41.51	-75.05
Faxon	PA	41.26	-76.98
Fayette City	PA	40.10	-79.84
Fayetteville	PA	39.91	-77.57
Feasterville	PA	40.15	-74.99
Fellsburg	PA	40.18	-79.83
Felton	PA	39.86	-76.56
Fenelton	PA	40.87	-79.73
Ferndale	PA	40.29	-78.92
Fernville	PA	41.00	-76.48
Finleyville	PA	40.25	-80.00
Fisherville	PA	40.47	-78.17
Fivepointville	PA	40.18	-76.06
Fleetwood	PA	40.46	-75.82
Flemington	PA	41.13	-77.47
Flinton	PA	40.72	-78.52
Flourtown	PA	40.11	-75.21
Flying Hills	PA	40.28	-75.91
Folcroft	PA	39.89	-75.28
Folsom	PA	39.89	-75.33
Foot of Ten	PA	40.42	-78.46
Force	PA	41.26	-78.50
Ford City	PA	40.77	-79.53
Ford Cliff	PA	40.76	-79.54
Forest City	PA	41.65	-75.47
Forest Hills	PA	40.43	-79.85
Forest Lake	PA	41.89	-75.96
Forestville	PA	41.10	-80.00
Forksville	PA	41.49	-76.60
Fort Fetter	PA	40.43	-78.40
Fort Indiantown Gap	PA	40.44	-76.58
Fort Loudon	PA	39.92	-77.91
Fort Washington	PA	40.14	-75.19
Forty Fort	PA	41.28	-75.87
Foster Brook	PA	41.98	-78.60
Fostoria	PA	40.62	-78.32
Foundryville	PA	41.08	-76.23
Fountain Hill	PA	40.60	-75.40
Fountain Springs	PA	40.77	-76.33
Fox Chapel	PA	40.53	-79.89
Fox Chase	PA	40.39	-75.96
Foxburg	PA	41.14	-79.68
Frackville	PA	40.78	-76.23
Frankfort Springs	PA	40.48	-80.44
Franklin	PA	41.38	-79.83
Franklin Forge	PA	40.47	-78.23
Franklin Park	PA	40.59	-80.10
Franklintown	PA	40.08	-77.03
Frankstown	PA	40.44	-78.36
Frazer	PA	40.04	-75.56
Fredericksburg	PA	40.44	-76.44
Fredericktown	PA	40.00	-80.01
Fredonia	PA	41.32	-80.26
Freeburg	PA	40.76	-76.94
Freedom	PA	40.69	-80.25
Freeland	PA	41.02	-75.90
Freemansburg	PA	40.63	-75.34
Freeport	PA	40.69	-79.68
Frenchville	PA	41.10	-78.23
Friedens	PA	40.04	-79.00
Friedensburg	PA	40.61	-76.23
Friendsville	PA	41.92	-76.05
Friesville	PA	40.29	-78.46
Frisco	PA	40.85	-80.27
Frizzleburg	PA	41.07	-80.44
Frystown	PA	40.46	-76.32
Fullerton	PA	40.63	-75.48
Galeton	PA	41.73	-77.64
Gallitzin	PA	40.48	-78.55
Ganister	PA	40.47	-78.23
Gap	PA	39.99	-76.02
Garden View	PA	41.26	-77.05
Gardners	PA	40.01	-77.21
Garrett	PA	39.86	-79.06
Gastonville	PA	40.27	-80.01
Geeseytown	PA	40.45	-78.34
Geistown	PA	40.29	-78.87
Genesee	PA	41.99	-77.87
Geneva	PA	41.56	-80.23
Georgetown	PA	39.94	-76.08
Gettysburg	PA	39.83	-77.23
Gibraltar	PA	40.28	-75.86
Gibsonia	PA	40.63	-79.97
Gilberton	PA	40.80	-76.22
Gilbertsville	PA	40.32	-75.61
Girard	PA	42.00	-80.32
Girardville	PA	40.79	-76.28
Glasgow	PA	40.64	-80.51
Glassport	PA	40.33	-79.89
Glen Campbell	PA	40.82	-78.83
Glen Hope	PA	40.80	-78.49
Glen Lyon	PA	41.18	-76.09
Glen Osborne	PA	40.53	-80.17
Glen Richey	PA	40.95	-78.47
Glen Rock	PA	39.79	-76.73
Glenburn	PA	41.52	-75.72
Glendale	PA	40.40	-80.09
Glendon	PA	40.66	-75.24
Glenfield	PA	40.52	-80.14
Glenmoore	PA	40.09	-75.79
Glenolden	PA	39.90	-75.29
Glenshaw	PA	40.54	-79.97
Glenside	PA	40.10	-75.15
Gold Key Lake	PA	41.31	-74.94
Goldsboro	PA	40.16	-76.75
Goodville	PA	40.13	-76.00
Gordon	PA	40.75	-76.34
Gordonville	PA	40.02	-76.14
Gouglersville	PA	40.27	-76.02
Gouldsboro	PA	41.25	-75.44
Graceton	PA	40.51	-79.17
Grampian	PA	40.96	-78.61
Grantley	PA	39.94	-76.73
Granville	PA	40.55	-77.62
Grapeville	PA	40.33	-79.61
Grassflat	PA	41.01	-78.11
Gratz	PA	40.61	-76.72
Gray	PA	40.13	-79.09
Grazierville	PA	40.66	-78.27
Great Bend	PA	41.97	-75.75
Green Hills	PA	40.12	-80.31
Green Lane	PA	40.34	-75.47
Green Tree	PA	40.42	-80.05
Greencastle	PA	39.79	-77.73
Greenfields	PA	40.36	-75.96
Greenock	PA	40.31	-79.80
Greens Landing	PA	41.94	-76.55
Greensboro	PA	39.79	-79.91
Greensburg	PA	40.31	-79.54
Greenville	PA	41.41	-80.38
Greenwood	PA	40.54	-78.35
Grier City	PA	40.83	-76.06
Grill	PA	40.30	-75.93
Grindstone	PA	40.02	-79.82
Grove City	PA	41.16	-80.09
Guilford	PA	39.92	-77.60
Guys Mills	PA	41.63	-79.98
Halfway House	PA	40.28	-75.64
Halifax	PA	40.46	-76.93
Hallam	PA	40.00	-76.60
Hallstead	PA	41.96	-75.75
Hamburg	PA	40.56	-75.98
Hamorton	PA	39.87	-75.65
Hampton	PA	39.92	-77.05
Hannasville	PA	41.47	-79.93
Hanover	PA	39.81	-76.98
Harford	PA	41.78	-75.71
Harlansburg	PA	41.02	-80.18
Harleigh	PA	40.99	-75.97
Harleysville	PA	40.28	-75.39
Harmonsburg	PA	41.67	-80.31
Harmony	PA	40.80	-80.12
Harrisburg	PA	40.28	-76.89
Harrison City	PA	40.35	-79.65
Harrisville	PA	41.14	-80.01
Hartleton	PA	40.90	-77.16
Hartstown	PA	41.55	-80.38
Harveys Lake	PA	41.36	-76.04
Harwick	PA	40.56	-79.81
Hasson Heights	PA	41.45	-79.68
Hastings	PA	40.66	-78.71
Hatboro	PA	40.18	-75.11
Hatfield	PA	40.28	-75.30
Haverford College	PA	40.01	-75.31
Hawk Run	PA	40.92	-78.20
Hawley	PA	41.48	-75.18
Hawthorn	PA	41.02	-79.28
Haysville	PA	40.53	-80.15
Hayti	PA	39.99	-75.84
Hazen	PA	40.82	-80.25
Hazleton	PA	40.95	-75.97
Hebron	PA	40.34	-76.40
Heckscherville	PA	40.72	-76.27
Hegins	PA	40.65	-76.49
Heidelberg	PA	40.39	-80.09
Heidlersburg	PA	39.95	-77.15
Heilwood	PA	40.62	-78.92
Hellertown	PA	40.58	-75.34
Hemlock Farms	PA	41.32	-75.05
Hendersonville	PA	40.30	-80.16
Henrietta	PA	40.26	-78.30
Hereford	PA	40.45	-75.55
Herminie	PA	40.26	-79.71
Hermitage	PA	41.23	-80.44
Herndon	PA	40.71	-76.85
Hershey	PA	40.28	-76.64
Hickory	PA	40.30	-80.31
Hickory Hills	PA	41.03	-75.82
Highland Park	PA	40.62	-77.57
Highspire	PA	40.21	-76.79
Hilldale	PA	41.29	-75.84
Hiller	PA	40.01	-79.91
Hillsville	PA	41.01	-80.50
Hinkletown	PA	40.15	-76.12
Hokendauqua	PA	40.66	-75.50
Holiday Pocono	PA	41.03	-75.61
Hollidaysburg	PA	40.43	-78.39
Holters Crossing	PA	40.97	-77.72
Homeacre-Lyndora	PA	40.87	-79.92
Homer City	PA	40.54	-79.16
Homestead	PA	40.41	-79.91
Hometown	PA	40.82	-75.99
Homewood	PA	40.81	-80.33
Homewood at Martinsburg	PA	40.30	-78.33
Honesdale	PA	41.58	-75.25
Honey Brook	PA	40.09	-75.91
Hookstown	PA	40.60	-80.47
Hooversville	PA	40.15	-78.91
Hop Bottom	PA	41.70	-75.77
Hopeland	PA	40.23	-76.26
Hopewell	PA	40.14	-78.27
Hopwood	PA	39.88	-79.70
Horsham	PA	40.18	-75.14
Hostetter	PA	40.26	-79.40
Houserville	PA	40.83	-77.82
Houston	PA	40.25	-80.21
Houtzdale	PA	40.83	-78.35
Howard	PA	41.01	-77.66
Hublersburg	PA	40.96	-77.61
Hudson	PA	41.28	-75.83
Hughestown	PA	41.33	-75.77
Hughesville	PA	41.24	-76.73
Hulmeville	PA	40.14	-74.91
Hummels Wharf	PA	40.83	-76.84
Hummelstown	PA	40.27	-76.71
Hunker	PA	40.20	-79.62
Hunterstown	PA	39.88	-77.15
Huntingdon	PA	40.50	-78.01
Hustontown	PA	40.05	-78.03
Hyde	PA	41.01	-78.47
Hyde Park	PA	40.38	-75.92
Hydetown	PA	41.65	-79.72
Hyndman	PA	39.82	-78.72
Hyner	PA	41.34	-77.64
Ickesburg	PA	40.46	-77.35
Idaville	PA	40.02	-77.21
Imperial	PA	40.45	-80.25
Indian Lake	PA	40.04	-78.87
Indian Mountain Lake	PA	41.00	-75.51
Indian Rocks	PA	41.37	-75.32
Indiana	PA	40.62	-79.16
Industry	PA	40.66	-80.41
Ingram	PA	40.44	-80.07
Inkerman	PA	41.30	-75.82
Intercourse	PA	40.04	-76.11
Iola	PA	41.13	-76.53
Ironville	PA	40.66	-78.22
Irvona	PA	40.77	-78.55
Irwin	PA	40.33	-79.70
Ivyland	PA	40.21	-75.07
Jackson Center	PA	41.27	-80.14
Jacksonville	PA	40.56	-79.30
Jacksonwald	PA	40.33	-75.84
Jacobus	PA	39.88	-76.71
James City	PA	41.62	-78.85
Jamestown	PA	41.48	-80.44
Jamison City	PA	41.30	-76.37
Jeannette	PA	40.33	-79.61
Jeddo	PA	40.99	-75.90
Jefferson	PA	39.81	-76.84
Jefferson Hills	PA	40.30	-79.94
Jenkintown	PA	40.10	-75.13
Jennerstown	PA	40.16	-79.06
Jermyn	PA	41.53	-75.55
Jerome	PA	40.21	-78.98
Jersey Shore	PA	41.20	-77.27
Jerseytown	PA	41.09	-76.58
Jessup	PA	41.45	-75.54
Jim Thorpe	PA	40.86	-75.78
Joffre	PA	40.38	-80.35
Johnsonburg	PA	41.49	-78.68
Johnstown	PA	40.33	-78.92
Jonestown	PA	40.41	-76.48
Jugtown	PA	40.34	-78.33
Julian	PA	40.86	-77.94
Juniata Gap	PA	40.55	-78.43
Juniata Terrace	PA	40.59	-77.58
Kane	PA	41.66	-78.81
Kapp Heights	PA	40.90	-76.81
Karns City	PA	41.00	-79.73
Karthaus	PA	41.12	-78.12
Kelayres	PA	40.90	-76.00
Kempton	PA	40.63	-75.86
Kenhorst	PA	40.31	-75.94
Kenilworth	PA	40.22	-75.63
Kenmar	PA	41.25	-76.95
Kennerdell	PA	41.28	-79.82
Kennett Square	PA	39.84	-75.71
Kerrtown	PA	41.63	-80.17
Kersey	PA	41.36	-78.61
Kimberton	PA	40.13	-75.57
King of Prussia	PA	40.10	-75.38
Kingston	PA	41.26	-75.89
Kirkwood	PA	39.85	-76.08
Kiskimere	PA	40.62	-79.59
Kistler	PA	40.38	-77.87
Kittanning	PA	40.83	-79.52
Klahr	PA	40.30	-78.51
Klingerstown	PA	40.66	-76.69
Knox	PA	41.23	-79.54
Knoxville	PA	41.96	-77.44
Koppel	PA	40.84	-80.32
Kratzerville	PA	40.86	-76.89
Kreamer	PA	40.80	-76.97
Kulpmont	PA	40.80	-76.47
Kulpsville	PA	40.24	-75.34
Kutztown	PA	40.52	-75.78
Kutztown University	PA	40.51	-75.78
Kylertown	PA	41.00	-78.17
Laboratory	PA	40.15	-80.21
Laceyville	PA	41.65	-76.16
Laflin	PA	41.29	-75.79
Lake Arthur Estates	PA	40.96	-80.15
Lake City	PA	42.02	-80.35
Lake Heritage	PA	39.81	-77.18
Lake Latonka	PA	41.28	-80.19
Lake Meade	PA	39.98	-77.04
Lake Wallenpaupack Estates	PA	41.36	-75.33
Lake Winola	PA	41.52	-75.85
Lake Wynonah	PA	40.59	-76.17
Lakemont	PA	40.46	-78.39
Lakeside	PA	41.86	-75.65
Lamar	PA	41.01	-77.52
Lampeter	PA	39.99	-76.25
Lancaster	PA	40.04	-76.30
Landingville	PA	40.62	-76.12
Landisburg	PA	40.34	-77.31
Landisville	PA	40.09	-76.41
Lanesboro	PA	41.96	-75.58
Langeloth	PA	40.36	-80.41
Langhorne	PA	40.18	-74.92
Langhorne Manor	PA	40.17	-74.92
Lansdale	PA	40.24	-75.28
Lansdowne	PA	39.94	-75.28
Lanse	PA	40.96	-78.12
Lansford	PA	40.83	-75.88
Laporte	PA	41.42	-76.49
Larke	PA	40.42	-78.21
Larksville	PA	41.26	-75.93
Latrobe	PA	40.31	-79.38
Lattimer	PA	40.99	-75.96
Laurel Lake	PA	41.95	-75.92
Laurel Mountain	PA	40.21	-79.19
Laurel Run	PA	41.22	-75.84
Laureldale	PA	40.39	-75.91
Laurelton	PA	40.88	-77.20
Laurys Station	PA	40.72	-75.54
Lavelle	PA	40.76	-76.39
Lawnton	PA	40.27	-76.80
Lawrence	PA	40.30	-80.12
Lawrence Park	PA	42.15	-80.02
Lawrenceville	PA	42.00	-77.13
Lawson Heights	PA	40.29	-79.39
LeRaysville	PA	41.84	-76.17
Leamersville	PA	40.37	-78.43
Lebanon	PA	40.34	-76.42
Lebanon South	PA	40.33	-76.41
Leechburg	PA	40.63	-79.60
Leeper	PA	41.37	-79.31
Leesport	PA	40.44	-75.97
Leetsdale	PA	40.56	-80.22
Lehighton	PA	40.83	-75.72
Leith-Hatfield	PA	39.88	-79.73
Lemont	PA	40.81	-77.82
Lemont Furnace	PA	39.91	-79.66
Lemoyne	PA	40.24	-76.90
Lenape Heights	PA	40.76	-79.52
Lenhartsville	PA	40.57	-75.89
Lenkerville	PA	40.53	-76.96
Leola	PA	40.09	-76.19
Level Green	PA	40.39	-79.72
Levittown	PA	40.15	-74.85
Lewis Run	PA	41.87	-78.65
Lewisberry	PA	40.14	-76.86
Lewisburg	PA	40.96	-76.89
Lewistown	PA	40.60	-77.57
Liberty	PA	40.32	-79.86
Lightstreet	PA	41.04	-76.42
Ligonier	PA	40.24	-79.24
Lilly	PA	40.42	-78.62
Lima	PA	39.92	-75.44
Lime Ridge	PA	41.03	-76.35
Lincoln	PA	40.29	-79.86
Lincoln Park	PA	40.31	-75.99
Lincoln University	PA	39.81	-75.93
Lincolnville	PA	41.79	-79.84
Linds Crossing	PA	40.44	-78.32
Linesville	PA	41.66	-80.42
Linglestown	PA	40.34	-76.79
Linntown	PA	40.96	-76.90
Linwood	PA	39.83	-75.43
Lionville	PA	40.05	-75.64
Lititz	PA	40.15	-76.30
Little Britain	PA	39.78	-76.11
Little Meadows	PA	41.99	-76.13
Littlestown	PA	39.75	-77.09
Liverpool	PA	40.57	-76.99
Llewellyn	PA	40.67	-76.28
Lock Haven	PA	41.14	-77.45
Locust Gap	PA	40.77	-76.44
Locustdale	PA	40.78	-76.37
Loganton	PA	41.03	-77.30
Loganville	PA	39.86	-76.71
Long Branch	PA	40.10	-79.88
Longfellow	PA	40.51	-77.67
Loop	PA	40.43	-78.36
Lorain	PA	40.30	-78.90
Lorane	PA	40.29	-75.85
Loretto	PA	40.51	-78.64
Lower Allen	PA	40.23	-76.90
Lower Burrell	PA	40.58	-79.72
Loyalhanna	PA	40.31	-79.36
Loysville	PA	40.37	-77.34
Lucerne Mines	PA	40.56	-79.15
Lumber City	PA	40.66	-77.60
Luthersburg	PA	41.05	-78.71
Luzerne	PA	41.29	-75.90
Lykens	PA	40.56	-76.70
Lynnwood-Pricedale	PA	40.13	-79.85
Lyons	PA	40.48	-75.76
Mackeyville	PA	41.05	-77.46
Macungie	PA	40.52	-75.55
Madera	PA	40.83	-78.43
Madison	PA	40.25	-79.67
Madisonburg	PA	40.93	-77.52
Mahaffey	PA	40.87	-78.73
Mahanoy City	PA	40.81	-76.14
Mainesburg	PA	41.78	-76.99
Mainville	PA	40.98	-76.37
Maitland	PA	40.62	-77.50
Malvern	PA	40.03	-75.52
Mammoth	PA	40.20	-79.46
Manchester	PA	40.06	-76.72
Manheim	PA	40.16	-76.40
Manns Choice	PA	40.00	-78.59
Manor	PA	40.35	-79.67
Manorville	PA	40.79	-79.52
Mansfield	PA	41.81	-77.08
Maple Glen	PA	40.18	-75.18
Mapleton	PA	40.39	-77.94
Mapletown	PA	39.81	-79.94
Marcus Hook	PA	39.81	-75.42
Marianna	PA	40.01	-80.11
Marianne	PA	41.24	-79.43
Marienville	PA	41.47	-79.12
Marietta	PA	40.06	-76.55
Marion	PA	39.86	-77.70
Marion Center	PA	40.77	-79.05
Marion Heights	PA	40.80	-76.46
Marklesburg	PA	40.38	-78.17
Markleysburg	PA	39.74	-79.45
Marlin	PA	40.68	-76.24
Mars	PA	40.70	-80.01
Marshallton	PA	40.79	-76.54
Martins Creek	PA	40.78	-75.19
Martinsburg	PA	40.31	-78.32
Martinsburg Junction	PA	40.31	-78.34
Maryd	PA	40.76	-76.06
Marysville	PA	40.34	-76.93
Masontown	PA	39.85	-79.91
Masthope	PA	41.52	-75.03
Matamoras	PA	41.37	-74.70
Mather	PA	39.94	-80.07
Mattawana	PA	40.50	-77.73
Maxatawny	PA	40.54	-75.69
Mayfield	PA	41.54	-75.53
Maytown	PA	40.08	-76.57
McAdoo	PA	40.90	-75.99
McAlisterville	PA	40.64	-77.27
McClure	PA	40.71	-77.31
McConnellsburg	PA	39.93	-78.00
McConnellstown	PA	40.46	-78.07
McDonald	PA	40.37	-80.23
McElhattan	PA	41.15	-77.35
McEwensville	PA	41.07	-76.82
McGovern	PA	40.24	-80.23
McKean	PA	42.00	-80.14
McKeansburg	PA	40.68	-76.02
McKee	PA	40.36	-78.42
McKees Rocks	PA	40.47	-80.06
McKeesport	PA	40.34	-79.85
McKinley	PA	40.08	-75.11
McKnightstown	PA	39.87	-77.33
McMurray	PA	40.28	-80.09
McSherrystown	PA	39.80	-77.02
McVeytown	PA	40.50	-77.74
Meadowlands	PA	40.22	-80.23
Meadowood	PA	40.84	-79.90
Meadville	PA	41.65	-80.15
Mechanicsburg	PA	40.21	-77.01
Mechanicsville	PA	40.69	-76.18
Media	PA	39.92	-75.39
Mehoopany	PA	41.57	-76.06
Melrose Park	PA	40.06	-75.13
Mercer	PA	41.23	-80.24
Mercersburg	PA	39.83	-77.90
Meridian	PA	40.85	-79.95
Merion Station	PA	40.00	-75.25
Mertztown	PA	40.50	-75.66
Meshoppen	PA	41.61	-76.04
Messiah College	PA	40.16	-76.98
Mexico	PA	40.54	-77.36
Meyersdale	PA	39.81	-79.03
Middleburg	PA	40.79	-77.04
Middleport	PA	40.73	-76.09
Middletown	PA	40.64	-75.32
Midland	PA	40.63	-80.46
Midway	PA	40.37	-80.29
Mifflin	PA	40.57	-77.40
Mifflinburg	PA	40.92	-77.05
Mifflintown	PA	40.57	-77.40
Mifflinville	PA	41.03	-76.30
Mildred	PA	41.48	-76.38
Milesburg	PA	40.94	-77.79
Milford	PA	41.32	-74.80
Milford Square	PA	40.43	-75.41
Mill Creek	PA	40.44	-77.93
Mill Hall	PA	41.11	-77.49
Mill Run	PA	40.51	-78.43
Mill Village	PA	41.88	-79.97
Millbourne	PA	39.96	-75.25
Millersburg	PA	40.54	-76.95
Millerstown	PA	40.56	-77.15
Millersville	PA	40.01	-76.35
Millerton	PA	41.99	-76.94
Millheim	PA	40.89	-77.48
Millsboro	PA	39.99	-80.00
Millvale	PA	40.48	-79.97
Millville	PA	41.12	-76.53
Millwood	PA	40.35	-79.29
Milroy	PA	40.72	-77.59
Milton	PA	41.00	-76.85
Mineral Springs	PA	41.00	-78.37
Minersville	PA	40.69	-76.26
Mingoville	PA	40.94	-77.66
Misericordia University	PA	41.35	-75.97
Mocanaqua	PA	41.14	-76.13
Modena	PA	39.96	-75.81
Mohnton	PA	40.29	-75.99
Mohrsville	PA	40.48	-75.98
Monaca	PA	40.68	-80.27
Monessen	PA	40.15	-79.88
Monongahela	PA	40.19	-79.92
Monroe	PA	41.71	-76.48
Monroeville	PA	40.43	-79.76
Mont Alto	PA	39.84	-77.56
Mont Clare	PA	40.14	-75.50
Montandon	PA	40.97	-76.85
Montgomery	PA	41.17	-76.87
Montgomeryville	PA	40.25	-75.24
Montoursville	PA	41.25	-76.92
Montrose	PA	41.83	-75.88
Montrose Manor	PA	40.31	-75.99
Monument	PA	41.11	-77.70
Moores Mill	PA	40.49	-78.27
Moose Run	PA	40.95	-77.80
Moosic	PA	41.36	-75.70
Morea	PA	40.79	-76.17
Morgan Hill	PA	40.67	-75.20
Morgantown	PA	40.15	-75.89
Morris Run	PA	41.68	-77.02
Morrisdale	PA	40.95	-78.23
Morrisville	PA	40.21	-74.78
Morton	PA	39.91	-75.33
Moscow	PA	41.34	-75.53
Moshannon	PA	41.03	-78.01
Mount Aetna	PA	40.42	-76.30
Mount Bethel	PA	40.90	-75.11
Mount Carbon	PA	40.67	-76.19
Mount Carmel	PA	40.80	-76.41
Mount Cobb	PA	41.43	-75.50
Mount Eagle	PA	40.98	-77.71
Mount Gretna	PA	40.25	-76.47
Mount Gretna Heights	PA	40.25	-76.47
Mount Holly Springs	PA	40.11	-77.18
Mount Jackson	PA	40.97	-80.43
Mount Jewett	PA	41.73	-78.64
Mount Joy	PA	40.11	-76.51
Mount Morris	PA	39.73	-80.08
Mount Oliver	PA	40.41	-79.99
Mount Penn	PA	40.33	-75.89
Mount Pleasant	PA	40.15	-79.54
Mount Pleasant Mills	PA	40.72	-77.03
Mount Pocono	PA	41.12	-75.36
Mount Royal	PA	40.04	-76.89
Mount Union	PA	40.38	-77.88
Mount Wolf	PA	40.06	-76.71
Mountain Top	PA	41.14	-75.90
Mountainhome	PA	41.18	-75.26
Mountville	PA	40.04	-76.43
Muhlenberg Park	PA	40.39	-75.94
Muir	PA	40.59	-76.52
Muncy	PA	41.20	-76.79
Mundys Corner	PA	40.44	-78.83
Munhall	PA	40.39	-79.90
Murrysville	PA	40.44	-79.66
Muse	PA	40.29	-80.21
Myerstown	PA	40.37	-76.31
Nanticoke	PA	41.20	-76.00
Nanty-Glo	PA	40.47	-78.83
Naomi	PA	40.11	-79.84
Narberth	PA	40.01	-75.26
Natrona	PA	40.61	-79.72
Natrona Heights	PA	40.62	-79.73
Nazareth	PA	40.74	-75.31
Nealmont	PA	40.67	-78.22
Needmore	PA	39.85	-78.14
Nemacolin	PA	39.88	-79.93
Nescopeck	PA	41.05	-76.21
Nesquehoning	PA	40.88	-75.82
New Albany	PA	41.60	-76.45
New Alexandria	PA	40.39	-79.42
New Baltimore	PA	39.98	-78.77
New Beaver	PA	40.88	-80.38
New Bedford	PA	41.09	-80.49
New Berlin	PA	40.88	-76.98
New Berlinville	PA	40.35	-75.63
New Bethlehem	PA	41.01	-79.33
New Boston	PA	40.80	-76.15
New Brighton	PA	40.74	-80.31
New Britain	PA	40.30	-75.18
New Buffalo	PA	40.45	-76.97
New Castle	PA	41.00	-80.35
New Castle Northwest	PA	41.02	-80.36
New Centerville	PA	39.94	-79.19
New Columbia	PA	41.04	-76.88
New Columbus	PA	41.17	-76.29
New Cumberland	PA	40.23	-76.88
New Eagle	PA	40.21	-79.95
New Florence	PA	40.38	-79.08
New Freedom	PA	39.74	-76.70
New Freeport	PA	39.76	-80.43
New Galilee	PA	40.83	-80.40
New Holland	PA	40.10	-76.09
New Hope	PA	40.36	-74.96
New Jerusalem	PA	40.44	-75.76
New Kensington	PA	40.57	-79.75
New Kingstown	PA	40.23	-77.07
New Lebanon	PA	41.42	-80.08
New Market	PA	40.22	-76.86
New Milford	PA	41.88	-75.73
New Morgan	PA	40.19	-75.90
New Oxford	PA	39.86	-77.06
New Paris	PA	40.11	-78.64
New Philadelphia	PA	40.72	-76.12
New Ringgold	PA	40.69	-75.99
New Salem	PA	39.93	-79.83
New Schaefferstown	PA	40.45	-76.17
New Stanton	PA	40.22	-79.61
New Tripoli	PA	40.67	-75.75
New Washington	PA	40.82	-78.70
New Wilmington	PA	41.12	-80.33
Newburg	PA	40.84	-78.68
Newell	PA	40.07	-79.89
Newmanstown	PA	40.35	-76.21
Newport	PA	40.48	-77.13
Newry	PA	40.39	-78.44
Newton Hamilton	PA	40.39	-77.84
Newtown	PA	40.65	-76.35
Newtown Grant	PA	40.26	-74.95
Newville	PA	40.17	-77.40
Nicholson	PA	41.63	-75.79
Nicktown	PA	40.61	-78.80
Nittany	PA	40.99	-77.55
Nixon	PA	40.79	-79.94
Noblestown	PA	40.40	-80.20
Norristown	PA	40.12	-75.34
North Apollo	PA	40.59	-79.56
North Belle Vernon	PA	40.13	-79.86
North Bend	PA	41.35	-77.70
North Braddock	PA	40.40	-79.85
North Catasauqua	PA	40.66	-75.47
North Charleroi	PA	40.15	-79.91
North East	PA	42.21	-79.83
North Irwin	PA	40.34	-79.71
North Philipsburg	PA	40.91	-78.21
North Towanda	PA	41.79	-76.45
North Vandergrift	PA	40.61	-79.55
North Wales	PA	40.21	-75.27
North Warren	PA	41.88	-79.17
North Washington	PA	41.05	-79.81
North York	PA	39.98	-76.73
Northampton	PA	40.69	-75.49
Northern Cambria	PA	40.66	-78.78
Northumberland	PA	40.90	-76.79
Northwest Harborcreek	PA	42.15	-79.99
Northwood	PA	40.69	-78.23
Norvelt	PA	40.20	-79.50
Norwood	PA	39.89	-75.30
Nottingham	PA	39.75	-76.03
Noxen	PA	41.42	-76.07
Nuangola	PA	41.16	-75.98
Numidia	PA	40.88	-76.40
Nuremberg	PA	40.94	-76.17
Oak Hills	PA	40.83	-79.92
Oak Lane	PA	40.06	-75.11
Oakdale	PA	40.40	-80.19
Oakland	PA	40.31	-78.88
Oakmont	PA	40.52	-79.84
Oaks	PA	40.13	-75.46
Oakwood	PA	41.01	-80.38
Oberlin	PA	40.24	-76.82
Ohiopyle	PA	39.86	-79.49
Ohioville	PA	40.68	-80.48
Oil City	PA	41.43	-79.71
Oklahoma	PA	41.11	-78.73
Old Forge	PA	41.37	-75.74
Old Orchard	PA	40.66	-75.26
Oley	PA	40.39	-75.79
Oliver	PA	39.92	-79.72
Olivia	PA	40.71	-78.20
Olyphant	PA	41.45	-75.58
Oneida	PA	40.91	-76.12
Orangeville	PA	41.08	-76.41
Orbisonia	PA	40.24	-77.89
Orchard Hills	PA	40.58	-79.55
Ore Hill	PA	40.29	-78.40
Oreland	PA	40.11	-75.18
Oreminea	PA	40.40	-78.25
Orrstown	PA	40.06	-77.61
Orrtanna	PA	39.84	-77.36
Orviston	PA	41.11	-77.75
Orwigsburg	PA	40.65	-76.10
Orwin	PA	40.58	-76.53
Osceola Mills	PA	40.85	-78.27
Oswayo	PA	41.92	-78.02
Oval	PA	41.15	-77.17
Oxford	PA	39.79	-75.98
Paint	PA	40.24	-78.85
Palmdale	PA	40.30	-76.62
Palmer Heights	PA	40.69	-75.27
Palmerton	PA	40.80	-75.62
Palmyra	PA	40.31	-76.59
Palo Alto	PA	40.69	-76.17
Paoli	PA	40.04	-75.49
Paradise	PA	40.01	-76.12
Pardeesville	PA	41.00	-75.97
Paris	PA	40.41	-80.51
Park Crest	PA	40.82	-76.06
Park Forest Village	PA	40.80	-77.91
Park Place	PA	40.84	-76.10
Parker	PA	41.09	-79.68
Parkesburg	PA	39.96	-75.92
Parkhill	PA	40.36	-78.87
Parkland	PA	40.16	-74.93
Parkside	PA	39.87	-75.38
Parkville	PA	39.79	-76.97
Parryville	PA	40.82	-75.67
Patterson Heights	PA	40.74	-80.33
Patton	PA	40.63	-78.65
Paxtang	PA	40.26	-76.83
Paxtonia	PA	40.32	-76.79
Paxtonville	PA	40.77	-77.08
Pen Argyl	PA	40.87	-75.25
Pen Mar	PA	39.73	-77.52
Penbrook	PA	40.28	-76.85
Penfield	PA	41.22	-78.57
Penn	PA	40.33	-79.64
Penn Estates	PA	41.03	-75.24
Penn Farms	PA	40.42	-78.41
Penn Lake Park	PA	41.11	-75.78
Penn State Berks	PA	40.36	-75.98
Penn State Erie (Behrend)	PA	42.12	-79.99
Penn Wynne	PA	39.99	-75.27
Penndel	PA	40.16	-74.91
Penns Creek	PA	40.86	-77.06
Pennsburg	PA	40.39	-75.50
Pennsbury Village	PA	40.43	-80.10
Pennside	PA	40.34	-75.88
Pennville	PA	39.79	-76.99
Pennwyn	PA	40.29	-75.97
Penryn	PA	40.20	-76.37
Perkasie	PA	40.37	-75.29
Perryopolis	PA	40.09	-79.75
Peru	PA	40.85	-77.77
Petersburg	PA	40.57	-78.05
Petrolia	PA	41.02	-79.72
Philadelphia	PA	40.01	-75.13
Philipsburg	PA	40.89	-78.22
Phoenixville	PA	40.14	-75.52
Picture Rocks	PA	41.28	-76.71
Pikes Creek	PA	41.31	-76.10
Pillow	PA	40.64	-76.80
Pine Glen	PA	41.09	-78.06
Pine Grove	PA	40.55	-76.39
Pine Grove Mills	PA	40.73	-77.89
Pine Ridge	PA	41.14	-74.99
Pine Run	PA	40.69	-80.24
Pinecroft	PA	40.56	-78.35
Pitcairn	PA	40.41	-79.78
Pittsburgh	PA	40.44	-79.98
Pittston	PA	41.33	-75.79
Plainfield	PA	40.20	-77.28
Plains	PA	41.28	-75.85
Platea	PA	41.95	-80.33
Pleasant Gap	PA	40.87	-77.74
Pleasant Hill	PA	40.34	-76.44
Pleasant Hills	PA	40.33	-79.96
Pleasant View	PA	40.61	-79.58
Pleasantville	PA	41.59	-79.58
Pleasureville	PA	40.00	-76.71
Plum	PA	40.50	-79.75
Plumsteadville	PA	40.38	-75.14
Plumville	PA	40.79	-79.18
Plymouth	PA	41.24	-75.95
Plymouth Meeting	PA	40.11	-75.28
Plymptonville	PA	41.04	-78.45
Pocono Mountain Lake Estates	PA	41.16	-74.97
Pocono Pines	PA	41.12	-75.46
Pocono Ranch Lands	PA	41.17	-74.95
Pocono Springs	PA	41.28	-75.40
Pocono Woodland Lakes	PA	41.32	-74.89
Point Marion	PA	39.74	-79.90
Point View	PA	40.49	-78.24
Polk	PA	41.37	-79.93
Pomeroy	PA	39.96	-75.88
Port Allegany	PA	41.82	-78.28
Port Carbon	PA	40.70	-76.17
Port Clinton	PA	40.58	-76.03
Port Matilda	PA	40.80	-78.05
Port Royal	PA	40.53	-77.39
Port Trevorton	PA	40.69	-76.89
Port Vue	PA	40.34	-79.87
Portage	PA	40.39	-78.67
Portersville	PA	40.92	-80.15
Portland	PA	40.92	-75.10
Potlicker Flats	PA	40.73	-77.61
Potters Mills	PA	40.80	-77.63
Pottsgrove	PA	40.26	-75.61
Pottstown	PA	40.25	-75.64
Pottsville	PA	40.68	-76.21
Pringle	PA	41.28	-75.90
Progress	PA	40.29	-76.84
Prompton	PA	41.59	-75.32
Prospect	PA	40.90	-80.05
Prospect Park	PA	39.89	-75.31
Pughtown	PA	40.17	-75.66
Pulaski	PA	41.11	-80.43
Punxsutawney	PA	40.94	-78.97
Puzzletown	PA	40.38	-78.49
Pymatuning Central	PA	41.59	-80.48
Pymatuning North	PA	41.67	-80.47
Pymatuning South	PA	41.51	-80.48
Quakertown	PA	40.44	-75.35
Quarryville	PA	39.90	-76.16
Queens Gate	PA	39.94	-76.69
Quentin	PA	40.28	-76.44
Railroad	PA	39.76	-76.70
Rainsburg	PA	39.90	-78.52
Ramblewood	PA	40.72	-77.94
Ramey	PA	40.80	-78.40
Rankin	PA	40.41	-79.88
Ranshaw	PA	40.79	-76.52
Raubsville	PA	40.63	-75.21
Rauchtown	PA	41.13	-77.24
Ravine	PA	40.57	-76.39
Reading	PA	40.34	-75.93
Reamstown	PA	40.21	-76.12
Rebersburg	PA	40.94	-77.44
Red Hill	PA	40.38	-75.48
Red Lion	PA	39.90	-76.61
Reedsville	PA	40.66	-77.59
Reese	PA	40.43	-78.30
Refton	PA	39.95	-76.24
Rehrersburg	PA	40.46	-76.25
Reiffton	PA	40.31	-75.86
Reightown	PA	40.60	-78.34
Reinerton	PA	40.59	-76.54
Reinholds	PA	40.27	-76.12
Renfrew	PA	40.81	-79.96
Rennerdale	PA	40.40	-80.14
Renningers	PA	40.65	-76.15
Renovo	PA	41.33	-77.77
Republic	PA	39.97	-79.88
Reservoir	PA	40.40	-78.38
Revloc	PA	40.49	-78.76
Rew	PA	41.90	-78.54
Reynolds Heights	PA	41.34	-80.40
Reynoldsville	PA	41.09	-78.89
Rheems	PA	40.13	-76.57
Rices Landing	PA	39.94	-80.00
Riceville	PA	41.78	-79.80
Richboro	PA	40.23	-74.99
Richfield	PA	40.68	-77.12
Richland	PA	40.36	-76.26
Richlandtown	PA	40.47	-75.32
Riddlesburg	PA	40.16	-78.25
Ridgway	PA	41.43	-78.73
Ridley Park	PA	39.88	-75.33
Riegelsville	PA	40.60	-75.20
Rimersburg	PA	41.04	-79.50
Ringtown	PA	40.86	-76.24
Riverside	PA	40.95	-76.64
Riverview Park	PA	40.39	-75.95
Roaring Spring	PA	40.33	-78.40
Robertsdale	PA	40.18	-78.12
Robeson Extension	PA	40.47	-78.20
Robesonia	PA	40.35	-76.14
Robinson	PA	40.40	-79.14
Rochester	PA	40.70	-80.28
Rockdale Acres	PA	41.76	-79.92
Rockhill	PA	40.24	-77.90
Rockledge	PA	40.08	-75.09
Rockwood	PA	39.92	-79.16
Rogersville	PA	39.88	-80.27
Rohrerstown	PA	40.05	-76.36
Rohrsburg	PA	41.13	-76.43
Rome	PA	41.86	-76.34
Ronco	PA	39.87	-79.92
Ronks	PA	40.03	-76.18
Roots	PA	40.61	-78.37
Roscoe	PA	40.08	-79.86
Rose Valley	PA	39.89	-75.39
Rosebud	PA	40.75	-78.55
Rosemont	PA	40.03	-75.33
Roseto	PA	40.88	-75.22
Roseville	PA	41.86	-76.96
Roslyn	PA	40.13	-75.14
Rossiter	PA	40.90	-78.94
Rosslyn Farms	PA	40.42	-80.09
Rote	PA	41.08	-77.41
Rothsville	PA	40.15	-76.25
Roulette	PA	41.78	-78.16
Rouseville	PA	41.47	-79.68
Rouzerville	PA	39.73	-77.53
Rowes Run	PA	40.01	-79.82
Royalton	PA	40.19	-76.72
Royer	PA	40.42	-78.27
Royersford	PA	40.19	-75.54
Runville	PA	40.96	-77.83
Rupert	PA	40.98	-76.48
Rural Valley	PA	40.80	-79.31
Russell	PA	41.94	-79.14
Russellton	PA	40.61	-79.84
Rutherford	PA	40.27	-76.77
Rutledge	PA	39.90	-75.33
S.N.P.J.	PA	40.93	-80.50
Sabinsville	PA	41.87	-77.53
Sadsburyville	PA	39.98	-75.89
Saegertown	PA	41.71	-80.13
Sagamore	PA	40.78	-79.23
Saginaw	PA	40.07	-76.67
Salisbury	PA	39.75	-79.08
Salix	PA	40.30	-78.76
Salladasburg	PA	41.28	-77.23
Salona	PA	41.09	-77.45
Saltillo	PA	40.21	-78.01
Saltsburg	PA	40.48	-79.45
Salunga	PA	40.09	-76.43
Sanatoga	PA	40.25	-75.59
Sand Hill	PA	40.36	-76.42
Sandy	PA	41.10	-78.78
Sandy Lake	PA	41.35	-80.08
Sandy Ridge	PA	40.81	-78.23
Sankertown	PA	40.47	-78.59
Saw Creek	PA	41.12	-75.05
Saxonburg	PA	40.75	-79.81
Saxton	PA	40.21	-78.25
Saylorsburg	PA	40.90	-75.32
Sayre	PA	41.99	-76.52
Scalp Level	PA	40.25	-78.84
Schaefferstown	PA	40.30	-76.29
Schellsburg	PA	40.05	-78.64
Schenley	PA	40.69	-79.65
Schlusser	PA	40.24	-77.19
Schnecksville	PA	40.67	-75.62
Schoeneck	PA	40.24	-76.18
Schubert	PA	40.50	-76.22
Schuylkill Haven	PA	40.63	-76.17
Schwenksville	PA	40.26	-75.47
Scotland	PA	39.97	-77.58
Scottdale	PA	40.10	-79.59
Scranton	PA	41.40	-75.67
Selinsgrove	PA	40.80	-76.87
Sellersville	PA	40.36	-75.31
Seltzer	PA	40.70	-76.24
Seneca	PA	41.38	-79.71
Seven Fields	PA	40.69	-80.06
Seven Springs	PA	40.03	-79.29
Seven Valleys	PA	39.85	-76.77
Seward	PA	40.41	-79.02
Sewickley	PA	40.54	-80.18
Sewickley Heights	PA	40.56	-80.15
Sewickley Hills	PA	40.57	-80.13
Shade Gap	PA	40.18	-77.87
Shamokin	PA	40.79	-76.55
Shamokin Dam	PA	40.86	-76.83
Shanksville	PA	40.02	-78.91
Shanor-Northvue	PA	40.91	-79.92
Sharon	PA	41.23	-80.50
Sharon Hill	PA	39.91	-75.27
Sharpsburg	PA	40.49	-79.92
Sharpsville	PA	41.26	-80.48
Shartlesville	PA	40.52	-76.10
Shavertown	PA	41.32	-75.94
Sheakleyville	PA	41.44	-80.21
Sheatown	PA	41.19	-76.02
Sheffield	PA	41.70	-79.03
Shelltown	PA	40.46	-78.21
Shellytown	PA	40.41	-78.21
Shelocta	PA	40.66	-79.30
Shenandoah	PA	40.82	-76.20
Shenandoah Heights	PA	40.83	-76.21
Sheppton	PA	40.90	-76.12
Shickshinny	PA	41.15	-76.15
Shillington	PA	40.30	-75.97
Shiloh	PA	39.97	-76.79
Shinglehouse	PA	41.97	-78.19
Shippensburg	PA	40.05	-77.52
Shippensburg University	PA	40.06	-77.52
Shippenville	PA	41.25	-79.46
Shippingport	PA	40.63	-80.42
Shiremanstown	PA	40.22	-76.96
Shirleysburg	PA	40.30	-77.88
Shoemakersville	PA	40.50	-75.97
Shrewsbury	PA	39.77	-76.68
Sickles Corner	PA	40.55	-78.28
Sidman	PA	40.32	-78.75
Sierra View	PA	40.99	-75.42
Siglerville	PA	40.74	-77.53
Silkworth	PA	41.27	-76.07
Silverdale	PA	40.35	-75.27
Simpson	PA	41.60	-75.48
Sinking Spring	PA	40.32	-76.02
Sinnamahoning	PA	41.32	-78.10
Skelp	PA	40.62	-78.26
Ski Gap	PA	40.32	-78.52
Skippack	PA	40.22	-75.40
Skyline View	PA	40.34	-76.73
Slabtown	PA	40.90	-76.40
Slatedale	PA	40.74	-75.66
Slatington	PA	40.75	-75.61
Slickville	PA	40.46	-79.52
Sligo	PA	41.11	-79.50
Slippery Rock	PA	41.07	-80.06
Slippery Rock University	PA	41.06	-80.04
Slovan	PA	40.36	-80.39
Smethport	PA	41.81	-78.44
Smicksburg	PA	40.87	-79.17
Smith Corner	PA	40.36	-78.49
Smithfield	PA	39.80	-79.81
Smithton	PA	40.15	-79.74
Smock	PA	40.00	-79.78
Smoketown	PA	40.04	-76.20
Snow Shoe	PA	41.03	-77.95
Snydertown	PA	40.87	-76.67
Somerset	PA	40.01	-79.08
Soudersburg	PA	40.02	-76.15
Souderton	PA	40.31	-75.32
South Bethlehem	PA	41.00	-79.34
South Coatesville	PA	39.97	-75.81
South Connellsville	PA	39.99	-79.58
South Fork	PA	40.36	-78.79
South Greensburg	PA	40.28	-79.55
South Heights	PA	40.58	-80.24
South Montrose	PA	41.80	-75.89
South New Castle	PA	40.97	-80.35
South Philipsburg	PA	40.89	-78.22
South Pottstown	PA	40.24	-75.66
South Renovo	PA	41.32	-77.74
South Temple	PA	40.40	-75.92
South Uniontown	PA	39.89	-79.75
South Waverly	PA	41.99	-76.54
South Williamsport	PA	41.23	-77.00
Southmont	PA	40.31	-78.93
Southpointe	PA	40.30	-80.18
Southview	PA	40.33	-80.26
Southwest Greensburg	PA	40.29	-79.55
Spartansburg	PA	41.82	-79.68
Speers	PA	40.12	-79.88
Spinnerstown	PA	40.44	-75.45
Spring Church	PA	40.61	-79.48
Spring City	PA	40.18	-75.55
Spring Drive Mobile Home Park	PA	40.31	-78.33
Spring Grove	PA	39.88	-76.86
Spring Hill	PA	40.37	-78.67
Spring House	PA	40.18	-75.22
Spring Mills	PA	40.85	-77.57
Spring Mount	PA	40.27	-75.47
Spring Ridge	PA	40.35	-75.99
Springboro	PA	41.80	-80.37
Springdale	PA	40.54	-79.78
Springmont	PA	40.33	-76.00
Springville	PA	41.69	-75.93
Sproul	PA	40.27	-78.46
Spry	PA	39.91	-76.69
St. Benedict	PA	40.63	-78.72
St. Clair	PA	40.72	-76.19
St. Clairsville	PA	40.16	-78.51
St. Davids	PA	40.04	-75.37
St. Lawrence	PA	40.33	-75.86
St. Marys	PA	41.46	-78.52
St. Michael	PA	40.32	-78.77
St. Petersburg	PA	41.16	-79.65
St. Vincent College	PA	40.29	-79.41
Star Junction	PA	40.06	-79.77
Starbrick	PA	41.84	-79.21
Starrucca	PA	41.89	-75.45
State College	PA	40.79	-77.86
State Line	PA	39.73	-77.72
Steelton	PA	40.23	-76.83
Stevens	PA	40.22	-76.17
Stewartstown	PA	39.75	-76.59
Stiles	PA	40.67	-75.51
Stillwater	PA	41.15	-76.38
Stockdale	PA	40.08	-79.85
Stockertown	PA	40.75	-75.26
Stoneboro	PA	41.33	-80.12
Stonerstown	PA	40.22	-78.26
Stony Creek Mills	PA	40.35	-75.86
Stonybrook	PA	39.98	-76.63
Stormstown	PA	40.79	-78.02
Stouchsburg	PA	40.38	-76.23
Stowe	PA	40.25	-75.68
Stoystown	PA	40.10	-78.95
Strabane	PA	40.25	-80.20
Strasburg	PA	39.98	-76.19
Strattanville	PA	41.20	-79.33
Strausstown	PA	40.49	-76.18
Strodes Mills	PA	40.54	-77.68
Strong	PA	40.80	-76.44
Stroudsburg	PA	40.98	-75.19
Sturgeon	PA	40.38	-80.22
Sugar Grove	PA	41.98	-79.34
Sugar Notch	PA	41.19	-75.93
Sugarcreek	PA	41.44	-79.83
Summerhill	PA	40.38	-78.76
Summerville	PA	41.12	-79.19
Summit Hill	PA	40.82	-75.85
Summit Station	PA	40.56	-76.20
Sun Valley	PA	40.98	-75.47
Sunbrook	PA	40.43	-78.43
Sunbury	PA	40.86	-76.79
Sunrise Lake	PA	41.31	-74.96
Susquehanna Depot	PA	41.94	-75.61
Susquehanna Trails	PA	39.76	-76.37
Sutersville	PA	40.23	-79.80
Swarthmore	PA	39.90	-75.35
Swartzville	PA	40.23	-76.08
Swedeland	PA	40.09	-75.33
Sweden Valley	PA	41.76	-77.95
Swedesburg	PA	40.10	-75.33
Swissvale	PA	40.42	-79.89
Swoyersville	PA	41.30	-75.88
Sykesville	PA	41.04	-78.81
Sylvan Hills	PA	40.45	-78.38
Sylvania	PA	41.80	-76.87
Table Rock	PA	39.91	-77.22
Tamaqua	PA	40.80	-75.93
Tarentum	PA	40.60	-79.76
Tatamy	PA	40.74	-75.26
Taylor	PA	41.40	-75.71
Taylorstown	PA	40.16	-80.39
Telford	PA	40.33	-75.33
Temple	PA	40.41	-75.92
Templeton	PA	40.92	-79.46
Terre Hill	PA	40.16	-76.05
Tharptown (Uniontown)	PA	40.80	-76.57
The Escape	PA	41.37	-75.31
The Hideout	PA	41.44	-75.35
Thompson	PA	41.86	-75.51
Thompsontown	PA	40.57	-77.24
Thompsonville	PA	40.27	-80.11
Thornburg	PA	40.43	-80.08
Thorndale	PA	40.00	-75.75
Three Springs	PA	40.20	-77.98
Throop	PA	41.44	-75.59
Tidioute	PA	41.69	-79.39
Timber Hills	PA	40.24	-76.48
Timblin	PA	40.97	-79.20
Tioga	PA	41.91	-77.14
Tionesta	PA	41.50	-79.45
Tipton	PA	40.64	-78.29
Titusville	PA	41.63	-79.67
Toftrees	PA	40.82	-77.88
Topton	PA	40.50	-75.70
Toughkenamon	PA	39.83	-75.76
Towamensing Trails	PA	40.99	-75.58
Towanda	PA	41.77	-76.45
Tower City	PA	40.59	-76.55
Townville	PA	41.68	-79.88
Trafford	PA	40.38	-79.76
Trainer	PA	39.82	-75.40
Trappe	PA	40.20	-75.48
Treasure Lake	PA	41.17	-78.72
Tremont	PA	40.63	-76.39
Tresckow	PA	40.92	-75.97
Trevorton	PA	40.78	-76.67
Trevose	PA	40.15	-74.98
Trexlertown	PA	40.56	-75.59
Trooper	PA	40.15	-75.40
Troutville	PA	41.03	-78.79
Troxelville	PA	40.81	-77.20
Troy	PA	41.78	-76.79
Trucksville	PA	41.31	-75.93
Trumbauersville	PA	40.41	-75.38
Tullytown	PA	40.14	-74.81
Tunkhannock	PA	41.54	-75.95
Tunnelhill	PA	40.48	-78.54
Turbotville	PA	41.10	-76.77
Turtle Creek	PA	40.41	-79.82
Tuscarora	PA	40.77	-76.04
Twilight	PA	40.12	-79.89
Twin Rocks	PA	40.50	-78.86
Tyler Run	PA	39.93	-76.70
Tylersburg	PA	41.38	-79.32
Tylersville	PA	40.99	-77.44
Tyrone	PA	40.68	-78.25
Tyrone Forge	PA	40.66	-78.22
Ulster	PA	41.85	-76.51
Ulysses	PA	41.90	-77.75
Union City	PA	41.90	-79.84
Union Dale	PA	41.71	-75.48
Union Deposit	PA	40.29	-76.68
Uniontown	PA	39.90	-79.72
Unionville	PA	40.94	-79.96
University of Pittsburgh Bradford	PA	41.94	-78.67
University of Pittsburgh Johnstown	PA	40.26	-78.83
Upland	PA	39.86	-75.38
Upper Exeter	PA	41.40	-75.85
Ursina	PA	39.82	-79.33
Utica	PA	41.44	-79.97
Vail	PA	40.70	-78.21
Valencia	PA	40.68	-79.99
Valley Green	PA	40.16	-76.79
Valley View	PA	40.65	-76.54
Valley-Hi	PA	40.03	-78.19
Van Voorhis	PA	40.16	-79.97
Vanderbilt	PA	40.03	-79.66
Vandergrift	PA	40.60	-79.58
Vandling	PA	41.63	-75.47
Venango	PA	41.77	-80.11
Verona	PA	40.51	-79.84
Versailles	PA	40.32	-79.83
Vicksburg	PA	40.94	-76.99
Village Green-Green Ridge	PA	39.86	-75.43
Village Shires	PA	40.20	-74.97
Villanova	PA	40.04	-75.34
Vinco	PA	40.41	-78.84
Vintondale	PA	40.48	-78.91
Virginville	PA	40.52	-75.86
Volant	PA	41.11	-80.26
Vowinckel	PA	41.40	-79.23
Wagner	PA	40.68	-77.38
Wakefield	PA	39.78	-76.18
Wall	PA	40.39	-79.79
Wallaceton	PA	40.97	-78.29
Wallenpaupack Lake Estates	PA	41.40	-75.27
Waller	PA	41.24	-76.42
Walnutport	PA	40.75	-75.60
Walnuttown	PA	40.45	-75.84
Wampum	PA	40.89	-80.34
Wanamie	PA	41.17	-76.04
Warfordsburg	PA	39.75	-78.19
Warminster Heights	PA	40.19	-75.08
Warren	PA	41.84	-79.14
Warrior Run	PA	41.19	-75.95
Warriors Mark	PA	40.70	-78.13
Washington	PA	40.17	-80.25
Washington Boro	PA	40.01	-76.47
Washingtonville	PA	41.05	-76.67
Waterford	PA	41.95	-79.99
Watsontown	PA	41.09	-76.86
Wattsburg	PA	42.00	-79.80
Waverly	PA	41.53	-75.70
Waymart	PA	41.59	-75.40
Wayne	PA	40.04	-75.39
Wayne Heights	PA	39.75	-77.54
Waynesboro	PA	39.75	-77.58
Waynesburg	PA	39.90	-80.19
Weatherly	PA	40.94	-75.82
Webster	PA	40.19	-79.85
Weedville	PA	41.28	-78.49
Weigelstown	PA	39.99	-76.83
Weissport	PA	40.83	-75.70
Weissport East	PA	40.84	-75.69
Wellersburg	PA	39.73	-78.85
Wells Tannery	PA	40.09	-78.16
Wellsboro	PA	41.75	-77.30
Wellsville	PA	40.05	-76.94
Wernersville	PA	40.33	-76.08
Wescosville	PA	40.56	-75.55
Wesleyville	PA	42.14	-80.01
West Alexander	PA	40.11	-80.51
West Brownsville	PA	40.03	-79.89
West Chester	PA	39.96	-75.61
West Conshohocken	PA	40.07	-75.32
West Decatur	PA	40.93	-78.28
West Easton	PA	40.68	-75.24
West Elizabeth	PA	40.27	-79.90
West Fairview	PA	40.28	-76.92
West Falls	PA	41.45	-75.86
West Grove	PA	39.82	-75.83
West Hamburg	PA	40.55	-76.00
West Hazleton	PA	40.97	-76.03
West Hills	PA	40.84	-79.54
West Homestead	PA	40.39	-79.91
West Kittanning	PA	40.81	-79.53
West Lawn	PA	40.33	-75.99
West Leechburg	PA	40.63	-79.62
West Liberty	PA	41.01	-80.07
West Mayfield	PA	40.78	-80.34
West Middlesex	PA	41.17	-80.46
West Middletown	PA	40.24	-80.43
West Mifflin	PA	40.36	-79.91
West Milton	PA	41.02	-76.88
West Myerstown	PA	40.37	-76.32
West Nanticoke	PA	41.22	-76.01
West Newton	PA	40.21	-79.77
West Pittsburg	PA	40.93	-80.36
West Pittston	PA	41.33	-75.80
West Reading	PA	40.33	-75.95
West Sunbury	PA	41.01	-79.90
West View	PA	40.52	-80.03
West Waynesburg	PA	39.90	-80.20
West Wilmerding	PA	40.40	-79.82
West Wyoming	PA	41.32	-75.86
West Wyomissing	PA	40.32	-76.00
West York	PA	39.95	-76.76
Westfield	PA	41.92	-77.54
Westland	PA	40.28	-80.27
Westmont	PA	40.32	-78.95
Weston	PA	40.94	-76.14
Westover	PA	40.74	-78.69
Westwood	PA	40.33	-78.95
Wheatland	PA	41.20	-80.50
Whitaker	PA	40.40	-79.89
White Haven	PA	41.06	-75.79
White Mills	PA	41.54	-75.20
White Oak	PA	40.34	-79.80
Whitehall	PA	40.36	-79.99
Whitfield	PA	40.34	-76.01
Wickerham Manor-Fisher	PA	40.18	-79.91
Wiconsico	PA	40.57	-76.68
Wilburton Number One	PA	40.81	-76.39
Wilburton Number Two	PA	40.82	-76.36
Wilcox	PA	41.57	-78.69
Wilkes-Barre	PA	41.25	-75.88
Wilkinsburg	PA	40.44	-79.87
Williamsburg	PA	40.46	-78.20
Williamsport	PA	41.24	-77.04
Williamstown	PA	40.58	-76.62
Willow Grove	PA	40.15	-75.12
Willow Street	PA	39.98	-76.27
Wilmerding	PA	40.39	-79.81
Wilmore	PA	40.39	-78.72
Wilson	PA	40.68	-75.24
Winburne	PA	40.96	-78.15
Wind Gap	PA	40.85	-75.29
Wind Ridge	PA	39.91	-80.43
Windber	PA	40.24	-78.82
Windsor	PA	39.92	-76.58
Winfield	PA	40.89	-76.86
Winterstown	PA	39.84	-76.62
Witmer	PA	40.05	-76.21
Wolfdale	PA	40.20	-80.30
Womelsdorf	PA	40.37	-76.19
Wood	PA	40.17	-78.14
Woodbourne	PA	40.20	-74.89
Woodbury	PA	40.23	-78.37
Woodcock	PA	41.75	-80.08
Woodland	PA	41.01	-78.34
Woodland Heights	PA	41.41	-79.70
Woodlyn	PA	39.88	-75.34
Woodside	PA	40.23	-74.86
Woodward	PA	40.90	-77.35
Woolrich	PA	41.19	-77.37
Wopsononock	PA	40.57	-78.45
Wormleysburg	PA	40.26	-76.91
Worthington	PA	40.84	-79.64
Worthville	PA	41.02	-79.14
Woxall	PA	40.32	-75.45
Wrightsville	PA	40.02	-76.53
Wurtemburg	PA	40.86	-80.25
Wyalusing	PA	41.67	-76.26
Wyano	PA	40.20	-79.69
Wylandville	PA	40.21	-80.13
Wyncote	PA	40.09	-75.15
Wyndmoor	PA	40.09	-75.19
Wynnewood	PA	40.00	-75.27
Wyoming	PA	41.31	-75.84
Wyomissing	PA	40.33	-75.97
Yardley	PA	40.24	-74.84
Yarnell	PA	41.00	-77.81
Yatesboro	PA	40.80	-79.33
Yatesville	PA	41.30	-75.78
Yeadon	PA	39.93	-75.25
Yeagertown	PA	40.64	-77.58
Yellow Springs	PA	40.52	-78.20
Yoe	PA	39.91	-76.64
York	PA	39.96	-76.73
York Haven	PA	40.11	-76.72
York Springs	PA	40.01	-77.12
Yorkana	PA	39.98	-76.58
Yorklyn	PA	39.99	-76.64
Youngstown	PA	40.28	-79.37
Youngsville	PA	41.85	-79.32
Youngwood	PA	40.24	-79.58
Yukon	PA	40.21	-79.69
Zelienople	PA	40.79	-80.14
Zion	PA	40.92	-77.69
Aceitunas	PR	18.45	-67.07
Adjuntas	PR	18.16	-66.72
Aguada	PR	18.38	-67.19
Aguadilla	PR	18.44	-67.15
Aguas Buenas	PR	18.26	-66.11
Aguas Claras	PR	18.24	-65.67
Aguilita	PR	18.03	-66.53
Aibonito	PR	18.14	-66.27
Alianza	PR	18.45	-66.86
Animas	PR	18.45	-66.64
Anon Raices	PR	18.14	-66.59
AntÃ³n RuÃ­z	PR	18.19	-65.81
Arecibo	PR	18.45	-66.74
Arroyo	PR	17.97	-66.06
AÃ±asco	PR	18.29	-67.14
Bairoa La Veinticinco	PR	18.26	-66.02
Bajadero	PR	18.42	-66.67
Bajandas	PR	18.16	-65.78
Barahona	PR	18.35	-66.44
Barceloneta	PR	18.45	-66.54
Barranquitas	PR	18.18	-66.31
Bartolo	PR	18.36	-65.84
BayamÃ³n	PR	18.38	-66.16
BenÃ­tez	PR	18.27	-65.88
Betances	PR	18.03	-67.13
BoquerÃ³n	PR	18.20	-65.84
BreÃ±as	PR	18.47	-66.33
Brisas del Campanero	PR	18.43	-66.23
Buena Vista	PR	18.00	-66.05
BÃºfalo	PR	18.42	-66.58
Cabo Rojo	PR	18.09	-67.15
CabÃ¡n	PR	18.45	-67.14
Cacao	PR	18.45	-66.96
Caguas	PR	18.23	-66.04
Calzada	PR	18.01	-66.56
Cambalache	PR	18.36	-65.89
Campanilla	PR	18.42	-66.24
Campanillas	PR	18.44	-66.22
Campo Rico	PR	18.34	-65.89
Camuy	PR	18.48	-66.85
Candelaria	PR	18.41	-66.22
Candelaria Arenas	PR	18.42	-66.22
Candelero Abajo	PR	18.09	-65.82
Candelero Arriba	PR	18.10	-65.83
Canovanillas	PR	18.33	-65.90
CanÃ³vanas	PR	18.37	-65.90
Capitanejo	PR	18.01	-66.54
Carolina	PR	18.41	-65.98
Carrizales	PR	18.48	-66.79
CataÃ±o	PR	18.44	-66.14
Cayey	PR	18.12	-66.16
Cayuco	PR	18.29	-66.73
CaÃ±o Martin PeÃ±a	PR	18.43	-66.05
Ceiba	PR	18.26	-65.65
Celada	PR	18.27	-65.96
Central Aguirre	PR	17.96	-66.23
Cerrillos Hoyos	PR	18.07	-66.57
Ciales	PR	18.33	-66.47
Cidra	PR	18.18	-66.16
Coamo	PR	18.08	-66.36
Coco	PR	18.00	-66.26
ComerÃ­o	PR	18.22	-66.23
Comunas	PR	18.08	-65.84
CoquÃ­	PR	17.98	-66.23
CorazÃ³n	PR	17.99	-66.08
Corcovado	PR	18.46	-66.78
Corozal	PR	18.34	-66.31
Corral Viejo	PR	18.08	-66.65
Coto Laurel	PR	18.05	-66.55
Coto Norte	PR	18.43	-66.44
Culebra	PR	18.31	-65.30
Daguao	PR	18.22	-65.68
Del Carmen	PR	18.47	-66.85
Dorado	PR	18.47	-66.27
Duque	PR	18.24	-65.74
El Combate	PR	17.98	-67.21
El MangÃ³	PR	18.23	-65.88
El Negro	PR	18.04	-65.85
El Ojo	PR	18.00	-66.39
El Paraiso	PR	18.06	-66.60
El Tumbao	PR	18.00	-66.90
El VeintisÃ©is	PR	18.44	-66.20
Emajagua	PR	18.00	-65.88
Esperanza	PR	18.10	-65.48
Espino	PR	18.28	-67.12
Fajardo	PR	18.33	-65.66
Ferrer	PR	18.41	-67.07
Florida	PR	18.36	-66.56
FrontÃ³n	PR	18.31	-66.56
FrÃ¡nquez	PR	18.34	-66.43
Fuig	PR	17.99	-66.92
G. L. GarcÃ­a	PR	18.13	-66.10
Galateo	PR	18.36	-66.26
Garrochales	PR	18.46	-66.57
Guayabal	PR	18.08	-66.50
Guayama	PR	17.97	-66.11
Guayanilla	PR	18.02	-66.79
Guaynabo	PR	18.38	-66.11
Gurabo	PR	18.25	-65.98
GuÃ¡nica	PR	17.97	-66.93
H. Rivera ColÃ³n	PR	18.35	-66.28
Hacienda San JosÃ©	PR	18.24	-66.07
Hatillo	PR	18.48	-66.82
Hato Arriba	PR	18.35	-67.03
Hato Candal	PR	18.37	-65.79
Hato Viejo	PR	18.36	-66.48
Honduras	PR	18.14	-66.20
Hormigueros	PR	18.14	-67.12
Humacao	PR	18.15	-65.82
ImbÃ©ry	PR	18.44	-66.56
Indios	PR	18.00	-66.82
Ingenio	PR	18.45	-66.22
Isabela	PR	18.50	-67.02
Isleta	PR	18.38	-67.11
Jagual	PR	18.16	-66.00
Jaguas	PR	18.31	-66.48
Jauca	PR	17.96	-66.37
Jayuya	PR	18.22	-66.60
Jobos	PR	17.96	-66.17
Juana DÃ­az	PR	18.05	-66.50
Juncal	PR	18.31	-66.92
Juncos	PR	18.23	-65.92
La Alianza	PR	18.40	-66.60
La Dolores	PR	18.37	-65.85
La Fermina	PR	18.17	-65.85
La Liga	PR	18.29	-66.05
La Luisa	PR	18.45	-66.51
La Parguera	PR	17.97	-67.05
La Pica	PR	18.47	-66.86
La Playa	PR	18.29	-67.19
La Plena	PR	18.04	-66.21
La Yuca	PR	18.07	-66.61
Lajas	PR	18.04	-67.06
Lamboglia	PR	17.98	-65.99
Lares	PR	18.30	-66.88
Las Carolinas	PR	18.25	-66.06
Las Croabas	PR	18.37	-65.63
Las Gaviotas	PR	18.44	-66.19
Las MarÃ­as	PR	18.25	-66.99
Las Ochenta	PR	17.98	-66.32
Las Ollas	PR	18.01	-66.42
Las Piedras	PR	18.18	-65.87
Lassalle	PR	18.39	-67.06
Liborio NegrÃ³n Torres	PR	18.04	-66.94
Lluveras	PR	18.04	-66.90
Lomas	PR	18.27	-65.91
Lomas Verdes	PR	18.38	-67.12
Los HÃ©roes	PR	18.39	-67.12
Los Llanos	PR	18.06	-66.41
Los Panes	PR	18.18	-66.08
Los Prados	PR	18.23	-66.06
LoÃ­za	PR	18.43	-65.88
Luis LlorÃ©ns Torres	PR	18.06	-66.53
Luis M. CintrÃ³n	PR	18.30	-65.64
Luquillo	PR	18.38	-65.72
Luyando	PR	18.36	-67.16
Magas Arriba	PR	18.02	-66.77
Maguayo	PR	18.01	-67.09
ManatÃ­	PR	18.43	-66.48
MansiÃ³n del Mar	PR	18.45	-66.18
MansiÃ³n del Sol	PR	18.44	-66.19
Mariano ColÃ³n	PR	18.03	-66.34
Maricao	PR	18.18	-66.98
Martorell	PR	18.07	-65.90
MarueÃ±o	PR	18.06	-66.66
MarÃ­a Antonia	PR	17.98	-66.89
Maunabo	PR	18.01	-65.90
MayagÃ¼ez	PR	18.20	-67.14
Miranda	PR	18.39	-66.37
Moca	PR	18.39	-67.11
Monserrate	PR	18.44	-66.36
Monte Grande	PR	18.09	-67.12
Monte Verde	PR	18.10	-66.62
Mora	PR	18.46	-67.03
Morovis	PR	18.33	-66.41
Mucarabones	PR	18.39	-66.22
Naguabo	PR	18.21	-65.74
Naranjito	PR	18.30	-66.25
Olimpo	PR	18.00	-66.11
Orocovis	PR	18.23	-66.39
Pabellones	PR	18.44	-66.22
Pajonal	PR	18.38	-66.56
Palma Sola	PR	18.32	-65.87
Palmarejo	PR	18.31	-66.29
Palmas	PR	17.99	-66.03
Palmas del Mar	PR	18.09	-65.80
Palmer	PR	18.37	-65.77
Palo Seco	PR	18.01	-65.94
Palomas	PR	18.24	-66.25
Parcelas La Milagrosa	PR	18.17	-66.19
Parcelas Mandry	PR	18.08	-66.56
Parcelas Nuevas	PR	18.14	-66.17
Parcelas PeÃ±uelas	PR	18.01	-66.35
Parcelas Viejas Borinquen	PR	18.17	-66.04
Parcelas de Navarro	PR	18.23	-66.00
Pastos	PR	18.12	-66.26
Patillas	PR	18.01	-66.01
PeÃ±a Pobre	PR	18.22	-65.82
PeÃ±uelas	PR	18.06	-66.72
Piedra Aguza	PR	18.04	-66.49
Piedra Gorda	PR	18.43	-66.89
PiÃ±as	PR	18.19	-66.23
Playa Fortuna	PR	18.38	-65.74
Playita	PR	18.04	-65.91
Playita Cortada	PR	17.97	-66.44
Pole Ojea	PR	17.97	-67.18
Ponce	PR	18.00	-66.62
Potala Pastillo	PR	17.99	-66.50
Pueblito del Carmen	PR	18.03	-66.17
Pueblito del RÃ­o	PR	18.23	-65.86
Puerto Real	PR	18.08	-67.19
Punta Santiago	PR	18.16	-65.76
PÃ¡jaros	PR	18.36	-66.22
Quebrada	PR	18.36	-66.84
Quebrada Prieta	PR	18.29	-65.90
Quebrada del Agua	PR	18.04	-66.68
Quebradillas	PR	18.47	-66.93
Rafael CapÃ³	PR	18.40	-66.79
Rafael GonzÃ¡lez	PR	18.43	-66.78
Rafael HernÃ¡ndez	PR	18.47	-67.08
Ramos	PR	18.34	-65.71
RincÃ³n	PR	18.15	-66.16
RodrÃ­guez Hevia	PR	18.20	-66.18
Rosa SÃ¡nchez	PR	18.06	-65.91
RÃ­o Blanco	PR	18.21	-65.79
RÃ­o CaÃ±as Abajo	PR	18.04	-66.47
RÃ­o Grande	PR	18.38	-65.84
RÃ­o Lajas	PR	18.40	-66.26
Sabana	PR	18.46	-66.35
Sabana Eneas	PR	18.08	-67.09
Sabana Grande	PR	18.08	-66.96
Sabana Hoyos	PR	18.42	-66.61
Sabana Seca	PR	18.43	-66.18
Salinas	PR	17.98	-66.30
San Antonio	PR	18.45	-66.30
San GermÃ¡n	PR	18.08	-67.05
San Isidro	PR	18.39	-65.88
San JosÃ©	PR	18.40	-66.25
San Juan	PR	18.40	-66.06
San Lorenzo	PR	18.19	-65.97
San SebastiÃ¡n	PR	18.34	-66.99
Santa BÃ¡rbara	PR	18.40	-65.92
Santa Clara	PR	18.21	-66.13
Santa Isabel	PR	17.97	-66.41
Santa MarÃ­a	PR	18.27	-65.66
Santo Domingo	PR	18.07	-66.74
Stella	PR	18.32	-67.25
SuÃ¡rez	PR	18.43	-65.85
Tallaboa	PR	17.99	-66.71
Tallaboa Alta	PR	18.05	-66.70
Tibes	PR	18.09	-66.63
Tiburones	PR	18.44	-66.58
Tierras Nuevas Poniente	PR	18.46	-66.49
Toa Alta	PR	18.39	-66.25
Toa Baja	PR	18.44	-66.25
Toaville	PR	18.44	-66.24
TomÃ¡s de Castro	PR	18.18	-66.02
Trujillo Alto	PR	18.36	-66.01
Utuado	PR	18.27	-66.71
Valle Hill	PR	18.40	-65.89
Vayas	PR	18.05	-66.59
Vega Alta	PR	18.42	-66.32
Vega Baja	PR	18.44	-66.40
Vieques	PR	18.15	-65.44
Villa Calma	PR	18.44	-66.23
Villa Esperanza	PR	18.43	-66.23
Villa Hugo I	PR	18.40	-65.89
Villa Hugo II	PR	18.40	-65.89
Villa Quintero	PR	18.43	-66.24
Villa Sin Miedo	PR	18.26	-65.87
Villa de Sabana	PR	18.43	-66.19
Villalba	PR	18.13	-66.48
Villas del Sol	PR	18.45	-66.23
Voladoras	PR	18.38	-67.09
VÃ¡zquez	PR	18.07	-66.23
Yabucoa	PR	18.05	-65.88
Yauco	PR	18.03	-66.86
Yaurel	PR	18.03	-66.06
Yeguada	PR	18.48	-66.88
Ashaway	RI	41.43	-71.79
Bradford	RI	41.39	-71.76
Carolina	RI	41.46	-71.65
Central Falls	RI	41.89	-71.39
Charlestown	RI	41.38	-71.63
Chepachet	RI	41.91	-71.66
Clayville	RI	41.77	-71.69
Cranston	RI	41.77	-71.49
Cumberland Hill	RI	41.97	-71.46
East Providence	RI	41.80	-71.36
Foster Center	RI	41.79	-71.73
Greene	RI	41.70	-71.73
Greenville	RI	41.88	-71.55
Harmony	RI	41.90	-71.61
Harrisville	RI	41.97	-71.68
Hope Valley	RI	41.51	-71.72
Hopkinton	RI	41.47	-71.78
Kingston	RI	41.47	-71.52
Melville	RI	41.56	-71.30
Misquamicut	RI	41.32	-71.83
Narragansett Pier	RI	41.43	-71.47
Newport	RI	41.48	-71.32
Newport East	RI	41.52	-71.29
Pascoag	RI	41.95	-71.70
Pawtucket	RI	41.87	-71.37
Providence	RI	41.82	-71.42
Quonochontaug	RI	41.35	-71.70
Tiverton	RI	41.65	-71.20
Valley Falls	RI	41.92	-71.39
Wakefield-Peace Dale	RI	41.45	-71.50
Warwick	RI	41.70	-71.42
Watch Hill	RI	41.32	-71.85
Weekapaug	RI	41.34	-71.76
Westerly	RI	41.37	-71.81
Woonsocket	RI	42.00	-71.50
Wyoming	RI	41.51	-71.69
Abbeville	SC	34.18	-82.38
Abney Crossroads	SC	34.51	-80.51
Adams Run	SC	32.72	-80.35
Aiken	SC	33.53	-81.73
Alcolu	SC	33.76	-80.22
Allendale	SC	33.01	-81.31
Anderson	SC	34.52	-82.64
Andrews	SC	33.45	-79.57
Antreville	SC	34.30	-82.56
Arcadia	SC	34.96	-81.99
Arcadia Lakes	SC	34.05	-80.96
Arial	SC	34.85	-82.64
Arkwright	SC	34.91	-81.94
Arthurtown	SC	33.97	-81.00
Ashwood	SC	34.12	-80.30
Atlantic Beach	SC	33.80	-78.72
Awendaw	SC	32.97	-79.65
Aynor	SC	34.00	-79.21
Bamberg	SC	33.30	-81.03
Barnwell	SC	33.24	-81.37
Batesburg-Leesville	SC	33.91	-81.53
Baxter Village	SC	35.03	-80.98
Beaufort	SC	32.46	-80.72
Beech Island	SC	33.43	-81.89
Belton	SC	34.52	-82.49
Belvedere	SC	33.54	-81.93
Ben Avon	SC	34.93	-81.88
Bennettsville	SC	34.63	-79.69
Berea	SC	34.88	-82.47
Bethune	SC	34.41	-80.35
Bishopville	SC	34.22	-80.25
Blacksburg	SC	35.12	-81.52
Blackville	SC	33.35	-81.29
Blenheim	SC	34.51	-79.65
Bluffton	SC	32.21	-80.93
Blythewood	SC	34.21	-81.00
Boiling Springs	SC	35.05	-81.98
Bonneau	SC	33.31	-79.95
Bonneau Beach	SC	33.32	-79.99
Bowman	SC	33.35	-80.68
Boykin	SC	34.12	-80.58
Bradley	SC	34.03	-82.24
Branchville	SC	33.25	-80.82
Briarcliffe Acres	SC	33.79	-78.75
Brookdale	SC	33.52	-80.84
Browntown	SC	34.21	-80.32
Brunson	SC	32.92	-81.19
Bucksport	SC	33.67	-79.12
Buffalo	SC	34.72	-81.68
Buford	SC	34.75	-80.63
Burnettown	SC	33.52	-81.86
Burton	SC	32.42	-80.74
Caesars Head	SC	35.11	-82.62
Calhoun Falls	SC	34.09	-82.60
Camden	SC	34.26	-80.61
Cameron	SC	33.56	-80.72
Camp Croft	SC	34.91	-81.86
Campobello	SC	35.13	-82.15
Cane Savannah	SC	33.89	-80.44
Capitol View	SC	33.97	-80.93
Carlisle	SC	34.59	-81.46
Carolina Forest	SC	33.77	-78.91
Cash	SC	34.62	-79.89
Catawba	SC	34.84	-80.90
Cateechee	SC	34.77	-82.78
Cayce	SC	33.95	-81.04
Centenary	SC	34.03	-79.35
Centerville	SC	34.53	-82.72
Central	SC	34.72	-82.77
Central Pacolet	SC	34.91	-81.75
Chapin	SC	34.17	-81.34
Charleston	SC	32.83	-79.97
Cheraw	SC	34.70	-79.91
Cherokee Falls	SC	35.06	-81.54
Cherryvale	SC	33.95	-80.46
Chesnee	SC	35.15	-81.86
Chester	SC	34.71	-81.21
Chesterfield	SC	34.73	-80.08
Chickasaw Point	SC	34.54	-83.08
City View	SC	34.86	-82.43
Clarks Hill	SC	33.66	-82.17
Clearwater	SC	33.50	-81.91
Clemson	SC	34.68	-82.81
Clemson University	SC	34.68	-82.84
Clifton	SC	34.99	-81.82
Clinton	SC	34.47	-81.86
Clio	SC	34.58	-79.55
Clover	SC	35.11	-81.22
Cokesbury	SC	34.29	-82.21
Columbia	SC	34.04	-80.91
Conestee	SC	34.76	-82.35
Converse	SC	35.00	-81.84
Conway	SC	33.84	-79.05
Coosawhatchie	SC	32.59	-80.93
Cope	SC	33.38	-81.01
Cordova	SC	33.43	-80.92
Coronaca	SC	34.25	-82.11
Cottageville	SC	32.94	-80.48
Coward	SC	33.97	-79.75
Cowpens	SC	35.02	-81.80
Cross Anchor	SC	34.64	-81.86
Cross Hill	SC	34.30	-81.98
Dacusville	SC	34.93	-82.56
Dale	SC	32.56	-80.70
Dalzell	SC	34.02	-80.43
Danwood	SC	34.09	-79.77
Darlington	SC	34.30	-79.87
Daufuskie Island	SC	32.11	-80.86
Daviston	SC	33.89	-79.37
DeBordieu Colony	SC	33.37	-79.18
Denmark	SC	33.31	-81.13
Dentsville	SC	34.08	-80.96
Dillon	SC	34.42	-79.37
Donalds	SC	34.37	-82.34
Dovesville	SC	34.40	-79.91
Drayton	SC	34.98	-81.90
Due West	SC	34.33	-82.39
Dunbar	SC	33.54	-79.35
Duncan	SC	34.93	-82.15
Dunean	SC	34.82	-82.42
Easley	SC	34.82	-82.58
East Camden	SC	34.27	-80.57
East Gaffney	SC	35.09	-81.62
East Sumter	SC	33.93	-80.29
Eastover	SC	33.88	-80.69
Edgefield	SC	33.79	-81.93
Edisto	SC	33.48	-80.90
Edisto Beach	SC	32.50	-80.31
Edmund	SC	33.86	-81.19
Ehrhardt	SC	33.10	-81.01
Elgin	SC	34.67	-80.72
Elko	SC	33.38	-81.38
Elliott	SC	34.11	-80.17
Elloree	SC	33.53	-80.57
Enoree	SC	34.66	-81.96
Estill	SC	32.75	-81.24
Eureka Mill	SC	34.72	-81.19
Eutawville	SC	33.40	-80.34
Fair Play	SC	34.51	-82.99
Fairfax	SC	32.96	-81.24
Fairforest	SC	34.95	-82.02
Fairview Crossroads	SC	33.76	-81.36
Fingerville	SC	35.14	-82.00
Finklea	SC	34.10	-78.99
Five Forks	SC	34.81	-82.22
Florence	SC	34.18	-79.79
Floydale	SC	34.32	-79.34
Folly Beach	SC	32.67	-79.96
Forest Acres	SC	34.03	-80.97
Forestbrook	SC	33.72	-78.97
Foreston	SC	33.64	-80.06
Fort Lawn	SC	34.70	-80.90
Fort Mill	SC	35.01	-80.94
Fountain Inn	SC	34.70	-82.20
Fripp Island	SC	32.32	-80.49
Furman	SC	32.68	-81.19
Gadsden	SC	33.85	-80.77
Gaffney	SC	35.07	-81.66
Gantt	SC	34.79	-82.40
Garden City	SC	33.59	-79.01
Gaston	SC	33.82	-81.10
Gayle Mill	SC	34.70	-81.24
Georgetown	SC	33.37	-79.28
Gifford	SC	32.86	-81.24
Gilbert	SC	33.92	-81.39
Gillisonville	SC	32.61	-81.00
Glendale	SC	34.95	-81.84
Glenn Springs	SC	34.81	-81.85
Gloverville	SC	33.53	-81.81
Golden Grove	SC	34.72	-82.43
Goose Creek	SC	32.99	-80.01
Govan	SC	33.22	-81.17
Gramling	SC	35.08	-82.13
Graniteville	SC	33.56	-81.81
Gray Court	SC	34.61	-82.12
Great Falls	SC	34.57	-80.91
Greeleyville	SC	33.58	-79.99
Green Sea	SC	34.13	-78.97
Greenville	SC	34.84	-82.36
Greenwood	SC	34.20	-82.15
Greer	SC	34.93	-82.23
Grover	SC	33.11	-80.59
Hamer	SC	34.47	-79.33
Hampton	SC	32.87	-81.11
Hanahan	SC	32.93	-80.00
Harbor Island	SC	32.41	-80.44
Hardeeville	SC	32.30	-81.04
Harleyville	SC	33.21	-80.45
Hartsville	SC	34.37	-80.08
Heath Springs	SC	34.59	-80.68
Helena	SC	34.28	-81.64
Hemingway	SC	33.75	-79.45
Hickory Grove	SC	34.98	-81.42
Hilda	SC	33.28	-81.24
Hilltop	SC	34.98	-81.96
Hilton Head Island	SC	32.19	-80.74
Hodges	SC	34.29	-82.25
Holly Hill	SC	33.32	-80.41
Hollywood	SC	32.75	-80.20
Homeland Park	SC	34.46	-82.66
Homewood	SC	33.89	-79.05
Honea Path	SC	34.45	-82.39
Hopkins	SC	33.90	-80.86
India Hook	SC	35.01	-81.03
Inman	SC	35.05	-82.09
Inman Mills	SC	35.04	-82.10
Irmo	SC	34.10	-81.20
Irwin	SC	34.69	-80.82
Islandton	SC	32.91	-80.94
Isle of Palms	SC	32.80	-79.75
Iva	SC	34.31	-82.66
Jackson	SC	33.33	-81.79
Jacksonboro	SC	32.77	-80.48
James Island	SC	32.74	-79.94
Jamestown	SC	33.29	-79.69
Jefferson	SC	34.65	-80.38
Jenkinsville	SC	34.31	-81.29
Joanna	SC	34.42	-81.80
Johnsonville	SC	33.81	-79.44
Johnston	SC	33.83	-81.80
Jonesville	SC	34.83	-81.68
Judson	SC	34.83	-82.43
Keowee Key	SC	34.82	-82.91
Kershaw	SC	34.54	-80.59
Ketchuptown	SC	34.11	-79.16
Kiawah Island	SC	32.62	-80.06
Kingstree	SC	33.67	-79.83
Kline	SC	33.12	-81.34
La France	SC	34.62	-82.77
Ladson	SC	33.01	-80.11
Lake City	SC	33.87	-79.75
Lake Murray of Richland	SC	34.12	-81.27
Lake Secession	SC	34.29	-82.59
Lake View	SC	34.34	-79.17
Lake Wylie	SC	35.10	-81.07
Lakewood	SC	33.83	-80.35
Lamar	SC	34.17	-80.07
Lancaster	SC	34.73	-80.78
Landrum	SC	35.18	-82.19
Lane	SC	33.53	-79.88
Langley	SC	33.52	-81.84
Latta	SC	34.34	-79.43
Laurel Bay	SC	32.46	-80.79
Laurens	SC	34.50	-82.02
Lesslie	SC	34.88	-80.95
Lexington	SC	33.99	-81.22
Liberty	SC	34.79	-82.70
Lincolnville	SC	33.01	-80.16
Litchfield Beach	SC	33.47	-79.11
Little Mountain	SC	34.20	-81.41
Little River	SC	33.88	-78.64
Little Rock	SC	34.47	-79.39
Live Oak	SC	34.06	-78.94
Livingston	SC	33.55	-81.12
Lobeco	SC	32.55	-80.74
Lockhart	SC	34.80	-81.47
Lodge	SC	33.07	-80.95
Longcreek	SC	34.78	-83.26
Loris	SC	34.06	-78.89
Lowndesville	SC	34.21	-82.65
Lowrys	SC	34.80	-81.24
Lugoff	SC	34.21	-80.70
Luray	SC	32.81	-81.24
Lydia	SC	34.29	-80.12
Lyman	SC	34.97	-82.13
Lynchburg	SC	34.06	-80.08
Manning	SC	33.69	-80.22
Manville	SC	34.16	-80.30
Marion	SC	34.18	-79.40
Mauldin	SC	34.78	-82.30
Mayesville	SC	33.98	-80.20
Mayo	SC	35.09	-81.85
McBee	SC	34.47	-80.26
McClellanville	SC	33.09	-79.47
McColl	SC	34.67	-79.54
McConnells	SC	34.88	-81.23
McCormick	SC	33.91	-82.29
Meggett	SC	32.69	-80.26
Modoc	SC	33.72	-82.22
Monarch Mill	SC	34.72	-81.58
Moncks Corner	SC	33.20	-79.99
Monetta	SC	33.85	-81.61
Mount Carmel	SC	34.02	-82.50
Mount Croghan	SC	34.77	-80.23
Mount Pleasant	SC	32.81	-79.87
Mountville	SC	34.37	-81.98
Mulberry	SC	33.96	-80.33
Mullins	SC	34.20	-79.25
Murphys Estates	SC	33.60	-81.95
Murrells Inlet	SC	33.56	-79.06
Myrtle Beach	SC	33.71	-78.89
Neeses	SC	33.54	-81.12
New Ellenton	SC	33.42	-81.68
Newberry	SC	34.28	-81.60
Newport	SC	35.00	-81.08
Newry	SC	34.72	-82.91
Newtown	SC	34.40	-79.36
Nichols	SC	34.24	-79.15
Ninety Six	SC	34.17	-82.02
Norris	SC	34.77	-82.75
North	SC	33.62	-81.10
North Augusta	SC	33.52	-81.96
North Charleston	SC	32.92	-80.06
North Hartsville	SC	34.40	-80.07
North Myrtle Beach	SC	33.82	-78.70
North Santee	SC	33.54	-80.41
Northlake	SC	34.57	-82.68
Norway	SC	33.45	-81.13
Oak Grove	SC	33.98	-81.15
Oakland	SC	33.99	-80.50
Olanta	SC	33.94	-79.93
Olar	SC	33.18	-81.19
Olympia	SC	33.97	-81.04
Orangeburg	SC	33.49	-80.87
Oswego	SC	34.01	-80.29
Pacolet	SC	34.91	-81.76
Pageland	SC	34.77	-80.39
Pamplico	SC	34.00	-79.57
Parker	SC	34.85	-82.45
Parksville	SC	33.79	-82.22
Patrick	SC	34.58	-80.04
Pauline	SC	34.83	-81.87
Pawleys Island	SC	33.43	-79.12
Paxville	SC	33.74	-80.36
Peak	SC	34.24	-81.33
Pelion	SC	33.78	-81.26
Pelzer	SC	34.64	-82.46
Pendleton	SC	34.64	-82.78
Perry	SC	33.63	-81.31
Pickens	SC	34.89	-82.71
Piedmont	SC	34.71	-82.47
Pimlico	SC	33.10	-79.96
Pine Ridge	SC	33.90	-81.09
Pinewood	SC	33.74	-80.46
Pinopolis	SC	33.23	-80.04
Plum Branch	SC	33.85	-82.26
Pomaria	SC	34.27	-81.42
Port Royal	SC	32.36	-80.70
Powdersville	SC	34.78	-82.50
Princeton	SC	34.49	-82.30
Privateer	SC	33.82	-80.39
Promised Land	SC	34.13	-82.23
Prosperity	SC	34.21	-81.53
Quinby	SC	34.23	-79.74
Rains	SC	34.09	-79.32
Ravenel	SC	32.78	-80.23
Red Bank	SC	33.93	-81.23
Red Hill	SC	33.78	-79.02
Reevesville	SC	33.20	-80.64
Reidville	SC	34.87	-82.11
Rembert	SC	34.10	-80.53
Richburg	SC	34.72	-81.02
Ridge Spring	SC	33.85	-81.66
Ridgeland	SC	32.47	-80.92
Ridgeville	SC	33.09	-80.31
Ridgeway	SC	34.31	-80.96
Riverview	SC	35.01	-80.99
Rock Hill	SC	34.94	-81.02
Rockville	SC	32.60	-80.19
Roebuck	SC	34.88	-81.96
Rowesville	SC	33.37	-80.84
Ruby	SC	34.75	-80.18
Russellville	SC	33.40	-79.96
Salem	SC	34.89	-82.98
Salley	SC	33.57	-81.30
Saluda	SC	34.00	-81.77
Sandy Springs	SC	34.60	-82.75
Sangaree	SC	33.03	-80.13
Sans Souci	SC	34.89	-82.42
Santee	SC	33.48	-80.49
Saxon	SC	34.96	-81.97
Scotia	SC	32.68	-81.24
Scranton	SC	33.92	-79.74
Seabrook	SC	32.53	-80.76
Seabrook Island	SC	32.58	-80.18
Sellers	SC	34.28	-79.47
Seneca	SC	34.68	-82.97
Seven Oaks	SC	34.05	-81.14
Sharon	SC	34.95	-81.34
Sheldon	SC	32.60	-80.80
Shell Point	SC	32.38	-80.75
Shiloh	SC	33.95	-80.02
Silverstreet	SC	34.22	-81.71
Simpsonville	SC	34.73	-82.26
Six Mile	SC	34.81	-82.81
Slater-Marietta	SC	35.04	-82.49
Smoaks	SC	33.09	-80.81
Smyrna	SC	35.04	-81.41
Snelling	SC	33.24	-81.48
Socastee	SC	33.69	-79.01
Society Hill	SC	34.51	-79.85
South Congaree	SC	33.91	-81.14
South Sumter	SC	33.89	-80.34
South Union	SC	34.56	-83.05
Southern Shops	SC	34.98	-81.99
Spartanburg	SC	34.95	-81.93
Springdale	SC	34.69	-80.78
Springfield	SC	33.50	-81.28
St. Andrews	SC	34.05	-81.11
St. Charles	SC	34.08	-80.22
St. George	SC	33.19	-80.58
St. Matthews	SC	33.66	-80.78
St. Stephen	SC	33.40	-79.93
Starr	SC	34.38	-82.70
Startex	SC	34.93	-82.09
Stateburg	SC	33.97	-80.53
Stuckey	SC	33.73	-79.51
Sullivan's Island	SC	32.77	-79.83
Summerton	SC	33.60	-80.35
Summerville	SC	33.01	-80.18
Summit	SC	33.92	-81.42
Sumter	SC	33.94	-80.40
Surfside Beach	SC	33.61	-78.98
Swansea	SC	33.74	-81.10
Sycamore	SC	33.03	-81.22
Tamassee	SC	34.88	-83.01
Tatum	SC	34.64	-79.59
Taylors	SC	34.91	-82.31
Tega Cay	SC	35.04	-81.01
The Cliffs Valley	SC	35.14	-82.44
Tigerville	SC	35.07	-82.37
Timmonsville	SC	34.13	-79.94
Tradesville	SC	34.77	-80.55
Travelers Rest	SC	34.96	-82.44
Trenton	SC	33.74	-81.84
Troy	SC	33.99	-82.30
Turbeville	SC	33.89	-80.02
Ulmer	SC	33.10	-81.21
Union	SC	34.72	-81.62
Unity	SC	34.80	-80.69
Utica	SC	34.68	-82.92
Valley Falls	SC	35.01	-81.97
Van Wyck	SC	34.86	-80.83
Vance	SC	33.44	-80.42
Varnville	SC	32.85	-81.08
Wade Hampton	SC	34.88	-82.33
Wagener	SC	33.65	-81.36
Walhalla	SC	34.77	-83.06
Wallace	SC	34.72	-79.84
Walterboro	SC	32.90	-80.68
Ward	SC	33.86	-81.73
Ware Place	SC	34.62	-82.38
Ware Shoals	SC	34.39	-82.24
Warrenville	SC	33.55	-81.80
Waterloo	SC	34.36	-82.06
Watts Mills	SC	34.52	-81.99
Wedgefield	SC	33.88	-80.52
Welcome	SC	34.81	-82.47
Wellford	SC	34.96	-82.10
West Columbia	SC	33.99	-81.10
West Pelzer	SC	34.64	-82.47
West Union	SC	34.76	-83.04
Westminster	SC	34.67	-83.09
White Knoll	SC	33.89	-81.24
Whitmire	SC	34.50	-81.61
Whitney	SC	34.98	-81.92
Wilkinson Heights	SC	33.49	-80.83
Williams	SC	33.03	-80.84
Williamston	SC	34.62	-82.48
Willington	SC	33.97	-82.45
Williston	SC	33.40	-81.42
Windsor	SC	33.48	-81.51
Winnsboro	SC	34.37	-81.09
Winnsboro Mills	SC	34.36	-81.07
Wisacky	SC	34.15	-80.19
Woodfield	SC	34.06	-80.93
Woodford	SC	33.67	-81.11
Woodruff	SC	34.75	-82.04
Wyboo	SC	33.57	-80.22
Yemassee	SC	32.68	-80.85
York	SC	35.00	-81.23
Zion	SC	34.26	-79.31
Aberdeen	SD	45.46	-98.47
Agar	SD	44.84	-100.07
Agency Village	SD	45.58	-97.07
Akaska	SD	45.33	-100.12
Albee	SD	45.05	-96.55
Alcester	SD	43.03	-96.63
Alexandria	SD	43.65	-97.78
Allen	SD	43.28	-101.93
Alpena	SD	44.18	-98.37
Altamont	SD	44.84	-96.69
Anderson	SD	43.52	-96.61
Andover	SD	45.41	-97.90
Angostura	SD	43.32	-103.39
Antelope	SD	43.31	-100.63
Ardmore	SD	43.02	-103.65
Arlington	SD	44.36	-97.13
Armour	SD	43.32	-98.34
Artas	SD	45.89	-99.81
Artesian	SD	44.01	-97.92
Ashland Heights	SD	44.13	-103.12
Ashton	SD	44.99	-98.50
Astoria	SD	44.56	-96.55
Aurora	SD	44.28	-96.68
Aurora Center	SD	43.53	-98.59
Avon	SD	43.01	-98.06
Badger	SD	44.49	-97.21
Baltic	SD	43.76	-96.74
Bancroft	SD	44.49	-97.75
Batesland	SD	43.13	-102.10
Bath	SD	45.47	-98.32
Bath Corner	SD	45.46	-98.33
Belle Fourche	SD	44.66	-103.86
Belvidere	SD	43.83	-101.27
Beresford	SD	43.08	-96.78
Big Stone City	SD	45.31	-96.47
Bijou Hills	SD	43.53	-99.14
Bison	SD	45.52	-102.47
Blackhawk	SD	44.15	-103.33
Blucksberg Mountain	SD	44.36	-103.45
Blumengard Colony	SD	45.24	-99.17
Blunt	SD	44.52	-99.99
Bon Homme Colony	SD	42.86	-97.71
Bonesteel	SD	43.08	-98.95
Boulder Canyon	SD	44.40	-103.60
Bowdle	SD	45.45	-99.66
Box Elder	SD	44.11	-103.08
Bradley	SD	45.09	-97.64
Brandon	SD	43.59	-96.58
Brandt	SD	44.67	-96.63
Brant Lake	SD	43.93	-96.94
Brant Lake South	SD	43.91	-96.94
Brentford	SD	45.16	-98.32
Brentwood Colony	SD	45.15	-99.30
Bridger	SD	44.54	-101.91
Bridgewater	SD	43.55	-97.50
Bristol	SD	45.34	-97.74
Britton	SD	45.79	-97.75
Broadland	SD	44.49	-98.35
Brookings	SD	44.30	-96.79
Bruce	SD	44.44	-96.89
Bryant	SD	44.59	-97.47
Buffalo	SD	45.59	-103.54
Buffalo Gap	SD	43.49	-103.32
Bullhead	SD	45.77	-101.08
Burbank	SD	42.75	-96.83
Burke	SD	43.18	-99.29
Bushnell	SD	44.33	-96.64
Butler	SD	45.26	-97.71
Cameron Colony	SD	43.19	-97.26
Camp Crook	SD	45.55	-103.97
Camrose Colony	SD	44.93	-98.22
Canistota	SD	43.60	-97.29
Canova	SD	43.88	-97.50
Canton	SD	43.30	-96.59
Caputa	SD	44.00	-102.98
Carthage	SD	44.16	-97.72
Castlewood	SD	44.72	-97.03
Cavour	SD	44.37	-98.04
Cedar Grove Colony	SD	43.53	-98.81
Centerville	SD	43.12	-96.96
Central City	SD	44.37	-103.77
Chamberlain	SD	43.80	-99.33
Chancellor	SD	43.37	-96.99
Chelsea	SD	45.17	-98.74
Cherry Creek	SD	44.60	-101.50
Chester	SD	43.90	-96.93
Claire City	SD	45.86	-97.10
Claremont	SD	45.67	-98.02
Claremont Colony	SD	44.71	-96.95
Clark	SD	44.88	-97.73
Clark Colony	SD	44.79	-97.98
Clear Lake	SD	44.76	-96.69
Clearfield Colony	SD	43.14	-98.14
Cloverleaf Colony	SD	44.18	-97.54
Collins Colony	SD	44.55	-97.70
Colman	SD	43.98	-96.81
Colome	SD	43.26	-99.72
Colonial Pine Hills	SD	44.01	-103.31
Colton	SD	43.79	-96.93
Columbia	SD	45.61	-98.31
Conde	SD	45.16	-98.10
Corn Creek	SD	43.58	-101.21
Corona	SD	45.34	-96.76
Corsica	SD	43.42	-98.41
Cottonwood	SD	43.97	-101.90
Cow Creek	SD	44.55	-100.47
Cresbard	SD	45.17	-98.95
Crocker	SD	45.11	-97.77
Crook City	SD	44.44	-103.64
Crooks	SD	43.65	-96.81
Custer	SD	43.77	-103.60
Dakota Dunes	SD	42.49	-96.48
Dallas	SD	43.24	-99.52
Dante	SD	43.04	-98.19
Davis	SD	43.26	-96.99
De Smet	SD	44.39	-97.55
Deadwood	SD	44.39	-103.72
Deerfield Colony	SD	45.59	-98.90
Dell Rapids	SD	43.82	-96.71
Delmont	SD	43.27	-98.16
Dimock	SD	43.48	-97.99
Doland	SD	44.89	-98.10
Dolton	SD	43.49	-97.38
Draper	SD	43.93	-100.54
Dudley	SD	43.31	-103.82
Dupree	SD	45.05	-101.60
Eagle Butte	SD	44.99	-101.23
Eden	SD	45.62	-97.42
Edgemont	SD	43.30	-103.83
Egan	SD	44.00	-96.65
Elk Point	SD	42.68	-96.68
Elkton	SD	44.24	-96.48
Emery	SD	43.60	-97.62
Enemy Swim	SD	45.43	-97.29
Erwin	SD	44.49	-97.44
Estelline	SD	44.58	-96.90
Ethan	SD	43.55	-97.98
Eureka	SD	45.77	-99.62
Evergreen Colony	SD	45.12	-99.04
Fairburn	SD	43.69	-103.21
Fairfax	SD	43.03	-98.89
Fairview	SD	43.22	-96.49
Faith	SD	45.03	-102.04
Farmer	SD	43.73	-97.69
Faulkton	SD	45.03	-99.13
Fedora	SD	44.01	-97.79
Ferney	SD	45.33	-98.09
Flandreau	SD	44.05	-96.60
Florence	SD	45.05	-97.33
Fordham Colony	SD	44.77	-97.91
Forestburg	SD	44.02	-98.10
Fort Pierre	SD	44.37	-100.38
Fort Thompson	SD	44.05	-99.40
Frankfort	SD	44.88	-98.31
Frederick	SD	45.83	-98.51
Freeman	SD	43.35	-97.43
Fruitdale	SD	44.67	-103.70
Fulton	SD	43.73	-97.82
Gann Valley	SD	44.03	-98.99
Garden City	SD	44.96	-97.58
Garretson	SD	43.71	-96.50
Gary	SD	44.79	-96.46
Gayville	SD	42.89	-97.17
Geddes	SD	43.25	-98.70
Gettysburg	SD	45.01	-99.95
Glendale Colony	SD	44.80	-98.29
Glenham	SD	45.53	-100.27
Golden View Colony	SD	43.70	-97.44
Goodwin	SD	44.88	-96.85
Graceville Colony	SD	43.93	-97.28
Grass Ranch Colony	SD	43.65	-98.88
Grassland Colony	SD	45.67	-98.80
Green Grass	SD	45.16	-101.29
Green Valley	SD	44.04	-103.11
Greenwood Colony	SD	43.21	-98.15
Gregory	SD	43.23	-99.42
Grenville	SD	45.47	-97.39
Groton	SD	45.45	-98.10
Hamill	SD	43.59	-99.69
Harrisburg	SD	43.43	-96.71
Harrison	SD	43.43	-98.53
Harrold	SD	44.53	-99.74
Hartford	SD	43.62	-96.94
Hayti	SD	44.66	-97.20
Hazel	SD	44.76	-97.38
Hecla	SD	45.88	-98.15
Henry	SD	44.88	-97.46
Hermosa	SD	43.84	-103.19
Herreid	SD	45.84	-100.07
Herrick	SD	43.12	-99.19
Hetland	SD	44.38	-97.23
Highmore	SD	44.52	-99.44
Hill City	SD	43.93	-103.57
Hillcrest Colony	SD	44.94	-97.67
Hillside Colony	SD	44.74	-98.05
Hillsview	SD	45.66	-99.56
Hitchcock	SD	44.63	-98.41
Horse Creek	SD	43.53	-100.74
Hosmer	SD	45.58	-99.47
Hot Springs	SD	43.42	-103.47
Hoven	SD	45.24	-99.78
Howard	SD	44.01	-97.52
Hudson	SD	43.13	-96.46
Humboldt	SD	43.64	-97.07
Hurley	SD	43.28	-97.09
Huron	SD	44.36	-98.21
Huron Colony	SD	44.56	-98.21
Hutterville Colony	SD	45.27	-98.21
Ideal	SD	43.54	-99.92
Interior	SD	43.73	-101.98
Ipswich	SD	45.44	-99.03
Irene	SD	43.08	-97.16
Iroquois	SD	44.37	-97.85
Isabel	SD	45.39	-101.43
Jamesville Colony	SD	43.10	-97.48
Java	SD	45.50	-99.88
Jefferson	SD	42.60	-96.57
Johnson Siding	SD	44.08	-103.44
Kadoka	SD	43.83	-101.50
Kaylor	SD	43.19	-97.84
Kenel	SD	45.85	-100.46
Kennebec	SD	43.90	-99.86
Keystone	SD	43.89	-103.43
Kidder	SD	45.88	-97.71
Kimball	SD	43.75	-98.96
Kranzburg	SD	44.89	-96.91
Kyle	SD	43.42	-102.18
La Bolt	SD	45.05	-96.68
La Plant	SD	45.13	-100.64
Lake Andes	SD	43.16	-98.54
Lake City	SD	45.72	-97.41
Lake Madison	SD	43.96	-97.03
Lake Norden	SD	44.58	-97.21
Lake Poinsett	SD	44.57	-97.11
Lake Preston	SD	44.36	-97.38
Lakeview Colony	SD	43.22	-98.46
Lane	SD	44.07	-98.42
Langford	SD	45.60	-97.83
Lantry	SD	45.02	-101.43
Lead	SD	44.35	-103.77
Lebanon	SD	45.07	-99.77
Lemmon	SD	45.94	-102.16
Lennox	SD	43.35	-96.89
Leola	SD	45.72	-98.94
Lesterville	SD	43.04	-97.59
Letcher	SD	43.90	-98.15
Little Eagle	SD	45.69	-100.79
Long Hollow	SD	45.68	-97.16
Long Lake	SD	45.86	-99.21
Long Lake Colony	SD	45.60	-98.83
Loomis	SD	43.79	-98.10
Lower Brule	SD	44.07	-99.58
Lowry	SD	45.32	-99.98
Lyons	SD	43.72	-96.87
Madison	SD	44.01	-97.11
Manderson-White Horse Creek	SD	43.24	-102.49
Mansfield	SD	45.25	-98.56
Marion	SD	43.42	-97.26
Martin	SD	43.17	-101.73
Marty	SD	43.00	-98.43
Marvin	SD	45.26	-96.92
Maverick Junction	SD	43.41	-103.40
Maxwell Colony	SD	43.18	-97.64
Mayfield Colony	SD	44.69	-97.58
McIntosh	SD	45.92	-101.35
McLaughlin	SD	45.81	-100.81
Meadow View Addition	SD	43.62	-96.70
Meckling	SD	42.84	-97.07
Mellette	SD	45.15	-98.50
Menno	SD	43.24	-97.58
Midland	SD	44.07	-101.16
Milbank	SD	45.22	-96.63
Millbrook Colony	SD	43.67	-97.87
Miller	SD	44.52	-98.99
Millerdale Colony	SD	44.40	-99.11
Milltown	SD	43.42	-97.81
Mina	SD	45.45	-98.74
Mission	SD	43.31	-100.66
Mission Hill	SD	42.92	-97.28
Mitchell	SD	43.73	-98.04
Mobridge	SD	45.54	-100.43
Monroe	SD	43.49	-97.22
Montrose	SD	43.70	-97.18
Morningside	SD	44.37	-98.18
Morristown	SD	45.94	-101.72
Mound City	SD	45.73	-100.07
Mount Vernon	SD	43.71	-98.26
Mountain Plains	SD	44.47	-103.86
Murdo	SD	43.89	-100.71
Naples	SD	44.77	-97.51
New Effington	SD	45.86	-96.92
New Elm Spring Colony	SD	43.49	-97.83
New Holland	SD	43.43	-98.61
New Underwood	SD	44.10	-102.85
New Witten	SD	43.44	-100.08
Newdale Colony	SD	44.29	-96.52
Newell	SD	44.72	-103.42
Newport Colony	SD	45.68	-97.93
Nisland	SD	44.67	-103.55
Norfeld Colony	SD	44.42	-96.56
Norris	SD	43.47	-101.19
North Eagle Butte	SD	45.02	-101.23
North Sioux City	SD	42.53	-96.50
North Spearfish	SD	44.51	-103.90
Northville	SD	45.16	-98.58
Nunda	SD	44.16	-97.02
Oacoma	SD	43.80	-99.37
Oahe Acres	SD	44.46	-100.34
Oak Lane Colony	SD	43.51	-97.74
Oelrichs	SD	43.18	-103.23
Oglala	SD	43.19	-102.71
Okaton	SD	43.85	-100.88
Okreek	SD	43.35	-100.39
Ola	SD	43.60	-99.21
Old Elm Spring Colony	SD	43.49	-97.80
Oldham	SD	44.23	-97.31
Olivet	SD	43.24	-97.67
Onaka	SD	45.19	-99.46
Onida	SD	44.70	-100.07
Oral	SD	43.41	-103.26
Orient	SD	44.90	-99.09
Orland Colony	SD	43.82	-97.20
Ortley	SD	45.33	-97.20
Parker	SD	43.40	-97.13
Parkston	SD	43.39	-97.99
Parmelee	SD	43.33	-101.04
Pearl Creek Colony	SD	44.33	-97.92
Peever	SD	45.54	-96.96
Peever Flats	SD	45.52	-96.94
Pembrook Colony	SD	45.37	-98.99
Philip	SD	44.04	-101.66
Pickstown	SD	43.07	-98.53
Piedmont	SD	44.22	-103.38
Pierpont	SD	45.50	-97.83
Pierre	SD	44.38	-100.32
Pine Lakes Addition	SD	43.55	-96.64
Pine Ridge	SD	43.03	-102.55
Plainview Colony	SD	45.58	-99.01
Plankinton	SD	43.72	-98.48
Platte	SD	43.39	-98.84
Platte Colony	SD	43.47	-99.13
Pleasant Valley Colony	SD	44.06	-96.47
Poinsett Colony	SD	44.64	-96.90
Pollock	SD	45.90	-100.29
Porcupine	SD	43.27	-102.34
Prairie City	SD	45.54	-102.82
Prairiewood Village	SD	45.51	-98.42
Presho	SD	43.91	-100.06
Pringle	SD	43.61	-103.59
Provo	SD	43.19	-103.83
Pukwana	SD	43.78	-99.18
Quinn	SD	43.99	-102.13
Ramona	SD	44.12	-97.22
Rapid City	SD	44.07	-103.22
Rapid Valley	SD	44.07	-103.12
Ravinia	SD	43.14	-98.43
Raymond	SD	44.91	-97.94
Redfield	SD	44.87	-98.52
Ree Heights	SD	44.52	-99.20
Reliance	SD	43.88	-99.60
Renner Corner	SD	43.65	-96.70
Revillo	SD	45.02	-96.57
Richland	SD	42.76	-96.65
Riverside Colony	SD	44.48	-98.14
Rockham	SD	44.90	-98.82
Rockport Colony	SD	43.58	-97.84
Rolland Colony	SD	44.34	-96.59
Roscoe	SD	45.45	-99.34
Rosebud	SD	43.24	-100.82
Rosedale Colony	SD	43.63	-97.88
Rosholt	SD	45.87	-96.73
Roslyn	SD	45.50	-97.49
Roswell	SD	44.01	-97.70
Rowena	SD	43.52	-96.56
Running Water	SD	42.78	-97.98
Rustic Acres Colony	SD	43.87	-97.10
Salem	SD	43.72	-97.39
Scotland	SD	43.15	-97.72
Selby	SD	45.51	-100.03
Seneca	SD	45.06	-99.51
Shamrock Colony	SD	44.62	-97.97
Shannon Colony	SD	43.98	-97.43
Sherman	SD	43.76	-96.48
Shindler	SD	43.47	-96.64
Sicangu Village	SD	43.01	-100.58
Silver Lake Colony	SD	44.87	-97.61
Sinai	SD	44.24	-97.04
Sioux Falls	SD	43.54	-96.73
Sisseton	SD	45.66	-97.05
Smithwick	SD	43.30	-103.22
Soldier Creek	SD	43.33	-100.90
South Shore	SD	45.10	-96.93
Spearfish	SD	44.49	-103.82
Spencer	SD	43.73	-97.59
Spink Colony	SD	44.74	-98.29
Spring Creek	SD	43.12	-101.03
Spring Creek Colony	SD	45.91	-98.88
Spring Lake Colony	SD	44.23	-97.17
Spring Valley Colony	SD	44.04	-98.88
Springfield	SD	42.86	-97.90
St. Charles	SD	43.09	-99.09
St. Francis	SD	43.14	-100.90
St. Lawrence	SD	44.52	-98.94
St. Onge	SD	44.55	-103.72
Stephan	SD	44.25	-99.46
Stickney	SD	43.59	-98.44
Stockholm	SD	45.10	-96.80
Storla	SD	43.86	-98.35
Strandburg	SD	45.04	-96.76
Stratford	SD	45.32	-98.30
Sturgis	SD	44.41	-103.50
Summerset	SD	44.19	-103.34
Summit	SD	45.31	-97.04
Sunset Colony	SD	45.81	-97.89
Swift Bird	SD	45.06	-100.35
Tabor	SD	42.95	-97.66
Tea	SD	43.46	-96.82
Thunderbird Colony	SD	45.19	-99.26
Timber Lake	SD	45.43	-101.07
Tolstoy	SD	45.21	-99.61
Toronto	SD	44.57	-96.64
Trent	SD	43.91	-96.66
Tripp	SD	43.23	-97.97
Tschetter Colony	SD	43.37	-97.69
Tulare	SD	44.74	-98.51
Turton	SD	45.05	-98.10
Twin Brooks	SD	45.21	-96.79
Two Strike	SD	43.22	-100.91
Tyndall	SD	42.99	-97.86
Upland Colony	SD	43.88	-97.98
Utica	SD	42.98	-97.50
Vale	SD	44.62	-103.40
Valley Springs	SD	43.58	-96.47
Veblen	SD	45.86	-97.29
Verdon	SD	45.24	-98.10
Vermillion	SD	42.78	-96.93
Viborg	SD	43.17	-97.08
Vienna	SD	44.70	-97.50
Vilas	SD	44.01	-97.60
Virgil	SD	44.29	-98.43
Vivian	SD	43.93	-100.30
Volga	SD	44.32	-96.92
Volin	SD	42.96	-97.18
Wagner	SD	43.08	-98.29
Wakonda	SD	43.01	-97.11
Wakpala	SD	45.66	-100.54
Wall	SD	43.99	-102.24
Wallace	SD	45.08	-97.48
Wanblee	SD	43.57	-101.66
Ward	SD	44.15	-96.46
Warner	SD	45.33	-98.50
Wasta	SD	44.07	-102.45
Watertown	SD	44.91	-97.16
Waubay	SD	45.33	-97.31
Waverly	SD	45.00	-96.97
Webster	SD	45.34	-97.52
Wentworth	SD	44.00	-96.96
Wessington	SD	44.46	-98.70
Wessington Springs	SD	44.08	-98.57
West Brule	SD	44.07	-99.64
Westport	SD	45.65	-98.50
Westwood Colony	SD	45.89	-97.78
Wetonka	SD	45.62	-98.77
White	SD	44.44	-96.65
White Horse	SD	43.31	-100.60
White Lake	SD	43.73	-98.71
White River	SD	43.57	-100.74
White Rock	SD	45.92	-96.58
White Rock Colony	SD	45.91	-96.64
Whitehorse	SD	45.27	-100.90
Whitewood	SD	44.46	-103.64
Willow Lake	SD	44.63	-97.64
Wilmot	SD	45.41	-96.85
Winfred	SD	44.00	-97.36
Winner	SD	43.38	-99.86
Wolf Creek Colony	SD	43.35	-97.62
Wolsey	SD	44.41	-98.47
Wonderland Homes	SD	44.20	-103.34
Wood	SD	43.50	-100.48
Woonsocket	SD	44.05	-98.27
Worthing	SD	43.33	-96.77
Wounded Knee	SD	43.14	-102.37
Yale	SD	44.43	-97.99
Yankton	SD	42.89	-97.39
Adams	TN	36.58	-87.07
Adamsville	TN	35.24	-88.38
Alamo	TN	35.78	-89.12
Alcoa	TN	35.81	-83.97
Alexandria	TN	36.08	-86.04
Algood	TN	36.20	-85.45
Allardt	TN	36.38	-84.88
Altamont	TN	35.43	-85.74
Andersonville	TN	36.20	-84.03
Apison	TN	35.00	-85.01
Ardmore	TN	35.00	-86.85
Arlington	TN	35.25	-89.66
Ashland City	TN	36.26	-87.03
Athens	TN	35.46	-84.60
Atoka	TN	35.43	-89.78
Atwood	TN	35.97	-88.67
Auburntown	TN	35.95	-86.09
Baileyton	TN	36.32	-82.84
Baneberry	TN	36.05	-83.28
Banner Hill	TN	36.12	-82.42
Bartlett	TN	35.23	-89.82
Baxter	TN	36.15	-85.63
Bean Station	TN	36.34	-83.29
Beech Bluff	TN	35.60	-88.63
Beersheba Springs	TN	35.46	-85.67
Bell Buckle	TN	35.59	-86.35
Belle Meade	TN	36.10	-86.86
Bells	TN	35.72	-89.09
Belvidere	TN	35.13	-86.19
Benton	TN	35.17	-84.65
Berry Hill	TN	36.12	-86.77
Bethel Springs	TN	35.23	-88.61
Bethpage	TN	36.48	-86.31
Big Rock	TN	36.58	-87.76
Big Sandy	TN	36.23	-88.09
Biltmore	TN	36.37	-82.22
Blaine	TN	36.14	-83.70
Blanche	TN	35.04	-86.75
Bloomingdale	TN	36.58	-82.51
Blountville	TN	36.53	-82.33
Bluff City	TN	36.46	-82.28
Bogota	TN	36.16	-89.44
Bolivar	TN	35.26	-89.01
Bon Air	TN	35.93	-85.37
Bon Aqua Junction	TN	35.93	-87.31
Bowman	TN	36.06	-85.04
Braden	TN	35.37	-89.57
Bradford	TN	36.07	-88.82
Bransford	TN	36.51	-86.29
Brentwood	TN	35.99	-86.77
Briceville	TN	36.18	-84.18
Brighton	TN	35.48	-89.74
Bristol	TN	36.56	-82.22
Brownsville	TN	35.59	-89.26
Bruceton	TN	36.03	-88.25
Buchanan	TN	36.43	-88.20
Bulls Gap	TN	36.26	-83.08
Burlison	TN	35.56	-89.78
Burns	TN	36.06	-87.32
Butler	TN	36.36	-82.04
Byrdstown	TN	36.57	-85.13
Calhoun	TN	35.30	-84.74
Camden	TN	36.07	-88.10
Carthage	TN	36.26	-85.94
Caryville	TN	36.31	-84.20
Castalian Springs	TN	36.40	-86.31
Cedar Hill	TN	36.55	-87.00
Celina	TN	36.55	-85.50
Centertown	TN	35.73	-85.92
Centerville	TN	35.83	-87.44
Central	TN	36.33	-82.30
Chapel Hill	TN	35.63	-86.70
Charleston	TN	35.29	-84.76
Charlotte	TN	36.19	-87.34
Chattanooga	TN	35.07	-85.25
Chesterfield	TN	35.65	-88.27
Chewalla	TN	35.02	-88.64
Childers Hill	TN	35.08	-88.33
Christiana	TN	35.72	-86.41
Church Hill	TN	36.52	-82.71
Clarkrange	TN	36.19	-85.01
Clarksburg	TN	35.87	-88.39
Clarksville	TN	36.57	-87.35
Cleveland	TN	35.18	-84.87
Clifton	TN	35.38	-87.99
Clinton	TN	36.10	-84.13
Coalfield	TN	36.02	-84.44
Coalmont	TN	35.34	-85.71
Coker Creek	TN	35.26	-84.29
Collegedale	TN	35.05	-85.05
Collierville	TN	35.05	-89.70
Collinwood	TN	35.17	-87.74
Colonial Heights	TN	36.49	-82.49
Columbia	TN	35.62	-87.04
Conasauga	TN	35.01	-84.73
Cookeville	TN	36.15	-85.51
Coopertown	TN	36.41	-86.97
Copperhill	TN	35.00	-84.39
Cornersville	TN	35.36	-86.86
Cosby	TN	35.80	-83.25
Cottage Grove	TN	36.38	-88.48
Cottontown	TN	36.45	-86.53
Counce	TN	35.04	-88.27
Covington	TN	35.57	-89.65
Cowan	TN	35.16	-86.01
Crab Orchard	TN	35.91	-84.88
Cross Plains	TN	36.54	-86.68
Crossville	TN	35.95	-85.03
Crump	TN	35.22	-88.33
Cumberland City	TN	36.38	-87.64
Cumberland Gap	TN	36.60	-83.67
Dancyville	TN	35.41	-89.30
Dandridge	TN	36.03	-83.43
Darden	TN	35.64	-88.23
Dayton	TN	35.50	-85.01
Decatur	TN	35.53	-84.79
Decaturville	TN	35.58	-88.12
Decherd	TN	35.22	-86.07
Delano	TN	35.26	-84.56
Dellrose	TN	35.12	-86.80
Dickson	TN	36.06	-87.37
Dodson Branch	TN	36.31	-85.53
Dover	TN	36.48	-87.84
Dowelltown	TN	36.01	-85.94
Doyle	TN	35.86	-85.51
Dresden	TN	36.28	-88.70
Ducktown	TN	35.04	-84.38
Dukedom	TN	36.49	-88.72
Dunlap	TN	35.37	-85.39
Dyer	TN	36.07	-88.99
Dyersburg	TN	36.05	-89.38
Eagleton Village	TN	35.79	-83.94
Eagleville	TN	35.74	-86.65
East Cleveland	TN	35.15	-84.85
East Ridge	TN	35.00	-85.23
Eastview	TN	35.09	-88.55
Elgin	TN	36.33	-84.61
Elizabethton	TN	36.34	-82.24
Elkton	TN	35.06	-86.90
Embreeville	TN	36.18	-82.45
Englewood	TN	35.42	-84.49
Enville	TN	35.39	-88.43
Erin	TN	36.32	-87.70
Erwin	TN	36.15	-82.41
Essary Springs	TN	35.01	-88.80
Estill Springs	TN	35.26	-86.13
Ethridge	TN	35.32	-87.30
Etowah	TN	35.34	-84.53
Eva	TN	36.07	-88.01
Fairfield	TN	36.62	-86.34
Fairfield Glade	TN	36.00	-84.87
Fairgarden	TN	35.90	-83.41
Fairmount	TN	35.19	-85.33
Fairview	TN	35.98	-87.13
Fall Branch	TN	36.42	-82.62
Falling Water	TN	35.20	-85.26
Farner	TN	35.15	-84.32
Farragut	TN	35.88	-84.18
Fayetteville	TN	35.15	-86.56
Fincastle	TN	36.40	-84.05
Finger	TN	35.36	-88.62
Finley	TN	36.04	-89.48
Flat Top Mountain	TN	35.33	-85.20
Flintville	TN	35.06	-86.42
Forest Hills	TN	36.07	-86.84
Fowlkes	TN	35.97	-89.39
Frankewing	TN	35.19	-86.86
Franklin	TN	35.91	-86.85
Friendship	TN	35.91	-89.24
Friendsville	TN	35.76	-84.13
Gadsden	TN	35.78	-88.99
Gainesboro	TN	36.36	-85.65
Gallatin	TN	36.38	-86.47
Gallaway	TN	35.32	-89.61
Garland	TN	35.59	-89.75
Gates	TN	35.84	-89.41
Gatlinburg	TN	35.72	-83.49
Germantown	TN	35.08	-89.78
Gibson	TN	35.87	-88.84
Gilt Edge	TN	35.53	-89.83
Gladeville	TN	36.12	-86.43
Gleason	TN	36.22	-88.61
Goodlettsville	TN	36.33	-86.70
Gordonsville	TN	36.19	-85.93
Graball	TN	36.48	-86.44
Grand Junction	TN	35.05	-89.19
Gray	TN	36.42	-82.48
Graysville	TN	35.45	-85.08
Green Hill	TN	36.23	-86.57
Greenback	TN	35.65	-84.17
Greenbrier	TN	36.42	-86.79
Greeneville	TN	36.17	-82.82
Greenfield	TN	36.17	-88.81
Greenvale	TN	36.01	-86.20
Griffith Creek	TN	35.28	-85.54
Grimsley	TN	36.28	-85.00
Gruetli-Laager	TN	35.37	-85.64
Guys	TN	35.02	-88.53
Halls	TN	36.08	-83.93
Hampton	TN	36.28	-82.17
Harriman	TN	35.93	-84.56
Harrison	TN	35.13	-85.15
Harrogate	TN	36.58	-83.65
Hartsville/Trousdale County	TN	36.39	-86.16
Helenwood	TN	36.43	-84.55
Henderson	TN	35.44	-88.66
Hendersonville	TN	36.31	-86.60
Henning	TN	35.68	-89.57
Henry	TN	36.20	-88.41
Hickman	TN	36.15	-85.94
Hickory Valley	TN	35.15	-89.13
Hilham	TN	36.41	-85.44
Hillsboro	TN	35.40	-85.95
Hohenwald	TN	35.55	-87.55
Holladay	TN	35.87	-88.14
Hollow Rock	TN	36.04	-88.27
Hopewell	TN	35.24	-84.91
Hornbeak	TN	36.34	-89.30
Hornsby	TN	35.23	-88.83
Humboldt	TN	35.83	-88.90
Hunter	TN	36.40	-82.15
Huntingdon	TN	36.01	-88.42
Huntland	TN	35.06	-86.27
Huntsville	TN	36.42	-84.51
Huron	TN	35.59	-88.54
Iron City	TN	35.02	-87.59
Jacks Creek	TN	35.47	-88.51
Jacksboro	TN	36.34	-84.19
Jackson	TN	35.65	-88.83
Jamestown	TN	36.43	-84.93
Jasper	TN	35.07	-85.62
Jefferson City	TN	36.12	-83.48
Jellico	TN	36.57	-84.12
John Sevier	TN	36.04	-83.83
Johnson City	TN	36.34	-82.38
Jonesborough	TN	36.30	-82.48
Kahite	TN	35.57	-84.24
Karns	TN	35.98	-84.11
Kenton	TN	36.20	-89.02
Kimball	TN	35.05	-85.67
Kingsport	TN	36.52	-82.54
Kingston	TN	35.87	-84.50
Kingston Springs	TN	36.08	-87.11
Knoxville	TN	35.97	-83.95
La Follette	TN	36.37	-84.13
La Grange	TN	35.05	-89.24
La Vergne	TN	36.02	-86.56
Lafayette	TN	36.52	-86.03
Lake Tansi	TN	35.87	-85.06
Lakeland	TN	35.26	-89.72
Lakesite	TN	35.20	-85.14
Lakewood Park	TN	35.65	-86.14
Lavinia	TN	35.85	-88.65
Lawrenceburg	TN	35.25	-87.33
Lebanon	TN	36.20	-86.34
Lenoir City	TN	35.82	-84.28
Lenox	TN	36.09	-89.50
Leoma	TN	35.16	-87.35
Lewisburg	TN	35.45	-86.79
Lexington	TN	35.64	-88.38
Liberty	TN	36.00	-85.98
Linden	TN	35.61	-87.84
Livingston	TN	36.39	-85.33
Lobelville	TN	35.75	-87.80
Lone Oak	TN	35.20	-85.37
Lookout Mountain	TN	34.99	-85.35
Loretto	TN	35.08	-87.44
Loudon	TN	35.74	-84.36
Louisville	TN	35.82	-84.05
Luray	TN	35.60	-88.57
Luttrell	TN	36.21	-83.75
Lyles	TN	35.92	-87.34
Lynchburg, Moore County metropolitan	TN	35.29	-86.36
Lynnville	TN	35.38	-87.01
Madisonville	TN	35.52	-84.36
Manchester	TN	35.46	-86.07
Martin	TN	36.34	-88.85
Maryville	TN	35.75	-83.98
Mascot	TN	36.07	-83.76
Mason	TN	35.41	-89.54
Maury City	TN	35.81	-89.22
Mayland	TN	36.05	-85.21
Maynardville	TN	36.25	-83.81
McDonald	TN	35.11	-84.99
McEwen	TN	36.11	-87.64
McKenzie	TN	36.14	-88.51
McLemoresville	TN	35.99	-88.58
McMinnville	TN	35.69	-85.78
Medina	TN	35.82	-88.79
Medon	TN	35.45	-88.86
Memphis	TN	35.11	-89.97
Mercer	TN	35.47	-89.04
Michie	TN	35.06	-88.43
Middle Valley	TN	35.19	-85.20
Middleton	TN	35.07	-88.89
Midtown	TN	35.88	-84.57
Milan	TN	35.91	-88.75
Milledgeville	TN	35.38	-88.37
Millersville	TN	36.40	-86.71
Millington	TN	35.33	-89.90
Minor Hill	TN	35.06	-87.16
Miston	TN	36.16	-89.49
Mitchellville	TN	36.63	-86.54
Monteagle	TN	35.24	-85.85
Monterey	TN	36.14	-85.26
Mooresburg	TN	36.35	-83.24
Morris Chapel	TN	35.31	-88.36
Morrison	TN	35.61	-85.91
Morristown	TN	36.20	-83.30
Moscow	TN	35.06	-89.38
Mosheim	TN	36.20	-82.97
Mount Carmel	TN	36.56	-82.67
Mount Juliet	TN	36.20	-86.51
Mount Pleasant	TN	35.55	-87.19
Mountain City	TN	36.47	-81.80
Mowbray Mountain	TN	35.28	-85.22
Munford	TN	35.44	-89.82
Murfreesboro	TN	35.85	-86.42
Nashville-Davidson metropolitan	TN	36.17	-86.79
New Deal	TN	36.51	-86.56
New Hope	TN	35.00	-85.67
New Johnsonville	TN	36.02	-87.97
New Market	TN	36.10	-83.56
New Tazewell	TN	36.44	-83.61
New Union	TN	35.53	-86.08
Newbern	TN	36.12	-89.27
Newport	TN	35.96	-83.20
Niota	TN	35.52	-84.55
Nixon	TN	35.11	-88.26
Nolensville	TN	35.96	-86.67
Norene	TN	36.05	-86.24
Normandy	TN	35.45	-86.26
Norris	TN	36.21	-84.06
Oak Grove	TN	36.43	-82.43
Oak Hill	TN	36.07	-86.79
Oak Ridge	TN	35.97	-84.29
Oakdale	TN	35.99	-84.56
Oakland	TN	35.23	-89.54
Obion	TN	36.26	-89.18
Ocoee	TN	35.12	-84.72
Oliver Springs	TN	36.04	-84.33
Olivet	TN	35.20	-88.19
Oneida	TN	36.52	-84.51
Ooltewah	TN	35.07	-85.05
Orebank	TN	36.56	-82.46
Orlinda	TN	36.59	-86.70
Orme	TN	35.01	-85.80
Palmer	TN	35.36	-85.57
Palmersville	TN	36.41	-88.58
Paris	TN	36.29	-88.31
Park City	TN	35.08	-86.58
Parker's Crossroads	TN	35.79	-88.39
Parrottsville	TN	36.01	-83.09
Parsons	TN	35.65	-88.12
Pegram	TN	36.10	-87.06
Pelham	TN	35.33	-85.87
Petersburg	TN	35.32	-86.64
Petros	TN	36.10	-84.45
Philadelphia	TN	35.68	-84.40
Pigeon Forge	TN	35.80	-83.56
Pikeville	TN	35.62	-85.19
Pine Crest	TN	36.29	-82.31
Pinson	TN	35.48	-88.74
Piperton	TN	35.05	-89.61
Pittman Center	TN	35.76	-83.39
Plainview	TN	36.18	-83.79
Pleasant Hill	TN	35.97	-85.20
Pleasant View	TN	36.39	-87.05
Pocahontas	TN	35.05	-88.80
Portland	TN	36.60	-86.53
Powell	TN	36.04	-84.03
Powells Crossroads	TN	35.18	-85.48
Prospect	TN	35.02	-87.00
Pulaski	TN	35.19	-87.03
Puryear	TN	36.44	-88.33
Ramer	TN	35.07	-88.61
Randolph	TN	35.52	-89.88
Rarity Bay	TN	35.63	-84.25
Red Bank	TN	35.11	-85.30
Red Boiling Springs	TN	36.53	-85.85
Riceville	TN	35.39	-84.70
Ridgely	TN	36.26	-89.48
Ridgeside	TN	35.03	-85.25
Ridgetop	TN	36.40	-86.77
Ripley	TN	35.75	-89.53
Rives	TN	36.36	-89.05
Roan Mountain	TN	36.19	-82.07
Robbins	TN	36.35	-84.58
Rockford	TN	35.84	-83.94
Rockvale	TN	35.77	-86.52
Rockwood	TN	35.87	-84.67
Rocky Top	TN	36.22	-84.15
Rogersville	TN	36.41	-83.00
Rossville	TN	35.04	-89.54
Rural Hill	TN	36.12	-86.51
Russellville	TN	36.26	-83.20
Rutherford	TN	36.12	-88.99
Rutledge	TN	36.27	-83.53
Sale Creek	TN	35.39	-85.08
Saltillo	TN	35.38	-88.25
Samburg	TN	36.38	-89.35
Sardis	TN	35.44	-88.29
Saulsbury	TN	35.05	-89.09
Savannah	TN	35.22	-88.24
Scotts Hill	TN	35.52	-88.25
Selmer	TN	35.17	-88.60
Sequatchie	TN	35.11	-85.60
Sevierville	TN	35.89	-83.58
Sewanee	TN	35.20	-85.92
Seymour	TN	35.88	-83.76
Shackle Island	TN	36.38	-86.62
Sharon	TN	36.24	-88.83
Shelbyville	TN	35.50	-86.45
Sherwood	TN	35.07	-85.93
Shiloh	TN	35.11	-88.36
Signal Mountain	TN	35.14	-85.34
Silerton	TN	35.34	-88.81
Slayden	TN	36.29	-87.47
Smithville	TN	35.96	-85.82
Smyrna	TN	35.97	-86.53
Sneedville	TN	36.54	-83.21
Soddy-Daisy	TN	35.26	-85.17
Somerville	TN	35.23	-89.38
South Carthage	TN	36.24	-85.96
South Cleveland	TN	35.11	-84.91
South Fulton	TN	36.49	-88.88
South Pittsburg	TN	35.01	-85.72
Sparta	TN	35.93	-85.47
Spencer	TN	35.74	-85.46
Spring City	TN	35.69	-84.86
Spring Hill	TN	35.75	-86.92
Springfield	TN	36.49	-86.87
Spurgeon	TN	36.44	-82.46
St. Joseph	TN	35.03	-87.50
Stanton	TN	35.46	-89.40
Stantonville	TN	35.16	-88.43
Statesville	TN	36.02	-86.12
Strawberry Plains	TN	36.06	-83.65
Sullivan Gardens	TN	36.49	-82.59
Summertown	TN	35.43	-87.31
Sunbright	TN	36.24	-84.68
Surgoinsville	TN	36.47	-82.86
Sweetwater	TN	35.60	-84.47
Taft	TN	35.03	-86.72
Tazewell	TN	36.46	-83.57
Telford	TN	36.25	-82.55
Tellico Plains	TN	35.37	-84.30
Tellico Village	TN	35.70	-84.26
Tennessee Ridge	TN	36.32	-87.77
Thompson's Station	TN	35.81	-86.91
Three Way	TN	35.77	-88.86
Tiptonville	TN	36.38	-89.48
Toone	TN	35.36	-88.95
Townsend	TN	35.68	-83.75
Tracy City	TN	35.26	-85.76
Trenton	TN	35.97	-88.95
Trezevant	TN	36.01	-88.62
Trimble	TN	36.20	-89.19
Troy	TN	36.34	-89.16
Tuckers Crossroads	TN	36.21	-86.17
Tullahoma	TN	35.37	-86.22
Tusculum	TN	36.18	-82.75
Unicoi	TN	36.22	-82.33
Union City	TN	36.43	-89.05
Unionville	TN	35.61	-86.57
Valley Forge	TN	36.30	-82.19
Vanleer	TN	36.24	-87.45
Viola	TN	35.54	-85.86
Vonore	TN	35.60	-84.23
Walden	TN	35.16	-85.31
Walland	TN	35.73	-83.81
Walnut Grove	TN	35.05	-88.06
Walnut Hill	TN	36.57	-82.27
Walterhill	TN	35.96	-86.37
Wartburg	TN	36.10	-84.59
Wartrace	TN	35.53	-86.33
Watauga	TN	36.37	-82.29
Watertown	TN	36.10	-86.14
Waverly	TN	36.09	-87.78
Waynesboro	TN	35.32	-87.76
Westmoreland	TN	36.57	-86.24
Westpoint	TN	35.13	-87.54
White Bluff	TN	36.10	-87.21
White House	TN	36.46	-86.67
White Pine	TN	36.10	-83.29
Whiteside	TN	34.99	-85.49
Whiteville	TN	35.32	-89.15
Whitlock	TN	36.37	-88.36
Whitwell	TN	35.19	-85.52
Wildersville	TN	35.78	-88.36
Wildwood	TN	35.80	-83.87
Wildwood Lake	TN	35.09	-84.85
Williston	TN	35.16	-89.38
Winchester	TN	35.19	-86.10
Winfield	TN	36.56	-84.45
Woodbury	TN	35.82	-86.07
Woodland Mills	TN	36.48	-89.11
Wrigley	TN	35.90	-87.35
Wynnburg	TN	36.33	-89.47
Yorkville	TN	36.10	-89.12
Yuma	TN	35.84	-88.34
Abbott	TX	31.89	-97.07
Abernathy	TX	33.83	-101.85
Abilene	TX	32.45	-99.74
Abram	TX	26.21	-98.41
Acala	TX	31.33	-105.90
Ackerly	TX	32.53	-101.72
Addison	TX	32.96	-96.83
Adrian	TX	35.27	-102.67
Agua Dulce	TX	31.65	-106.14
Aguilares	TX	27.45	-99.09
Airport Heights	TX	26.41	-98.84
Airport Road Addition	TX	27.22	-98.10
Alamo	TX	26.18	-98.12
Alamo Beach	TX	28.57	-96.56
Alamo Heights	TX	29.48	-98.47
Alanreed	TX	35.21	-100.73
Alba	TX	32.79	-95.63
Albany	TX	32.73	-99.30
Aldine	TX	29.91	-95.38
Aledo	TX	32.70	-97.61
Alfred	TX	27.87	-97.98
Alice	TX	27.76	-98.07
Alice Acres	TX	27.71	-98.11
Allen	TX	33.11	-96.67
Allison	TX	35.61	-100.11
Alma	TX	32.28	-96.54
Alpine	TX	30.36	-103.66
Alto	TX	31.65	-95.07
Alto Bonito Heights	TX	26.32	-98.64
Alton	TX	26.29	-98.31
Alvarado	TX	32.41	-97.22
Alvin	TX	29.42	-95.22
Alvord	TX	33.36	-97.70
Amada Acres	TX	26.34	-98.74
Amargosa	TX	27.89	-98.11
Amarillo	TX	35.20	-101.83
Amaya	TX	28.71	-99.84
Ames	TX	30.05	-94.74
Amherst	TX	34.01	-102.41
Amistad	TX	29.52	-101.15
Anacua	TX	26.39	-98.92
Anahuac	TX	29.77	-94.68
Anderson	TX	30.49	-95.99
Andrews	TX	32.32	-102.55
Angleton	TX	29.17	-95.43
Angus	TX	32.00	-96.43
Anna	TX	33.35	-96.55
Annetta	TX	32.70	-97.67
Annetta North	TX	32.71	-97.64
Annetta South	TX	32.67	-97.62
Annona	TX	33.58	-94.91
Anson	TX	32.75	-99.90
Anthony	TX	31.99	-106.60
Anton	TX	33.81	-102.16
Appleby	TX	31.72	-94.61
Aquilla	TX	31.85	-97.22
Aransas Pass	TX	27.91	-97.10
Archer City	TX	33.59	-98.63
Arcola	TX	29.50	-95.47
Argyle	TX	33.11	-97.18
Arlington	TX	32.70	-97.12
Arp	TX	32.23	-95.05
Arroyo Colorado Estates	TX	26.19	-97.61
Arroyo Gardens	TX	26.20	-97.50
Asherton	TX	28.45	-99.76
Aspermont	TX	33.14	-100.22
Atascocita	TX	29.98	-95.19
Athens	TX	32.20	-95.83
Atlanta	TX	33.11	-94.17
Aubrey	TX	33.31	-96.98
Aurora	TX	33.06	-97.51
Austin	TX	30.30	-97.75
Austwell	TX	28.39	-96.84
Avery	TX	33.55	-94.78
Avinger	TX	32.90	-94.55
Azle	TX	32.90	-97.54
B and E	TX	26.36	-98.75
Bacliff	TX	29.51	-94.99
Bailey	TX	33.43	-96.17
Bailey's Prairie	TX	29.15	-95.50
Baird	TX	32.40	-99.40
Balch Springs	TX	32.71	-96.62
Balcones Heights	TX	29.49	-98.55
Ballinger	TX	31.74	-99.96
Balmorhea	TX	30.98	-103.74
Bandera	TX	29.73	-99.07
Bangs	TX	31.72	-99.13
Banquete	TX	27.80	-97.80
Bardwell	TX	32.27	-96.70
Barksdale	TX	29.73	-100.03
Barrera	TX	26.39	-98.90
Barrett	TX	29.87	-95.05
Barry	TX	32.10	-96.64
Barstow	TX	31.46	-103.40
Bartlett	TX	30.79	-97.43
Barton Creek	TX	30.28	-97.87
Bartonville	TX	33.08	-97.15
Bastrop	TX	30.11	-97.32
Batesville	TX	28.95	-99.63
Bay City	TX	28.98	-95.96
Bayou Vista	TX	29.33	-94.94
Bayside	TX	28.10	-97.21
Baytown	TX	29.76	-94.97
Bayview	TX	26.13	-97.40
Beach City	TX	29.74	-94.85
Bear Creek	TX	30.18	-97.94
Bear Creek Ranch	TX	32.56	-96.76
Beasley	TX	29.49	-95.92
Beaumont	TX	30.08	-94.15
Beauxart Gardens	TX	29.96	-94.04
Beaver Creek	TX	30.45	-96.56
Beckville	TX	32.24	-94.46
Bedford	TX	32.85	-97.14
Bedias	TX	30.78	-95.94
Bee Cave	TX	30.31	-97.96
Beeville	TX	28.41	-97.75
Bellaire	TX	29.70	-95.46
Bellevue	TX	33.63	-98.02
Bellmead	TX	31.60	-97.09
Bells	TX	33.62	-96.41
Bellville	TX	29.95	-96.26
Belterra	TX	30.19	-97.98
Belton	TX	31.05	-97.48
Ben Arnold	TX	30.95	-96.96
Ben Bolt	TX	27.67	-98.10
Ben Wheeler	TX	32.45	-95.70
Benavides	TX	27.60	-98.41
Benbrook	TX	32.68	-97.46
Benjamin	TX	33.58	-99.79
Benjamin Perez	TX	26.41	-98.90
Berryville	TX	32.09	-95.47
Bertram	TX	30.74	-98.07
Beverly Hills	TX	31.52	-97.16
Bevil Oaks	TX	30.15	-94.27
Big Lake	TX	31.19	-101.45
Big Sandy	TX	32.59	-95.11
Big Spring	TX	32.24	-101.49
Big Thicket Lake Estates	TX	30.49	-94.77
Big Wells	TX	28.57	-99.57
Bigfoot	TX	29.06	-98.85
Bishop	TX	27.59	-97.80
Bishop Hills	TX	35.26	-101.95
Bivins	TX	33.02	-94.19
Bixby	TX	26.14	-97.85
Blackwell	TX	32.09	-100.32
Blanco	TX	30.10	-98.42
Blanket	TX	31.82	-98.79
Bledsoe	TX	33.62	-103.02
Blessing	TX	28.87	-96.22
Bloomburg	TX	33.14	-94.06
Blooming Grove	TX	32.09	-96.72
Bloomington	TX	28.65	-96.90
Blossom	TX	33.66	-95.38
Blue Berry Hill	TX	28.39	-97.79
Blue Mound	TX	32.85	-97.34
Blue Ridge	TX	33.30	-96.40
Bluetown	TX	26.07	-97.82
Bluff Dale	TX	32.35	-98.02
Blum	TX	32.14	-97.40
Boerne	TX	29.78	-98.73
Bogata	TX	33.47	-95.21
Boling	TX	29.25	-95.94
Bolivar Peninsula	TX	29.49	-94.57
Bonanza Hills	TX	27.79	-99.47
Bonham	TX	33.59	-96.19
Bonney	TX	29.30	-95.45
Booker	TX	36.46	-100.54
Borger	TX	35.66	-101.40
Botines	TX	27.77	-99.46
Bovina	TX	34.52	-102.88
Bowie	TX	33.56	-97.85
Box Canyon	TX	29.53	-101.16
Boyd	TX	33.08	-97.56
Boys Ranch	TX	35.54	-102.25
Brackettville	TX	29.32	-100.41
Brady	TX	31.12	-99.35
Brazoria	TX	29.04	-95.56
Brazos	TX	32.66	-98.12
Brazos Country	TX	29.75	-96.04
Breckenridge	TX	32.76	-98.91
Bremond	TX	31.17	-96.68
Brenham	TX	30.16	-96.40
Briar	TX	33.02	-97.58
Briarcliff	TX	30.41	-98.04
Briaroaks	TX	32.50	-97.30
Bridge City	TX	30.03	-93.84
Bridgeport	TX	33.21	-97.77
Briggs	TX	30.89	-97.92
Bristol	TX	32.44	-96.57
Broaddus	TX	31.30	-94.27
Bronte	TX	31.89	-100.30
Brookshire	TX	29.78	-95.95
Brookside Village	TX	29.59	-95.32
Brookston	TX	33.62	-95.70
Browndell	TX	31.13	-93.98
Brownfield	TX	33.18	-102.27
Brownsboro	TX	32.30	-95.61
Brownsville	TX	26.00	-97.45
Brownwood	TX	31.71	-98.98
Bruceville-Eddy	TX	31.31	-97.26
Brundage	TX	28.57	-99.67
Bruni	TX	27.43	-98.83
Brushy Creek	TX	30.51	-97.74
Bryan	TX	30.67	-96.38
Bryson	TX	33.17	-98.39
Buchanan Dam	TX	30.82	-98.45
Buchanan Lake Village	TX	30.86	-98.43
Buckholts	TX	30.87	-97.13
Buda	TX	30.08	-97.86
Buena Vista	TX	26.29	-98.61
Buffalo	TX	31.46	-96.07
Buffalo Gap	TX	32.28	-99.83
Buffalo Springs	TX	33.53	-101.70
Bullard	TX	32.14	-95.32
Bulverde	TX	29.77	-98.43
Buna	TX	30.44	-93.96
Bunker Hill Village	TX	29.76	-95.53
Burkburnett	TX	34.07	-98.57
Burke	TX	31.24	-94.76
Burleson	TX	32.52	-97.33
Burlington	TX	31.00	-96.99
Burnet	TX	30.75	-98.24
Burton	TX	30.19	-96.60
Bushland	TX	35.20	-102.06
Butterfield	TX	31.84	-106.08
Byers	TX	34.07	-98.19
Bynum	TX	31.97	-97.00
Cactus	TX	36.04	-102.01
Caddo Mills	TX	33.07	-96.23
Cade Lakes	TX	30.52	-96.77
Caldwell	TX	30.53	-96.70
Callender Lake	TX	32.36	-95.70
Callisburg	TX	33.70	-97.02
Calvert	TX	30.98	-96.67
Camargito	TX	26.35	-98.74
Cameron	TX	30.86	-96.98
Cameron Park	TX	25.97	-97.48
Camp Swift	TX	30.19	-97.29
Camp Wood	TX	29.67	-100.01
Campbell	TX	33.15	-95.95
Campo Verde	TX	26.39	-98.91
Canadian	TX	35.91	-100.38
Caney City	TX	32.21	-96.04
Canton	TX	32.55	-95.86
Cantu Addition	TX	27.20	-98.16
Canutillo	TX	31.92	-106.60
Canyon	TX	34.99	-101.92
Canyon Creek	TX	32.39	-97.74
Canyon Lake	TX	29.88	-98.26
Cape Royale	TX	30.65	-95.13
Carbon	TX	32.27	-98.83
Carl's Corner	TX	32.08	-97.05
Carlsbad	TX	31.61	-100.64
Carlton	TX	31.92	-98.17
Carmine	TX	30.15	-96.69
Carrizo Hill	TX	28.51	-99.83
Carrizo Springs	TX	28.53	-99.86
Carrollton	TX	32.99	-96.90
Carter	TX	32.92	-97.74
Carthage	TX	32.15	-94.34
Casa Blanca	TX	26.30	-98.61
Casas	TX	26.48	-98.93
Cashion Community	TX	34.04	-98.51
Castle Hills	TX	29.52	-98.52
Castroville	TX	29.36	-98.85
Catarina	TX	28.35	-99.62
Cedar Creek	TX	30.08	-97.51
Cedar Hill	TX	32.58	-96.96
Cedar Park	TX	30.51	-97.82
Cedar Point	TX	30.80	-95.08
Celeste	TX	33.29	-96.19
Celina	TX	33.33	-96.79
Center	TX	31.79	-94.18
Center Point	TX	29.93	-99.05
Centerville	TX	31.26	-95.98
Central Gardens	TX	29.99	-94.02
Chandler	TX	32.31	-95.47
Channelview	TX	29.79	-95.11
Channing	TX	35.68	-102.33
Chaparrito	TX	26.34	-98.74
Chapeno	TX	26.55	-99.13
Charlotte	TX	28.86	-98.70
Chester	TX	30.92	-94.60
Chico	TX	33.30	-97.80
Childress	TX	34.44	-100.28
Chillicothe	TX	34.26	-99.51
Chilton	TX	31.29	-97.06
China	TX	30.04	-94.34
China Grove	TX	29.39	-98.35
China Spring	TX	31.65	-97.30
Chireno	TX	31.50	-94.35
Christine	TX	28.79	-98.50
Christoval	TX	31.20	-100.49
Chula Vista	TX	28.66	-100.42
Cibolo	TX	29.57	-98.22
Cienegas Terrace	TX	29.37	-100.94
Cinco Ranch	TX	29.74	-95.76
Circle D-KC Estates	TX	30.16	-97.24
Cisco	TX	32.39	-98.98
Citrus City	TX	26.33	-98.39
Clarendon	TX	34.94	-100.89
Clarksville	TX	33.61	-95.06
Clarksville City	TX	32.53	-94.89
Claude	TX	35.11	-101.36
Clay	TX	30.39	-96.34
Clear Lake Shores	TX	29.54	-95.03
Cleburne	TX	32.35	-97.41
Cleveland	TX	30.34	-95.09
Clifton	TX	31.78	-97.58
Clint	TX	31.59	-106.23
Cloverleaf	TX	29.79	-95.18
Clute	TX	29.03	-95.40
Clyde	TX	32.41	-99.50
Coahoma	TX	32.30	-101.31
Cockrell Hill	TX	32.74	-96.89
Coffee City	TX	32.13	-95.47
Coldspring	TX	30.59	-95.13
Coleman	TX	31.83	-99.42
College Station	TX	30.59	-96.30
Colleyville	TX	32.89	-97.15
Collinsville	TX	33.56	-96.91
Colmesneil	TX	30.91	-94.42
Colorado Acres	TX	27.64	-99.21
Colorado City	TX	32.40	-100.86
Columbus	TX	29.70	-96.56
Comanche	TX	31.90	-98.60
Combes	TX	26.25	-97.73
Combine	TX	32.59	-96.52
Comfort	TX	29.97	-98.90
Commerce	TX	33.24	-95.90
Como	TX	33.06	-95.48
Concepcion	TX	27.40	-98.36
Conroe	TX	30.33	-95.48
Converse	TX	29.51	-98.30
Cool	TX	32.80	-98.01
Coolidge	TX	31.75	-96.65
Cooper	TX	33.37	-95.69
Coppell	TX	32.96	-96.99
Copper Canyon	TX	33.10	-97.10
Copperas Cove	TX	31.12	-97.91
Corinth	TX	33.14	-97.07
Corpus Christi	TX	27.75	-97.17
Corral City	TX	33.10	-97.23
Corrigan	TX	31.00	-94.83
Corsicana	TX	32.08	-96.47
Cottonwood	TX	32.45	-96.40
Cottonwood Shores	TX	30.56	-98.33
Cotulla	TX	28.44	-99.24
Coupland	TX	30.46	-97.39
Cove	TX	29.81	-94.81
Covington	TX	32.18	-97.26
Coyanosa	TX	31.24	-103.06
Coyote Acres	TX	27.71	-98.13
Coyote Flats	TX	32.36	-97.29
Crandall	TX	32.63	-96.43
Crane	TX	31.39	-102.35
Cranfills Gap	TX	31.77	-97.83
Crawford	TX	31.54	-97.45
Creedmoor	TX	30.07	-97.74
Cresson	TX	32.53	-97.62
Crockett	TX	31.32	-95.46
Crosby	TX	29.92	-95.06
Crosbyton	TX	33.64	-101.24
Cross Mountain	TX	29.65	-98.67
Cross Plains	TX	32.13	-99.17
Cross Roads	TX	33.22	-97.00
Cross Timber	TX	32.48	-97.33
Crowell	TX	33.98	-99.72
Crowley	TX	32.58	-97.36
Crystal City	TX	28.69	-99.83
Cuero	TX	29.10	-97.29
Cuevitas	TX	26.26	-98.58
Cumby	TX	33.14	-95.84
Cumings	TX	29.59	-95.80
Cuney	TX	32.04	-95.41
Cushing	TX	31.81	-94.84
Cut and Shoot	TX	30.34	-95.35
CÃ©sar ChÃ¡vez	TX	26.31	-98.11
D'Hanis	TX	29.33	-99.27
DISH	TX	33.13	-97.31
Daingerfield	TX	33.03	-94.73
Daisetta	TX	30.11	-94.64
Dalhart	TX	36.06	-102.51
Dallas	TX	32.79	-96.77
Dalworthington Gardens	TX	32.69	-97.16
Damon	TX	29.28	-95.74
Danbury	TX	29.23	-95.35
Darrouzett	TX	36.45	-100.32
Dawson	TX	31.89	-96.71
Dayton	TX	30.01	-94.94
Dayton Lakes	TX	30.14	-94.82
De Kalb	TX	33.51	-94.62
De Leon	TX	32.11	-98.54
DeCordova	TX	32.43	-97.69
DeSoto	TX	32.60	-96.86
Dean	TX	33.92	-98.40
Deanville	TX	30.43	-96.76
Decatur	TX	33.23	-97.59
Deer Park	TX	29.69	-95.12
Deerwood	TX	30.32	-95.30
Del Mar Heights	TX	26.06	-97.42
Del Rio	TX	29.37	-100.88
Del Sol	TX	28.01	-97.52
Dell City	TX	31.93	-105.20
Delmita	TX	26.69	-98.42
Denison	TX	33.77	-96.58
Dennis	TX	32.61	-97.94
Denton	TX	33.22	-97.14
Denver City	TX	32.97	-102.83
Deport	TX	33.53	-95.32
Detroit	TX	33.66	-95.27
Devers	TX	30.03	-94.59
Devine	TX	29.15	-98.90
Deweyville	TX	30.30	-93.77
Diboll	TX	31.19	-94.78
Dickens	TX	33.62	-100.84
Dickinson	TX	29.45	-95.06
Dilley	TX	28.67	-99.18
Dime Box	TX	30.35	-96.82
Dimmitt	TX	34.55	-102.31
Dodd City	TX	33.58	-96.08
Dodson	TX	34.77	-100.02
Doffing	TX	26.28	-98.39
Domino	TX	33.26	-94.11
Donna	TX	26.16	-98.04
Doolittle	TX	26.36	-98.12
Dorchester	TX	33.53	-96.69
Double Horn	TX	30.50	-98.22
Double Oak	TX	33.06	-97.11
Douglassville	TX	33.19	-94.35
Driftwood	TX	30.13	-98.04
Dripping Springs	TX	30.20	-98.09
Driscoll	TX	27.67	-97.75
Dublin	TX	32.09	-98.34
Dumas	TX	35.86	-101.96
Duncanville	TX	32.65	-96.91
E. Lopez	TX	26.31	-98.64
Eagle Lake	TX	29.59	-96.33
Eagle Pass	TX	28.71	-100.48
Early	TX	31.74	-98.94
Earth	TX	34.23	-102.41
East Alto Bonito	TX	26.30	-98.64
East Bernard	TX	29.52	-96.06
East Columbia	TX	29.14	-95.61
East Mountain	TX	32.59	-94.86
East Tawakoni	TX	32.91	-95.93
Eastland	TX	32.40	-98.82
Easton	TX	32.38	-94.59
Ector	TX	33.58	-96.27
Edcouch	TX	26.29	-97.96
Eden	TX	31.22	-99.84
Edgecliff Village	TX	32.66	-97.34
Edgewater Estates	TX	28.10	-97.86
Edgewood	TX	32.69	-95.88
Edinburg	TX	26.32	-98.16
Edmonson	TX	34.28	-101.90
Edna	TX	28.98	-96.65
Edom	TX	32.37	-95.61
Edroy	TX	27.96	-97.68
Eidson Road	TX	28.67	-100.48
El Brazil	TX	26.47	-98.73
El Camino Angosto	TX	26.11	-97.64
El Campo	TX	29.20	-96.27
El Castillo	TX	26.33	-98.64
El Cenizo	TX	27.33	-99.50
El Chaparral	TX	26.35	-98.77
El Indio	TX	28.51	-100.31
El Lago	TX	29.57	-95.05
El Mesquite	TX	26.38	-98.77
El Paso	TX	31.85	-106.43
El Quiote	TX	26.38	-98.91
El Rancho Vela	TX	26.40	-98.77
El Refugio	TX	26.34	-98.76
El Socio	TX	26.34	-98.64
Elbert	TX	33.27	-99.00
Eldorado	TX	30.86	-100.60
Electra	TX	34.03	-98.92
Elgin	TX	30.35	-97.39
Elias-Fela Solis	TX	26.39	-98.62
Elkhart	TX	31.63	-95.58
Ellinger	TX	29.84	-96.71
Elm Creek	TX	28.78	-100.49
Elmendorf	TX	29.25	-98.32
Elmo	TX	32.74	-96.15
Elsa	TX	26.30	-97.99
Emerald Bay	TX	32.16	-95.44
Emhouse	TX	32.16	-96.58
Emory	TX	32.88	-95.77
Encantada-Ranchito-El Calaboz	TX	26.03	-97.64
Enchanted Oaks	TX	32.27	-96.11
Encinal	TX	28.04	-99.35
Encino	TX	26.94	-98.12
Ennis	TX	32.33	-96.63
Escobares	TX	26.41	-98.96
Estelline	TX	34.55	-100.44
Eugenio Saenz	TX	26.36	-98.63
Euless	TX	32.85	-97.08
Eureka	TX	32.01	-96.27
Eustace	TX	32.31	-96.01
Evadale	TX	30.33	-94.05
Evant	TX	31.48	-98.15
Evergreen	TX	26.42	-99.02
Everman	TX	32.63	-97.28
Fabens	TX	31.51	-106.15
Fabrica	TX	28.74	-100.49
Fair Oaks Ranch	TX	29.75	-98.64
Fairchilds	TX	29.44	-95.78
Fairfield	TX	31.72	-96.17
Fairview	TX	33.14	-96.61
Falcon Heights	TX	26.56	-99.12
Falcon Lake Estates	TX	26.87	-99.26
Falcon Mesa	TX	26.87	-99.29
Falcon Village	TX	26.57	-99.13
Falconaire	TX	26.55	-99.12
Falfurrias	TX	27.22	-98.15
Falls City	TX	28.98	-98.02
Falman	TX	27.93	-97.17
Fannett	TX	29.93	-94.24
Farmers Branch	TX	32.93	-96.88
Farmersville	TX	33.16	-96.36
Farnsworth	TX	36.31	-100.97
Farwell	TX	34.39	-103.04
Fate	TX	32.94	-96.39
Fayetteville	TX	29.91	-96.68
Fernando Salinas	TX	26.40	-98.83
Ferris	TX	32.54	-96.68
Fifth Street	TX	29.60	-95.55
Flat	TX	31.31	-97.62
Flatonia	TX	29.69	-97.11
Flor del Rio	TX	26.40	-98.90
Florence	TX	30.84	-97.79
Floresville	TX	29.15	-98.17
Flowella	TX	27.22	-98.06
Flower Mound	TX	33.04	-97.11
Floydada	TX	33.98	-101.34
Fluvanna	TX	32.88	-101.14
Follett	TX	36.43	-100.14
Forest Heights	TX	30.24	-93.76
Forest Hill	TX	32.66	-97.27
Forney	TX	32.74	-96.45
Forsan	TX	32.11	-101.37
Fort Bliss	TX	31.84	-106.37
Fort Clark Springs	TX	29.29	-100.43
Fort Davis	TX	30.58	-103.89
Fort Hancock	TX	31.29	-105.85
Fort Hood	TX	31.14	-97.78
Fort Stockton	TX	30.89	-102.88
Fort Worth	TX	32.78	-97.35
Four Corners	TX	29.67	-95.66
Four Points	TX	27.80	-99.45
Fowlerton	TX	28.45	-98.81
Franklin	TX	31.03	-96.49
Frankston	TX	32.06	-95.50
Fredericksburg	TX	30.27	-98.88
Freeport	TX	28.94	-95.36
Freer	TX	27.88	-98.62
Fresno	TX	29.54	-95.47
Friendswood	TX	29.51	-95.20
Friona	TX	34.64	-102.72
Frisco	TX	33.16	-96.82
Fritch	TX	35.64	-101.60
Fronton	TX	26.43	-99.08
Fronton Ranchettes	TX	26.43	-99.03
Frost	TX	32.08	-96.81
Fruitvale	TX	32.68	-95.80
Fulshear	TX	29.69	-95.89
Fulton	TX	28.07	-97.04
Gail	TX	32.77	-101.46
Gainesville	TX	33.64	-97.15
Galena Park	TX	29.75	-95.23
Gallatin	TX	31.90	-95.15
Galveston	TX	29.19	-94.97
Ganado	TX	29.04	-96.51
Garceno	TX	26.41	-98.94
Garciasville	TX	26.32	-98.70
Garden City	TX	31.87	-101.49
Garden Ridge	TX	29.64	-98.29
Gardendale	TX	32.01	-102.36
Garfield	TX	30.20	-97.56
Garland	TX	32.91	-96.63
Garner	TX	32.83	-97.98
Garrett	TX	32.37	-96.65
Garrison	TX	31.83	-94.49
Garwood	TX	29.44	-96.41
Gary City	TX	32.03	-94.37
Garza-Salinas II	TX	26.35	-98.76
Gatesville	TX	31.44	-97.75
Gause	TX	30.79	-96.72
George West	TX	28.33	-98.12
Georgetown	TX	30.67	-97.70
Geronimo	TX	29.67	-97.97
Gholson	TX	31.71	-97.24
Giddings	TX	30.18	-96.93
Gilmer	TX	32.73	-94.95
Girard	TX	33.36	-100.66
Gladewater	TX	32.54	-94.95
Glazier	TX	36.01	-100.27
Glen Rose	TX	32.25	-97.75
Glenn Heights	TX	32.55	-96.85
Glidden	TX	29.70	-96.59
Godley	TX	32.46	-97.53
Goldsmith	TX	31.98	-102.62
Goldthwaite	TX	31.45	-98.57
Goliad	TX	28.67	-97.39
Golinda	TX	31.37	-97.07
Gonzales	TX	29.51	-97.45
Goodlow	TX	32.11	-96.22
Goodrich	TX	30.61	-94.95
Gordon	TX	32.55	-98.37
Goree	TX	33.47	-99.52
Gorman	TX	32.21	-98.67
Graford	TX	32.94	-98.25
Graham	TX	33.10	-98.58
Granbury	TX	32.43	-97.78
Grand Prairie	TX	32.69	-97.02
Grand Saline	TX	32.68	-95.71
Grandfalls	TX	31.34	-102.85
Grandview	TX	32.27	-97.18
Granger	TX	30.72	-97.44
Grangerland	TX	30.25	-95.33
Granite Shoals	TX	30.59	-98.37
Granjeno	TX	26.14	-98.30
Grape Creek	TX	31.58	-100.55
Grapeland	TX	31.49	-95.48
Grapevine	TX	32.93	-97.08
Grays Prairie	TX	32.47	-96.35
Green Valley Farms	TX	26.12	-97.56
Greenville	TX	33.11	-96.11
Gregory	TX	27.92	-97.29
Grey Forest	TX	29.62	-98.68
Groesbeck	TX	31.53	-96.53
Groom	TX	35.21	-101.11
Groves	TX	29.95	-93.92
Groveton	TX	31.06	-95.13
Gruver	TX	36.26	-101.41
Guadalupe Guerra	TX	26.41	-99.08
Guerra	TX	26.88	-98.89
Gun Barrel City	TX	32.33	-96.13
Gunter	TX	33.42	-96.82
Gustine	TX	31.85	-98.40
Guthrie	TX	33.62	-100.33
Gutierrez	TX	26.34	-98.63
H. Cuellar Estates	TX	26.56	-99.13
Hackberry	TX	33.15	-96.92
Hale Center	TX	34.07	-101.85
Hallettsville	TX	29.44	-96.94
Hallsburg	TX	31.54	-96.95
Hallsville	TX	32.50	-94.57
Haltom City	TX	32.82	-97.27
Hamilton	TX	31.70	-98.12
Hamlin	TX	32.89	-100.13
Hamshire	TX	29.85	-94.32
Happy	TX	34.74	-101.86
Hardin	TX	30.15	-94.74
Harding Gill Tract	TX	26.43	-98.02
Hargill	TX	26.44	-98.01
Harker Heights	TX	31.06	-97.64
Harlingen	TX	26.19	-97.70
Harper	TX	30.27	-99.27
Harrold	TX	34.07	-99.03
Hart	TX	34.39	-102.11
Hartley	TX	35.90	-102.40
Harwood	TX	29.67	-97.50
Haskell	TX	33.16	-99.73
Haslet	TX	32.97	-97.34
Havana	TX	26.25	-98.51
Hawk Cove	TX	32.88	-96.08
Hawkins	TX	32.59	-95.20
Hawley	TX	32.61	-99.81
Hays	TX	30.12	-97.87
Hearne	TX	30.88	-96.60
Heartland	TX	32.67	-96.46
Heath	TX	32.85	-96.46
Hebbronville	TX	27.32	-98.69
Hebron	TX	33.05	-96.89
Hedley	TX	34.87	-100.66
Hedwig Village	TX	29.78	-95.52
Heidelberg	TX	26.18	-97.89
Helotes	TX	29.58	-98.68
Hemphill	TX	31.34	-93.85
Hempstead	TX	30.10	-96.08
Henderson	TX	32.16	-94.80
Henrietta	TX	33.81	-98.19
Hereford	TX	34.82	-102.40
Hermleigh	TX	32.64	-100.75
Hewitt	TX	31.45	-97.19
Hickory Creek	TX	33.11	-97.03
Hico	TX	31.99	-98.03
Hidalgo	TX	26.11	-98.25
Hideaway	TX	32.49	-95.46
Higgins	TX	36.12	-100.03
Highland Haven	TX	30.61	-98.40
Highland Park	TX	32.83	-96.80
Highland Village	TX	33.09	-97.06
Highlands	TX	29.81	-95.06
Hill Country Village	TX	29.58	-98.49
Hillcrest Village	TX	29.39	-95.22
Hillsboro	TX	32.01	-97.11
Hillside Acres	TX	27.68	-99.18
Hilltop	TX	28.69	-99.18
Hilltop Lakes	TX	31.06	-96.19
Hilshire Village	TX	29.79	-95.49
Hitchcock	TX	29.28	-95.01
Holiday Beach	TX	28.17	-97.01
Holiday Lakes	TX	29.21	-95.52
Holland	TX	30.89	-97.40
Holliday	TX	33.81	-98.69
Holly Lake Ranch	TX	32.71	-95.20
Hollywood Park	TX	29.60	-98.49
Homestead Meadows North	TX	31.85	-106.17
Homestead Meadows South	TX	31.81	-106.16
Hondo	TX	29.35	-99.16
Honey Grove	TX	33.59	-95.91
Hooks	TX	33.47	-94.29
Horizon City	TX	31.68	-106.19
Hornsby Bend	TX	30.24	-97.59
Horseshoe Bay	TX	30.54	-98.38
Horseshoe Bend	TX	32.58	-97.89
Houston	TX	29.79	-95.39
Howardwick	TX	35.03	-100.91
Howe	TX	33.51	-96.62
Hubbard	TX	31.85	-96.80
Huckabay	TX	32.35	-98.29
Hudson	TX	31.32	-94.78
Hudson Bend	TX	30.41	-97.93
Hudson Oaks	TX	32.75	-97.70
Hughes Springs	TX	33.00	-94.63
Hull	TX	30.15	-94.64
Humble	TX	29.99	-95.26
Hungerford	TX	29.41	-96.09
Hunters Creek Village	TX	29.77	-95.50
Huntington	TX	31.28	-94.58
Huntsville	TX	30.70	-95.55
Hurst	TX	32.84	-97.18
Hutchins	TX	32.64	-96.71
Hutto	TX	30.54	-97.54
Huxley	TX	31.73	-93.87
Iago	TX	29.27	-95.96
Idalou	TX	33.66	-101.68
Iglesia Antigua	TX	26.09	-97.83
Impact	TX	32.50	-99.75
Imperial	TX	31.27	-102.69
Indian Hills	TX	26.21	-97.92
Indian Lake	TX	26.09	-97.50
Indian Springs	TX	30.69	-94.75
Indio	TX	26.55	-99.10
Industry	TX	29.97	-96.50
Inez	TX	28.88	-96.79
Ingleside	TX	27.87	-97.21
Ingleside on the Bay	TX	27.83	-97.22
Ingram	TX	30.08	-99.24
Iola	TX	30.77	-96.08
Iowa Colony	TX	29.44	-95.42
Iowa Park	TX	33.96	-98.68
Iraan	TX	30.91	-101.90
Iredell	TX	31.99	-97.87
Irving	TX	32.86	-96.97
Italy	TX	32.19	-96.89
Itasca	TX	32.16	-97.15
Ivanhoe	TX	30.68	-94.41
J.F. Villareal	TX	26.42	-98.98
Jacinto City	TX	29.77	-95.24
Jacksboro	TX	33.23	-98.16
Jacksonville	TX	31.96	-95.27
Jamaica Beach	TX	29.19	-94.98
Jardin de San Julian	TX	26.53	-99.10
Jarrell	TX	30.81	-97.62
Jasper	TX	30.92	-93.99
Jayton	TX	33.25	-100.57
Jefferson	TX	32.76	-94.35
Jersey Village	TX	29.89	-95.58
Jewett	TX	31.36	-96.15
Joaquin	TX	31.97	-94.05
Johnson City	TX	30.27	-98.41
Jolly	TX	33.88	-98.35
Jones Creek	TX	28.97	-95.47
Jonestown	TX	30.48	-97.93
Josephine	TX	33.06	-96.32
Joshua	TX	32.46	-97.38
Jourdanton	TX	28.91	-98.54
Juarez	TX	26.20	-97.73
Junction	TX	30.49	-99.77
Justin	TX	33.08	-97.31
K-Bar Ranch	TX	27.99	-97.93
Karnes City	TX	28.89	-97.90
Katy	TX	29.79	-95.84
Kaufman	TX	32.58	-96.32
Keene	TX	32.40	-97.32
Keller	TX	32.93	-97.22
Kemah	TX	29.53	-95.02
Kemp	TX	32.43	-96.22
Kempner	TX	31.08	-97.97
Kendleton	TX	29.44	-96.01
Kenedy	TX	28.81	-97.85
Kenefick	TX	30.10	-94.84
Kennard	TX	31.36	-95.19
Kennedale	TX	32.64	-97.22
Kerens	TX	32.13	-96.23
Kermit	TX	31.85	-103.09
Kerrville	TX	30.04	-99.13
Kilgore	TX	32.40	-94.86
Killeen	TX	31.08	-97.73
Kingsbury	TX	29.65	-97.82
Kingsland	TX	30.67	-98.45
Kingsville	TX	27.51	-97.86
Kirby	TX	29.46	-98.39
Kirbyville	TX	30.66	-93.90
Kirvin	TX	31.77	-96.33
Knippa	TX	29.30	-99.63
Knollwood	TX	33.69	-96.62
Knox City	TX	33.42	-99.82
Kopperl	TX	32.07	-97.50
Kosse	TX	31.31	-96.63
Kountze	TX	30.37	-94.32
Kress	TX	34.37	-101.75
Krugerville	TX	33.28	-96.99
Krum	TX	33.27	-97.22
Kurten	TX	30.79	-96.28
Kyle	TX	29.99	-97.88
La Blanca	TX	26.30	-98.03
La Carla	TX	26.44	-98.74
La Casita	TX	26.34	-98.73
La Chuparosa	TX	26.40	-98.93
La Coma	TX	27.50	-99.30
La Coma Heights	TX	26.44	-98.07
La Escondida	TX	26.38	-98.87
La Esperanza	TX	26.43	-98.89
La Feria	TX	26.15	-97.83
La Feria North	TX	26.18	-97.82
La Grange	TX	29.91	-96.88
La Grulla	TX	26.27	-98.65
La Homa	TX	26.28	-98.36
La Joya	TX	26.26	-98.48
La Loma de Falcon	TX	26.54	-99.10
La Marque	TX	29.37	-94.99
La Minita	TX	26.50	-99.07
La Moca Ranch	TX	27.90	-99.51
La Paloma	TX	26.05	-97.66
La Paloma Addition	TX	28.02	-97.50
La Paloma Ranchettes	TX	26.31	-98.62
La Paloma-Lost Creek	TX	27.72	-97.74
La Porte	TX	29.67	-95.05
La Presa	TX	27.40	-99.43
La Pryor	TX	28.95	-99.85
La Puerta	TX	26.35	-98.75
La Rosita	TX	26.40	-98.93
La Tina Ranch	TX	26.20	-97.48
La Vernia	TX	29.35	-98.13
La Victoria	TX	26.35	-98.63
La Villa	TX	26.30	-97.93
La Ward	TX	28.85	-96.46
LaCoste	TX	29.31	-98.81
Lackland AFB	TX	29.39	-98.62
Lacy-Lakeview	TX	31.63	-97.11
Ladonia	TX	33.43	-95.95
Lago	TX	26.09	-97.61
Lago Vista	TX	30.45	-97.99
Laguna Heights	TX	26.08	-97.26
Laguna Park	TX	31.86	-97.38
Laguna Seca	TX	26.28	-97.93
Laguna Vista	TX	26.11	-97.30
Lake Bridgeport	TX	33.21	-97.83
Lake Brownwood	TX	31.82	-99.11
Lake Bryan	TX	30.71	-96.47
Lake Cherokee	TX	32.36	-94.65
Lake City	TX	28.08	-97.88
Lake Colorado City	TX	32.35	-100.94
Lake Dallas	TX	33.13	-97.02
Lake Dunlap	TX	29.67	-98.08
Lake Jackson	TX	29.05	-95.45
Lake Kiowa	TX	33.57	-97.01
Lake Medina Shores	TX	29.64	-98.99
Lake Meredith Estates	TX	35.66	-101.60
Lake Tanglewood	TX	35.06	-101.78
Lake View	TX	29.46	-100.95
Lake Worth	TX	32.81	-97.43
Lakehills	TX	29.63	-98.94
Lakeport	TX	32.41	-94.71
Lakeshore Gardens-Hidden Acres	TX	28.13	-97.87
Lakeside	TX	32.82	-97.48
Lakeside City	TX	33.83	-98.54
Lakeview	TX	34.67	-100.70
Lakeway	TX	30.35	-97.99
Lakewood Village	TX	33.14	-96.98
Lamar	TX	28.14	-96.99
Lamesa	TX	32.73	-101.95
Lamkin	TX	31.82	-98.26
Lampasas	TX	31.06	-98.18
Lancaster	TX	32.60	-96.77
Lantana	TX	33.09	-97.12
Laredo	TX	27.56	-99.49
Laredo Ranchettes	TX	27.49	-99.36
Laredo Ranchettes West	TX	27.49	-99.37
Las Haciendas	TX	27.63	-99.20
Las Lomas	TX	26.36	-98.77
Las Lomitas	TX	27.34	-98.66
Las Palmas	TX	26.95	-99.28
Las Palmas II	TX	26.20	-97.74
Las Pilas	TX	27.68	-99.18
Las Quintas Fronterizas	TX	28.69	-100.47
Lasana	TX	26.26	-97.69
Lasara	TX	26.46	-97.91
Latexo	TX	31.39	-95.48
Laughlin AFB	TX	29.36	-100.78
Laureles	TX	26.12	-97.49
Lavon	TX	33.02	-96.44
Lawn	TX	32.14	-99.75
League City	TX	29.49	-95.11
Leakey	TX	29.73	-99.76
Leander	TX	30.57	-97.86
Leary	TX	33.47	-94.21
Lefors	TX	35.44	-100.80
Lelia Lake	TX	34.90	-100.77
Leming	TX	29.07	-98.47
Leon Valley	TX	29.50	-98.61
Leona	TX	31.15	-95.98
Leonard	TX	33.38	-96.25
Leroy	TX	31.73	-97.02
Levelland	TX	33.58	-102.36
Lewisville	TX	33.05	-96.97
Lexington	TX	30.41	-97.01
Liberty	TX	30.04	-94.79
Liberty City	TX	32.45	-94.94
Liberty Hill	TX	30.66	-97.91
Lindale	TX	32.49	-95.41
Linden	TX	33.01	-94.36
Lindsay	TX	33.64	-97.22
Lingleville	TX	32.24	-98.38
Linn	TX	26.56	-98.13
Lipan	TX	32.52	-98.05
Lipscomb	TX	36.22	-100.26
Little Cypress	TX	30.18	-93.76
Little Elm	TX	33.19	-96.92
Little River-Academy	TX	30.98	-97.35
Littlefield	TX	33.92	-102.33
Live Oak	TX	29.56	-98.34
Liverpool	TX	29.30	-95.27
Livingston	TX	30.71	-94.94
Llano	TX	30.75	-98.68
Llano Grande	TX	26.13	-97.97
Lockett	TX	34.08	-99.37
Lockhart	TX	29.88	-97.68
Lockney	TX	34.12	-101.44
Log Cabin	TX	32.22	-96.02
Lolita	TX	28.83	-96.54
Loma Grande	TX	28.72	-99.83
Loma Linda	TX	28.01	-97.50
Loma Linda East	TX	27.77	-98.19
Loma Linda West	TX	26.42	-98.93
Loma Vista	TX	26.42	-98.98
Lometa	TX	31.22	-98.39
Lone Oak	TX	33.00	-95.94
Lone Star	TX	32.94	-94.71
Longoria	TX	26.30	-98.64
Longview	TX	32.52	-94.76
Loop	TX	32.91	-102.41
Lopezville	TX	26.25	-98.15
LopeÃ±o	TX	26.71	-99.10
Loraine	TX	32.41	-100.71
Lorena	TX	31.38	-97.21
Lorenzo	TX	33.67	-101.54
Los Altos	TX	27.49	-99.39
Los Alvarez	TX	26.39	-98.90
Los Angeles	TX	26.49	-97.79
Los Arcos	TX	27.61	-99.21
Los Arrieros	TX	26.52	-99.08
Los Barreras	TX	26.39	-98.92
Los Centenarios	TX	27.61	-99.21
Los Corralitos	TX	27.64	-99.56
Los Ebanos	TX	26.24	-98.55
Los Fresnos	TX	26.07	-97.49
Los Huisaches	TX	27.91	-99.48
Los Indios	TX	26.05	-97.73
Los Lobos	TX	26.61	-99.16
Los Minerales	TX	27.66	-99.62
Los Nopalitos	TX	27.62	-99.21
Los Veteranos I	TX	27.63	-99.22
Los Veteranos II	TX	27.77	-99.44
Los Ybanez	TX	32.72	-101.92
Lost Creek	TX	30.30	-97.85
Lott	TX	31.21	-97.03
Louise	TX	29.11	-96.41
Lovelady	TX	31.13	-95.45
Loving	TX	33.26	-98.52
Lowry Crossing	TX	33.17	-96.54
Lozano	TX	26.19	-97.54
Lubbock	TX	33.56	-101.89
Lucas	TX	33.10	-96.58
Lueders	TX	32.80	-99.62
Lufkin	TX	31.32	-94.73
Luling	TX	29.68	-97.65
Lumberton	TX	30.25	-94.21
Lyford	TX	26.41	-97.79
Lyons	TX	30.41	-96.54
Lytle	TX	29.23	-98.79
Mabank	TX	32.37	-96.11
Macdona	TX	29.32	-98.70
Madisonville	TX	30.95	-95.91
Magnolia	TX	30.21	-95.74
Magnolia Beach	TX	28.56	-96.55
Malakoff	TX	32.17	-96.02
Malone	TX	31.92	-96.89
Manchaca	TX	30.14	-97.84
Manor	TX	30.35	-97.56
Mansfield	TX	32.57	-97.12
Manuel Garcia	TX	26.33	-98.70
Manuel Garcia II	TX	26.31	-98.69
Manvel	TX	29.49	-95.36
Marathon	TX	30.22	-103.24
Marble Falls	TX	30.56	-98.28
Marfa	TX	30.31	-104.03
Marietta	TX	33.17	-94.54
Marion	TX	29.57	-98.14
Markham	TX	28.96	-96.06
Marlin	TX	31.31	-96.89
Marquez	TX	31.24	-96.26
Marshall	TX	32.54	-94.35
Mart	TX	31.54	-96.83
Martindale	TX	29.84	-97.84
Martinez	TX	26.42	-98.75
Mason	TX	30.75	-99.23
Matador	TX	34.02	-100.82
Matagorda	TX	28.70	-95.97
Mathis	TX	28.09	-97.82
Maud	TX	33.33	-94.35
Mauriceville	TX	30.23	-93.87
May	TX	31.98	-98.92
Maypearl	TX	32.31	-97.01
McAllen	TX	26.22	-98.25
McCamey	TX	31.13	-102.22
McCaulley	TX	32.78	-100.21
McDade	TX	30.28	-97.25
McGregor	TX	31.42	-97.43
McKinney	TX	33.20	-96.66
McKinney Acres	TX	32.30	-102.53
McLean	TX	35.23	-100.60
McLendon-Chisholm	TX	32.85	-96.39
McLeod	TX	32.95	-94.08
McQueeney	TX	29.60	-98.05
Meadow	TX	33.34	-102.21
Meadowlakes	TX	30.56	-98.30
Meadows Place	TX	29.65	-95.59
Medina	TX	26.94	-99.26
Megargel	TX	33.45	-98.93
Melissa	TX	33.29	-96.56
Melvin	TX	31.20	-99.58
Memphis	TX	34.73	-100.54
Menard	TX	30.92	-99.78
Mentone	TX	31.71	-103.60
Mercedes	TX	26.15	-97.91
Meridian	TX	31.93	-97.65
Merkel	TX	32.47	-100.01
Mertens	TX	32.06	-96.89
Mertzon	TX	31.26	-100.82
Mesquite	TX	32.76	-96.58
Mexia	TX	31.68	-96.48
Mi Ranchito Estate	TX	26.39	-98.87
Miami	TX	35.69	-100.64
Midfield	TX	28.94	-96.21
Midland	TX	32.02	-102.11
Midlothian	TX	32.47	-96.99
Midway	TX	31.03	-95.76
Midway North	TX	26.19	-98.02
Midway South	TX	26.16	-98.02
Miguel Barrera	TX	26.41	-98.92
Mikes	TX	26.31	-98.63
Mila Doce	TX	26.22	-97.96
Milam	TX	31.45	-93.79
Milano	TX	30.71	-96.85
Mildred	TX	32.05	-96.32
Miles	TX	31.60	-100.19
Milford	TX	32.12	-96.95
Miller's Cove	TX	33.16	-95.12
Millsap	TX	32.75	-98.01
Mineola	TX	32.65	-95.48
Mineral Wells	TX	32.82	-98.08
Mingus	TX	32.54	-98.42
Mirando City	TX	27.44	-99.00
Mission	TX	26.20	-98.33
Mission Bend	TX	29.69	-95.67
Missouri City	TX	29.56	-95.54
Mobeetie	TX	35.53	-100.44
Mobile City	TX	32.92	-96.41
Monahans	TX	31.66	-103.08
Mont Belvieu	TX	29.85	-94.87
Montague	TX	33.67	-97.72
Monte Alto	TX	26.37	-97.97
Montgomery	TX	30.39	-95.69
Moody	TX	31.31	-97.36
Moore	TX	29.06	-99.01
Moore Station	TX	32.19	-95.57
Moraida	TX	26.41	-98.98
Morales-Sanchez	TX	26.79	-99.11
Moran	TX	32.55	-99.17
Morgan	TX	32.02	-97.61
Morgan Farm	TX	28.01	-97.55
Morgan's Point	TX	29.67	-95.00
Morgan's Point Resort	TX	31.15	-97.46
Morning Glory	TX	31.56	-106.21
Morse	TX	36.07	-101.48
Morton	TX	33.72	-102.76
Mosheim	TX	31.63	-97.60
Moulton	TX	29.57	-97.15
Mound	TX	31.35	-97.64
Mount Calm	TX	31.76	-96.88
Mount Enterprise	TX	31.91	-94.68
Mount Pleasant	TX	33.16	-94.97
Mount Vernon	TX	33.18	-95.22
Mountain City	TX	30.04	-97.89
Muenster	TX	33.65	-97.38
Muleshoe	TX	34.23	-102.73
Mullin	TX	31.56	-98.67
Munday	TX	33.45	-99.62
Muniz	TX	26.26	-98.09
Murchison	TX	32.28	-95.76
Murillo	TX	26.26	-98.12
Murphy	TX	33.02	-96.61
Mustang	TX	32.01	-96.43
Mustang Ridge	TX	30.05	-97.70
Myra	TX	33.62	-97.31
Myrtle Springs	TX	32.62	-95.94
Nacogdoches	TX	31.61	-94.65
Nada	TX	29.42	-96.38
Naples	TX	33.20	-94.68
Narciso Pena	TX	26.30	-98.64
Nash	TX	33.45	-94.13
Nassau Bay	TX	29.54	-95.09
Natalia	TX	29.19	-98.85
Navarro	TX	32.00	-96.38
Navasota	TX	30.39	-96.09
Nazareth	TX	34.54	-102.10
Neches	TX	31.87	-95.48
Nederland	TX	29.97	-94.00
Needville	TX	29.39	-95.84
Nesbitt	TX	32.59	-94.45
Netos	TX	26.41	-98.76
Nevada	TX	33.04	-96.37
New Berlin	TX	29.49	-98.11
New Boston	TX	33.46	-94.42
New Braunfels	TX	29.70	-98.12
New Chapel Hill	TX	32.30	-95.17
New Deal	TX	33.73	-101.84
New Fairview	TX	33.11	-97.43
New Falcon	TX	26.64	-99.09
New Home	TX	33.33	-101.91
New Hope	TX	33.21	-96.56
New London	TX	32.27	-94.93
New Summerfield	TX	31.98	-95.11
New Ulm	TX	29.88	-96.50
New Waverly	TX	30.54	-95.48
Newark	TX	33.01	-97.49
Newcastle	TX	33.20	-98.74
Newton	TX	30.85	-93.75
Neylandville	TX	33.20	-96.02
Niederwald	TX	29.99	-97.78
Nina	TX	26.28	-98.58
Nixon	TX	29.27	-97.77
Nocona	TX	33.78	-97.73
Nocona Hills	TX	33.85	-97.63
Nolanville	TX	31.07	-97.61
Nome	TX	30.03	-94.42
Noonday	TX	32.24	-95.40
Nordheim	TX	28.92	-97.61
Normandy	TX	28.91	-100.60
Normangee	TX	31.03	-96.12
Normanna	TX	28.53	-97.78
North Alamo	TX	26.22	-98.13
North Cleveland	TX	30.36	-95.10
North Escobares	TX	26.43	-98.97
North Pearsall	TX	28.92	-99.09
North Richland Hills	TX	32.86	-97.22
North San Pedro	TX	27.80	-97.68
Northlake	TX	33.07	-97.26
Novice	TX	31.99	-99.63
O'Brien	TX	33.38	-99.84
O'Donnell	TX	32.97	-101.83
Oak Grove	TX	32.53	-96.32
Oak Island	TX	29.66	-94.69
Oak Leaf	TX	32.52	-96.85
Oak Point	TX	33.17	-96.99
Oak Ridge	TX	32.63	-96.27
Oak Ridge North	TX	30.16	-95.44
Oak Trail Shores	TX	32.49	-97.83
Oak Valley	TX	32.03	-96.52
Oakhurst	TX	30.74	-95.31
Oakwood	TX	31.58	-95.85
Odem	TX	27.95	-97.59
Odessa	TX	31.88	-102.35
Oglesby	TX	31.42	-97.51
Oilton	TX	27.47	-98.97
Oklaunion	TX	34.13	-99.14
Old River-Winfree	TX	29.87	-94.83
Olivarez	TX	26.23	-97.99
Olivia Lopez de Gutierrez	TX	26.33	-98.72
Olmito	TX	26.03	-97.54
Olmito and Olmito	TX	26.34	-98.64
Olmos Park	TX	29.47	-98.49
Olney	TX	33.36	-98.76
Olton	TX	34.18	-102.14
Omaha	TX	33.18	-94.74
Onalaska	TX	30.82	-95.11
Opdyke West	TX	33.59	-102.30
Orange	TX	30.12	-93.75
Orange Grove	TX	27.96	-97.94
Orason	TX	26.07	-97.45
Orchard	TX	29.60	-95.97
Ore City	TX	32.80	-94.72
Overton	TX	32.28	-94.97
Ovilla	TX	32.54	-96.88
Owl Ranch	TX	27.89	-98.09
Oyster Creek	TX	29.00	-95.33
Ozona	TX	30.71	-101.21
Pablo Pena	TX	26.30	-98.64
Paducah	TX	34.01	-100.30
Paige	TX	30.21	-97.13
Paint Rock	TX	31.51	-99.93
Paisano Park	TX	28.10	-97.86
Palacios	TX	28.71	-96.23
Palestine	TX	31.75	-95.65
Palisades	TX	35.06	-101.80
Palm Valley	TX	26.20	-97.75
Palmer	TX	32.43	-96.67
Palmhurst	TX	26.26	-98.30
Palmview	TX	26.23	-98.38
Palmview South	TX	26.21	-98.38
Palo Blanco	TX	26.39	-98.90
Palo Pinto	TX	32.77	-98.30
Paloma Creek	TX	33.23	-96.94
Paloma Creek South	TX	33.21	-96.93
Pampa	TX	35.55	-100.97
Panhandle	TX	35.35	-101.38
Panorama Village	TX	30.38	-95.49
Pantego	TX	32.71	-97.15
Paradise	TX	33.15	-97.69
Paris	TX	33.67	-95.55
Parker	TX	33.06	-96.63
Pasadena	TX	29.65	-95.15
Pattison	TX	29.82	-95.98
Patton Village	TX	30.20	-95.17
Pawnee	TX	28.65	-98.01
Payne Springs	TX	32.28	-96.07
Pearland	TX	29.56	-95.32
Pearsall	TX	28.89	-99.10
Peaster	TX	32.85	-97.87
Pecan Acres	TX	32.97	-97.48
Pecan Gap	TX	33.44	-95.85
Pecan Grove	TX	29.62	-95.73
Pecan Hill	TX	32.49	-96.78
Pecan Plantation	TX	32.36	-97.65
Pelican Bay	TX	32.92	-97.52
Pena	TX	26.42	-98.97
Pendleton	TX	31.20	-97.32
Penelope	TX	31.85	-96.93
Penitas	TX	26.26	-98.44
Perezville	TX	26.25	-98.40
Perrin	TX	33.03	-98.07
Perryton	TX	36.39	-100.80
Petersburg	TX	33.87	-101.60
Petrolia	TX	34.01	-98.23
Petronila	TX	27.67	-97.63
Pettus	TX	28.62	-97.81
Petty	TX	33.61	-95.80
Pflugerville	TX	30.45	-97.60
Pharr	TX	26.17	-98.19
Pilot Point	TX	33.40	-96.96
Pine Forest	TX	30.18	-94.04
Pine Harbor	TX	32.77	-94.50
Pine Island	TX	30.05	-96.03
Pinebrook	TX	30.31	-95.88
Pinehurst	TX	30.19	-95.70
Pineland	TX	31.25	-93.97
Pinewood Estates	TX	30.17	-94.32
Piney Point Village	TX	29.76	-95.52
Pittsburg	TX	33.00	-94.97
Placedo	TX	28.69	-96.83
Plains	TX	33.19	-102.82
Plainview	TX	34.19	-101.72
Plano	TX	33.05	-96.75
Plantersville	TX	30.33	-95.86
Pleak	TX	29.47	-95.80
Pleasant Hill	TX	31.00	-94.79
Pleasant Valley	TX	33.94	-98.60
Pleasanton	TX	28.96	-98.50
Plum	TX	29.93	-96.98
Plum Grove	TX	30.20	-95.10
Poetry	TX	32.84	-96.26
Point	TX	32.94	-95.86
Point Blank	TX	30.75	-95.21
Point Comfort	TX	28.67	-96.56
Point Venture	TX	30.38	-98.00
Ponder	TX	33.17	-97.30
Port Aransas	TX	27.82	-97.09
Port Arthur	TX	29.90	-93.89
Port Isabel	TX	26.06	-97.25
Port Lavaca	TX	28.62	-96.63
Port Mansfield	TX	26.57	-97.44
Port Neches	TX	29.96	-93.96
Port O'Connor	TX	28.45	-96.42
Porter Heights	TX	30.15	-95.32
Portland	TX	27.89	-97.33
Post	TX	33.19	-101.38
Post Oak Bend	TX	32.64	-96.32
Poteet	TX	29.04	-98.57
Poth	TX	29.07	-98.08
Potosi	TX	32.34	-99.68
Pottsboro	TX	33.77	-96.67
Powderly	TX	33.81	-95.50
Powell	TX	32.11	-96.32
Poynor	TX	32.08	-95.59
Prado Verde	TX	31.89	-106.61
Praesel	TX	30.63	-97.03
Prairie View	TX	30.08	-95.98
Premont	TX	27.36	-98.12
Presidio	TX	29.56	-104.37
Preston	TX	33.87	-96.66
Priddy	TX	31.68	-98.51
Primera	TX	26.22	-97.75
Princeton	TX	33.20	-96.52
Proctor	TX	31.99	-98.43
Progreso	TX	26.10	-97.96
Progreso Lakes	TX	26.07	-97.96
Prosper	TX	33.24	-96.81
Providence Village	TX	33.24	-96.96
Pueblo East	TX	27.67	-99.19
Pueblo Nuevo	TX	27.49	-99.31
Putnam	TX	32.37	-99.20
Pyote	TX	31.54	-103.12
Quail	TX	34.91	-100.38
Quail Creek	TX	28.78	-97.08
Quanah	TX	34.30	-99.74
Queen City	TX	33.15	-94.15
Quemado	TX	28.95	-100.62
Quesada	TX	26.28	-98.58
Quinlan	TX	32.91	-96.13
Quintana	TX	28.92	-95.33
Quitaque	TX	34.37	-101.06
Quitman	TX	32.79	-95.45
Radar Base	TX	28.86	-100.54
Rafael Pena	TX	26.30	-98.64
Ralls	TX	33.68	-101.38
Ramireno	TX	27.01	-99.38
Ramirez-Perez	TX	26.32	-98.69
Ramos	TX	26.43	-99.03
Ranchette Estates	TX	26.48	-97.82
Ranchitos East	TX	27.49	-99.37
Ranchitos Las Lomas	TX	27.63	-99.24
Ranchitos del Norte	TX	26.40	-98.87
Rancho Alegre	TX	27.74	-98.10
Rancho Banquete	TX	27.81	-97.85
Rancho Chico	TX	28.02	-97.50
Rancho Viejo	TX	26.04	-97.56
Ranchos Penitas West	TX	27.67	-99.60
Randolph AFB	TX	29.53	-98.28
Ranger	TX	32.47	-98.68
Rangerville	TX	26.11	-97.74
Rankin	TX	31.23	-101.94
Ransom Canyon	TX	33.53	-101.69
Ratamosa	TX	26.20	-97.84
Ravenna	TX	33.67	-96.24
Raymondville	TX	26.48	-97.78
Realitos	TX	27.45	-98.53
Red Lick	TX	33.49	-94.16
Red Oak	TX	32.51	-96.78
Red Rock	TX	29.96	-97.44
Redfield	TX	31.68	-94.66
Redford	TX	29.43	-104.18
Redland	TX	31.41	-94.72
Redwater	TX	33.36	-94.26
Redwood	TX	29.81	-97.91
Refugio	TX	28.31	-97.27
Regino Ramirez	TX	26.49	-98.93
Reid Hope King	TX	25.92	-97.41
Reklaw	TX	31.87	-94.98
Relampago	TX	26.09	-97.91
Rendon	TX	32.58	-97.24
Reno	TX	32.95	-97.57
Retreat	TX	32.05	-96.48
Rhome	TX	33.08	-97.49
Ricardo	TX	27.42	-97.85
Rice	TX	32.24	-96.50
Rice Tracts	TX	26.06	-97.63
Richards	TX	30.53	-95.85
Richardson	TX	32.97	-96.71
Richland	TX	31.92	-96.42
Richland Hills	TX	32.81	-97.23
Richland Springs	TX	31.27	-98.95
Richmond	TX	29.58	-95.76
Richwood	TX	29.06	-95.40
Riesel	TX	31.48	-96.94
Ringgold	TX	33.81	-97.94
Rio Bravo	TX	27.36	-99.48
Rio Grande City	TX	26.38	-98.82
Rio Hondo	TX	26.23	-97.58
Rio Vista	TX	32.23	-97.37
Rising Star	TX	32.10	-98.97
River Oaks	TX	32.78	-97.40
Rivereno	TX	26.31	-98.64
Riverside	TX	30.85	-95.40
Riviera	TX	27.30	-97.80
Road Runner	TX	33.48	-97.08
Roanoke	TX	33.01	-97.23
Roaring Springs	TX	33.90	-100.86
Robert Lee	TX	31.90	-100.49
Robinson	TX	31.45	-97.12
Robstown	TX	27.79	-97.67
Roby	TX	32.75	-100.38
Rochelle	TX	31.22	-99.21
Rochester	TX	33.31	-99.86
Rock Island	TX	29.51	-96.57
Rockdale	TX	30.66	-97.01
Rockport	TX	28.05	-97.05
Rocksprings	TX	30.02	-100.21
Rockwall	TX	32.92	-96.44
Rockwell Place	TX	35.04	-101.91
Rocky Mound	TX	33.02	-95.02
Rogers	TX	30.93	-97.23
Rollingwood	TX	30.27	-97.79
Roma	TX	26.41	-99.00
Roman Forest	TX	30.18	-95.15
Ropesville	TX	33.41	-102.16
Rosanky	TX	29.95	-97.31
Roscoe	TX	32.44	-100.53
Rose City	TX	30.11	-94.05
Rose Hill Acres	TX	30.19	-94.19
Rosebud	TX	31.08	-96.97
Rosenberg	TX	29.55	-95.82
Rosharon	TX	29.35	-95.45
Rosita	TX	28.63	-100.43
Ross	TX	31.73	-97.11
Rosser	TX	32.46	-96.45
Rotan	TX	32.85	-100.47
Round Mountain	TX	30.39	-98.36
Round Rock	TX	30.53	-97.66
Round Top	TX	30.06	-96.70
Rowena	TX	31.64	-100.05
Rowlett	TX	32.92	-96.55
Roxton	TX	33.55	-95.72
Royse City	TX	32.98	-96.32
Rule	TX	33.18	-99.89
Runaway Bay	TX	33.18	-97.87
Runge	TX	28.89	-97.71
Rusk	TX	31.80	-95.15
Sabinal	TX	29.32	-99.47
Sachse	TX	32.97	-96.58
Sadler	TX	33.68	-96.85
Saginaw	TX	32.87	-97.37
Salado	TX	30.95	-97.53
Salida del Sol Estates	TX	26.33	-98.45
SalineÃ±o	TX	26.52	-99.11
SalineÃ±o North	TX	26.53	-99.09
Sam Rayburn	TX	31.08	-94.03
Sammy Martinez	TX	26.43	-98.75
Samnorwood	TX	35.05	-100.28
San Angelo	TX	31.44	-100.45
San Antonio	TX	29.46	-98.52
San Augustine	TX	31.53	-94.11
San Benito	TX	26.13	-97.64
San Carlos	TX	26.30	-98.06
San Carlos I	TX	27.49	-99.37
San Carlos II	TX	27.49	-99.37
San Diego	TX	27.76	-98.24
San Elizario	TX	31.58	-106.26
San Felipe	TX	29.79	-96.11
San Fernando	TX	26.40	-98.84
San Isidro	TX	26.71	-98.45
San Juan	TX	26.19	-98.15
San Leanna	TX	30.14	-97.82
San Leon	TX	29.49	-94.94
San Marcos	TX	29.87	-97.94
San Patricio	TX	27.98	-97.77
San Pedro	TX	25.98	-97.59
San Perlita	TX	26.50	-97.64
San Saba	TX	31.20	-98.72
San Ygnacio	TX	27.05	-99.42
Sanctuary	TX	32.91	-97.59
Sand Springs	TX	32.28	-101.35
Sanderson	TX	30.15	-102.41
Sandia	TX	28.02	-97.87
Sandoval	TX	26.42	-99.08
Sandy Hollow-Escondidas	TX	27.93	-97.80
Sandy Oaks	TX	29.18	-98.41
Sandy Point	TX	29.40	-95.48
Sanford	TX	35.70	-101.53
Sanger	TX	33.38	-97.17
Sansom Park	TX	32.80	-97.40
Santa Anna	TX	31.74	-99.33
Santa Clara	TX	29.59	-98.16
Santa Cruz	TX	26.35	-98.77
Santa Fe	TX	29.39	-95.10
Santa Maria	TX	26.08	-97.85
Santa Monica	TX	26.37	-97.59
Santa Rita Ranch	TX	30.66	-97.83
Santa Rosa	TX	26.26	-97.83
Santel	TX	26.38	-98.88
Santo	TX	32.61	-98.21
Sargent	TX	28.80	-95.64
Sarita	TX	27.22	-97.80
Savannah	TX	33.23	-96.91
Savoy	TX	33.60	-96.37
Scenic Oaks	TX	29.70	-98.67
Schertz	TX	29.56	-98.25
Schulenburg	TX	29.68	-96.91
Scissors	TX	26.13	-98.05
Scotland	TX	33.65	-98.47
Scottsville	TX	32.54	-94.24
Scurry	TX	32.51	-96.38
Seabrook	TX	29.59	-94.99
Seadrift	TX	28.41	-96.72
Seagoville	TX	32.65	-96.55
Seagraves	TX	32.94	-102.57
Sealy	TX	29.76	-96.16
Sebastian	TX	26.35	-97.80
Seco Mines	TX	28.75	-100.50
Seguin	TX	29.59	-97.97
Seis Lagos	TX	33.07	-96.57
Selma	TX	29.59	-98.32
Seminole	TX	32.72	-102.65
Serenada	TX	30.71	-97.69
Seth Ward	TX	34.22	-101.69
Seven Oaks	TX	30.85	-94.86
Seven Points	TX	32.34	-96.23
Seymour	TX	33.60	-99.26
Shady Hollow	TX	30.16	-97.86
Shady Shores	TX	33.16	-97.03
Shadybrook	TX	32.12	-95.43
Shallowater	TX	33.69	-101.99
Shamrock	TX	35.22	-100.25
Shavano Park	TX	29.58	-98.56
Sheffield	TX	30.69	-101.82
Shelbyville	TX	31.76	-94.08
Sheldon	TX	29.86	-95.13
Shenandoah	TX	30.18	-95.46
Shepherd	TX	30.49	-95.01
Sheridan	TX	29.51	-96.67
Sherman	TX	33.63	-96.63
Sherwood Shores	TX	33.85	-96.81
Shiner	TX	29.43	-97.17
Shiro	TX	30.60	-95.89
Shoreacres	TX	29.62	-95.02
Sienna	TX	29.49	-95.51
Sierra Blanca	TX	31.18	-105.34
Siesta Acres	TX	28.76	-100.49
Siesta Shores	TX	26.85	-99.26
Silsbee	TX	30.35	-94.18
Silverton	TX	34.47	-101.30
Simonton	TX	29.68	-95.97
Sinton	TX	28.04	-97.51
Skellytown	TX	35.57	-101.17
Skidmore	TX	28.27	-97.69
Slaton	TX	33.45	-101.65
Smiley	TX	29.27	-97.64
Smithville	TX	30.01	-97.15
Smyer	TX	33.59	-102.16
Snook	TX	30.49	-96.47
Snyder	TX	32.71	-100.91
Socorro	TX	31.64	-106.26
Solis	TX	26.18	-97.85
Somerset	TX	29.23	-98.66
Somerville	TX	30.35	-96.53
Sonora	TX	30.57	-100.64
Sonterra	TX	30.81	-97.60
Sour Lake	TX	30.14	-94.40
South Alamo	TX	26.15	-98.11
South Fork Estates	TX	27.27	-98.72
South Frydek	TX	29.74	-96.08
South Houston	TX	29.66	-95.23
South La Paloma	TX	27.90	-97.97
South Mountain	TX	31.44	-97.68
South Padre Island	TX	26.12	-97.17
South Point	TX	25.87	-97.38
South Toledo Bend	TX	31.16	-93.60
Southlake	TX	32.95	-97.15
Southmayd	TX	33.62	-96.71
Southside Place	TX	29.71	-95.44
Southwest Sandhill	TX	31.56	-102.91
Spade	TX	33.93	-102.15
Sparks	TX	31.67	-106.24
Spearman	TX	36.20	-101.19
Splendora	TX	30.23	-95.16
Spofford	TX	29.17	-100.41
Spring	TX	30.06	-95.38
Spring Branch	TX	29.88	-98.41
Spring Gardens	TX	27.76	-97.74
Spring Valley Village	TX	29.79	-95.50
Springlake	TX	34.23	-102.31
Springtown	TX	32.97	-97.68
Spur	TX	33.48	-100.85
St. Hedwig	TX	29.42	-98.21
St. Jo	TX	33.70	-97.52
St. Paul	TX	28.09	-97.56
Stafford	TX	29.63	-95.57
Stagecoach	TX	30.14	-95.70
Stamford	TX	33.05	-99.60
Stanton	TX	32.13	-101.79
Staples	TX	29.76	-97.82
Star Harbor	TX	32.19	-96.06
Steiner Ranch	TX	30.37	-97.90
Stephenville	TX	32.21	-98.22
Sterling City	TX	31.84	-100.99
Stinnett	TX	35.82	-101.44
Stockdale	TX	29.24	-97.96
Stockton Bend	TX	32.48	-97.76
Stonewall	TX	30.25	-98.66
Stowell	TX	29.78	-94.37
Stratford	TX	36.34	-102.08
Strawn	TX	32.55	-98.50
Streetman	TX	31.88	-96.33
Study Butte	TX	29.34	-103.54
Sudan	TX	34.07	-102.52
Sugar Land	TX	29.59	-95.63
Sullivan City	TX	26.28	-98.56
Sulphur Springs	TX	33.14	-95.61
Summerfield	TX	34.74	-102.51
Sun Valley	TX	33.67	-95.43
Sundown	TX	33.46	-102.49
Sunnyvale	TX	32.80	-96.56
Sunray	TX	36.02	-101.82
Sunrise Beach Village	TX	30.59	-98.42
Sunrise Shores	TX	32.18	-95.51
Sunset	TX	33.45	-97.77
Sunset Acres	TX	27.79	-99.46
Sunset Valley	TX	30.23	-97.82
Surfside Beach	TX	28.95	-95.28
Sweeny	TX	29.05	-95.70
Sweetwater	TX	32.47	-100.41
Sylvester	TX	32.72	-100.25
Taft	TX	27.98	-97.39
Taft Southwest	TX	27.97	-97.41
Tahoka	TX	33.16	-101.80
Talco	TX	33.36	-95.10
Talty	TX	32.69	-96.40
Tanquecitos South Acres	TX	27.49	-99.38
Tanquecitos South Acres II	TX	27.49	-99.39
Tatum	TX	32.32	-94.52
Taylor	TX	30.57	-97.43
Taylor Lake Village	TX	29.57	-95.06
Taylor Landing	TX	29.87	-94.13
Teague	TX	31.63	-96.28
Tehuacana	TX	31.74	-96.54
Temple	TX	31.10	-97.39
Tenaha	TX	31.94	-94.25
Terlingua	TX	29.29	-103.58
Terrell	TX	32.74	-96.29
Terrell Hills	TX	29.48	-98.45
Texarkana	TX	33.45	-94.09
Texas City	TX	29.43	-94.89
Texhoma	TX	36.49	-101.79
Texline	TX	36.38	-103.02
The Colony	TX	33.09	-96.90
The Hills	TX	30.35	-97.99
The Homesteads	TX	32.48	-97.17
The Woodlands	TX	30.17	-95.51
Thompsons	TX	29.48	-95.64
Thompsonville	TX	27.26	-98.78
Thorndale	TX	30.61	-97.21
Thornton	TX	31.41	-96.57
Thorntonville	TX	31.58	-102.92
Thrall	TX	30.59	-97.30
Three Rivers	TX	28.47	-98.18
Throckmorton	TX	33.18	-99.18
Thunderbird Bay	TX	31.91	-99.02
Tierra Bonita	TX	26.27	-97.83
Tierra Dorada	TX	26.40	-98.92
Tierra Grande	TX	27.70	-97.57
Tierra Verde	TX	27.76	-97.72
Tiki Island	TX	29.30	-94.91
Tilden	TX	28.46	-98.55
Timbercreek Canyon	TX	35.05	-101.82
Timberwood Park	TX	29.70	-98.48
Timpson	TX	31.91	-94.40
Tioga	TX	33.47	-96.92
Tira	TX	33.33	-95.54
Tivoli	TX	28.46	-96.89
Toco	TX	33.65	-95.65
Todd Mission	TX	30.26	-95.83
Tolar	TX	32.39	-97.92
Tom Bean	TX	33.52	-96.48
Tomball	TX	30.10	-95.62
Tool	TX	32.28	-96.17
Tornillo	TX	31.44	-106.10
Tow	TX	30.89	-98.46
Town of Pecos	TX	31.39	-103.53
Toyah	TX	31.31	-103.79
Tradewinds	TX	27.99	-97.26
Travis Ranch	TX	32.80	-96.48
Trent	TX	32.49	-100.12
Trenton	TX	33.43	-96.34
Trinidad	TX	32.16	-96.11
Trinity	TX	30.94	-95.37
Trophy Club	TX	32.99	-97.17
Troup	TX	32.15	-95.12
Troy	TX	31.19	-97.30
Tuleta	TX	28.58	-97.80
Tulia	TX	34.54	-101.77
Tulsita	TX	28.64	-97.82
Tunis	TX	30.54	-96.53
Turkey	TX	34.39	-100.90
Tuscola	TX	32.21	-99.80
Tye	TX	32.45	-99.87
Tyler	TX	32.32	-95.31
Tynan	TX	28.17	-97.75
Uhland	TX	29.96	-97.80
Umbarger	TX	34.96	-102.11
Uncertain	TX	32.70	-94.13
Union Grove	TX	32.57	-94.92
Union Valley	TX	32.93	-96.25
Universal City	TX	29.55	-98.31
University Park	TX	32.85	-96.80
Utopia	TX	29.62	-99.51
Uvalde	TX	29.22	-99.78
Uvalde Estates	TX	29.17	-99.84
Val Verde Park	TX	29.37	-100.83
Valentine	TX	30.59	-104.50
Valera	TX	31.75	-99.55
Valle Hermoso	TX	26.38	-98.79
Valle Verde	TX	27.68	-99.20
Valle Vista	TX	26.32	-98.65
Valley Mills	TX	31.66	-97.47
Valley View	TX	33.48	-97.16
Van	TX	32.52	-95.64
Van Alstyne	TX	33.42	-96.58
Van Horn	TX	31.04	-104.83
Van Vleck	TX	29.03	-95.88
Vanderbilt	TX	28.82	-96.61
Vega	TX	35.25	-102.43
Venus	TX	32.43	-97.10
Vernon	TX	34.15	-99.30
Victoria	TX	28.83	-96.99
Victoria Vera	TX	26.32	-98.69
Vidor	TX	30.13	-93.99
Villa Pancho	TX	25.88	-97.42
Villa Verde	TX	26.13	-98.00
Villa del Sol	TX	26.19	-97.58
Villarreal	TX	26.31	-98.64
Vinton	TX	31.96	-106.59
Volente	TX	30.45	-97.91
Von Ormy	TX	29.28	-98.66
Waco	TX	31.56	-97.19
Wadsworth	TX	28.83	-95.91
Waelder	TX	29.69	-97.30
Waka	TX	36.28	-101.04
Wake Village	TX	33.42	-94.13
Waller	TX	30.07	-95.93
Wallis	TX	29.63	-96.06
Walnut Springs	TX	32.06	-97.75
Warren	TX	30.61	-94.42
Warren City	TX	32.55	-94.90
Washburn	TX	35.17	-101.57
Waskom	TX	32.48	-94.06
Watauga	TX	32.87	-97.25
Waxahachie	TX	32.40	-96.84
Weatherford	TX	32.75	-97.77
Webberville	TX	30.23	-97.50
Webster	TX	29.53	-95.12
Weimar	TX	29.70	-96.78
Weinert	TX	33.32	-99.67
Weir	TX	30.68	-97.59
Welch	TX	32.93	-102.12
Wellington	TX	34.85	-100.21
Wellman	TX	33.05	-102.43
Wells	TX	31.49	-94.95
Wells Branch	TX	30.44	-97.68
Weslaco	TX	26.16	-97.99
West	TX	31.80	-97.09
West Alto Bonito	TX	26.31	-98.66
West Columbia	TX	29.14	-95.65
West Lake Hills	TX	30.29	-97.81
West Livingston	TX	30.70	-95.02
West Odessa	TX	31.84	-102.50
West Orange	TX	30.08	-93.76
West Sharyland	TX	26.27	-98.34
West Tawakoni	TX	32.90	-96.04
West University Place	TX	29.72	-95.43
Westbrook	TX	32.36	-101.01
Westdale	TX	27.97	-97.99
Western Lake	TX	32.62	-97.82
Westlake	TX	32.99	-97.20
Westminster	TX	33.36	-96.46
Weston	TX	33.33	-96.67
Weston Lakes	TX	29.66	-95.93
Westover Hills	TX	32.74	-97.41
Westway	TX	31.96	-106.58
Westwood Shores	TX	30.94	-95.33
Westworth Village	TX	32.76	-97.42
Wharton	TX	29.32	-96.10
Wheeler	TX	35.44	-100.28
White Deer	TX	35.43	-101.18
White Oak	TX	32.53	-94.85
White Settlement	TX	32.76	-97.46
Whiteface	TX	33.60	-102.61
Whitehouse	TX	32.22	-95.22
Whitesboro	TX	33.66	-96.90
Whitewright	TX	33.51	-96.39
Whitharral	TX	33.74	-102.33
Whitney	TX	31.95	-97.32
Wichita Falls	TX	33.91	-98.53
Wickett	TX	31.57	-103.01
Wild Peach Village	TX	29.08	-95.64
Wildorado	TX	35.21	-102.21
Wildwood	TX	30.53	-94.45
Willis	TX	30.43	-95.48
Willow Grove	TX	31.56	-97.30
Willow Park	TX	32.75	-97.65
Wills Point	TX	32.71	-96.00
Wilmer	TX	32.60	-96.68
Wilson	TX	33.32	-101.73
Wimberley	TX	29.98	-98.09
Windcrest	TX	29.51	-98.38
Windom	TX	33.56	-96.00
Windthorst	TX	33.58	-98.43
Winfield	TX	33.17	-95.11
Wingate	TX	32.05	-100.10
Wink	TX	31.75	-103.15
Winnie	TX	29.82	-94.38
Winnsboro	TX	32.96	-95.29
Winona	TX	32.49	-95.18
Winters	TX	31.95	-99.96
Wixon Valley	TX	30.76	-96.32
Wolfe City	TX	33.37	-96.07
Wolfforth	TX	33.51	-102.01
Woodbranch	TX	30.18	-95.18
Woodcreek	TX	30.03	-98.11
Woodloch	TX	30.22	-95.41
Woodsboro	TX	28.24	-97.33
Woodson	TX	33.01	-99.05
Woodville	TX	30.77	-94.42
Woodway	TX	31.50	-97.23
Wortham	TX	31.79	-96.46
Wyldwood	TX	30.13	-97.48
Wylie	TX	33.04	-96.52
Yancey	TX	29.15	-99.14
Yantis	TX	32.93	-95.58
Yoakum	TX	29.29	-97.15
Yorktown	TX	28.98	-97.51
Yznaga	TX	26.33	-97.82
Zapata	TX	26.90	-99.26
Zapata Ranch	TX	26.36	-97.82
Zarate	TX	26.32	-98.64
Zavalla	TX	31.16	-94.42
Zephyr	TX	31.68	-98.79
Zuehl	TX	29.51	-98.15
Alpine	UT	40.46	-111.77
Alta	UT	40.58	-111.62
Altamont	UT	40.36	-110.29
Alton	UT	37.43	-112.51
Amalga	UT	41.86	-111.90
American Fork	UT	40.38	-111.80
Aneth	UT	37.21	-109.17
Annabella	UT	38.71	-112.06
Antimony	UT	38.10	-111.98
Apple Valley	UT	37.08	-113.10
Aurora	UT	38.92	-111.93
Avon	UT	41.54	-111.81
Ballard	UT	40.29	-109.95
Bear River City	UT	41.61	-112.12
Beaver	UT	38.28	-112.64
Benjamin	UT	40.10	-111.73
Benson	UT	41.75	-111.93
Beryl Junction	UT	37.70	-113.65
Bicknell	UT	38.34	-111.54
Big Water	UT	37.07	-111.66
Blanding	UT	37.62	-109.51
Bluebell	UT	40.35	-110.22
Bluff	UT	37.29	-109.60
Bluffdale	UT	40.47	-111.94
Bonanza	UT	40.03	-109.19
Boulder	UT	37.92	-111.43
Bountiful	UT	40.87	-111.86
Brian Head	UT	37.70	-112.84
Brigham City	UT	41.51	-112.05
Brighton	UT	40.61	-111.60
Bryce Canyon City	UT	37.68	-112.16
Cache	UT	41.83	-112.01
Cannonville	UT	37.55	-112.05
Carbonville	UT	39.63	-110.83
Castle Dale	UT	39.22	-111.02
Castle Valley	UT	38.63	-109.40
Cedar City	UT	37.68	-113.10
Cedar Fort	UT	40.34	-112.11
Cedar Highlands	UT	37.64	-113.04
Cedar Hills	UT	40.41	-111.75
Centerfield	UT	39.13	-111.82
Centerville	UT	40.93	-111.88
Central	UT	37.42	-113.63
Central Valley	UT	38.70	-112.10
Charleston	UT	40.47	-111.46
Circleville	UT	38.17	-112.27
Clarkston	UT	41.92	-112.05
Clawson	UT	39.13	-111.10
Clear Creek	UT	39.64	-111.15
Clearfield	UT	41.10	-112.02
Cleveland	UT	39.35	-110.86
Clinton	UT	41.14	-112.07
Coalville	UT	40.91	-111.42
Copperton	UT	40.57	-112.10
Corinne	UT	41.55	-112.13
Cornish	UT	41.97	-111.96
Cottonwood Heights	UT	40.61	-111.81
Cove	UT	41.97	-111.78
Dammeron Valley	UT	37.30	-113.67
Daniel	UT	40.47	-111.41
Delta	UT	39.36	-112.54
Deseret	UT	39.29	-112.65
Deweyville	UT	41.69	-112.09
Draper	UT	40.50	-111.86
Duchesne	UT	40.18	-110.39
Dugway	UT	40.23	-112.75
Dutch John	UT	40.93	-109.40
Eagle Mountain	UT	40.31	-112.01
East Basin	UT	40.74	-111.47
East Carbon	UT	39.53	-110.43
Echo	UT	40.98	-111.44
Eden	UT	41.31	-111.80
Elberta	UT	39.96	-111.96
Elk Ridge	UT	40.01	-111.68
Elmo	UT	39.39	-110.82
Elsinore	UT	38.68	-112.14
Elwood	UT	41.67	-112.14
Emery	UT	38.93	-111.25
Emigration Canyon	UT	40.79	-111.74
Enoch	UT	37.77	-113.05
Enterprise	UT	37.57	-113.74
Ephraim	UT	39.36	-111.58
Erda	UT	40.62	-112.31
Escalante	UT	37.76	-111.60
Eureka	UT	39.96	-112.12
Fairfield	UT	40.24	-112.08
Fairview	UT	39.63	-111.44
Farmington	UT	40.98	-111.91
Farr West	UT	41.30	-112.03
Fayette	UT	39.22	-111.85
Ferron	UT	39.09	-111.13
Fielding	UT	41.81	-112.12
Fillmore	UT	38.96	-112.34
Flaming Gorge	UT	40.89	-109.48
Fort Duchesne	UT	40.28	-109.88
Fountain Green	UT	39.63	-111.64
Francis	UT	40.61	-111.28
Fremont	UT	38.46	-111.61
Fruit Heights	UT	41.03	-111.90
Garden	UT	41.87	-111.42
Garden City	UT	41.94	-111.41
Garland	UT	41.74	-112.16
Genola	UT	40.01	-111.85
Glendale	UT	37.33	-112.60
Glenwood	UT	38.76	-111.99
Goshen	UT	39.95	-111.90
Granite	UT	40.58	-111.79
Grantsville	UT	40.61	-112.47
Green River	UT	38.99	-110.17
Gunnison	UT	39.16	-111.81
Halchita	UT	37.15	-109.90
Halls Crossing	UT	37.47	-110.67
Hanksville	UT	38.37	-110.71
Harrisville	UT	41.29	-111.99
Hatch	UT	37.65	-112.43
Heber	UT	40.54	-111.39
Helper	UT	39.69	-110.86
Henefer	UT	41.01	-111.49
Henrieville	UT	37.56	-112.00
Herriman	UT	40.49	-112.02
Hideout	UT	40.65	-111.41
Highland	UT	40.43	-111.80
Hildale	UT	37.02	-113.00
Hinckley	UT	39.33	-112.67
Hobble Creek	UT	40.19	-111.50
Holden	UT	39.10	-112.27
Holladay	UT	40.66	-111.82
Honeyville	UT	41.64	-112.09
Hooper	UT	41.16	-112.34
Howell	UT	41.78	-112.45
Hoytsville	UT	40.88	-111.38
Huntington	UT	39.33	-110.96
Huntsville	UT	41.26	-111.77
Hurricane	UT	37.15	-113.36
Hyde Park	UT	41.80	-111.81
Hyrum	UT	41.63	-111.85
Independence	UT	40.41	-111.30
Interlaken	UT	40.54	-111.48
Ivins	UT	37.17	-113.68
Jensen	UT	40.37	-109.36
Joseph	UT	38.62	-112.22
Junction	UT	38.24	-112.22
Kamas	UT	40.65	-111.27
Kanab	UT	37.03	-112.53
Kanarraville	UT	37.54	-113.18
Kanosh	UT	38.80	-112.44
Kaysville	UT	41.03	-111.95
Kearns	UT	40.65	-112.01
Kenilworth	UT	39.68	-110.81
Kingston	UT	38.21	-112.18
Koosharem	UT	38.51	-111.88
La Sal	UT	38.30	-109.27
La Verkin	UT	37.23	-113.25
Lake Point	UT	40.68	-112.27
Lake Shore	UT	40.13	-111.74
Laketown	UT	41.83	-111.33
Lapoint	UT	40.40	-109.80
Layton	UT	41.08	-111.96
Leamington	UT	39.53	-112.29
Leeds	UT	37.24	-113.35
Lehi	UT	40.42	-111.87
Levan	UT	39.56	-111.86
Lewiston	UT	41.97	-111.89
Liberty	UT	41.34	-111.86
Lindon	UT	40.34	-111.72
Loa	UT	38.40	-111.65
Logan	UT	41.74	-111.84
Lyman	UT	38.40	-111.59
Lynndyl	UT	39.51	-112.39
Maeser	UT	40.47	-109.58
Magna	UT	40.76	-112.18
Manila	UT	40.99	-109.72
Manti	UT	39.27	-111.64
Mantua	UT	41.50	-111.94
Mapleton	UT	40.12	-111.57
Marion	UT	40.68	-111.28
Marriott-Slaterville	UT	41.26	-112.04
Marysvale	UT	38.44	-112.26
Mayfield	UT	39.12	-111.71
Meadow	UT	38.89	-112.41
Mendon	UT	41.71	-111.98
Mexican Hat	UT	37.17	-109.88
Midvale	UT	40.61	-111.89
Midway	UT	40.52	-111.48
Milford	UT	38.39	-113.01
Millcreek	UT	40.69	-111.83
Millville	UT	41.69	-111.82
Minersville	UT	38.25	-112.98
Moab	UT	38.57	-109.55
Modena	UT	37.79	-113.93
Mona	UT	39.81	-111.84
Monroe	UT	38.62	-112.12
Montezuma Creek	UT	37.25	-109.30
Monticello	UT	37.87	-109.34
Morgan	UT	41.04	-111.68
Moroni	UT	39.53	-111.58
Mount Pleasant	UT	39.54	-111.46
Mountain Green	UT	41.15	-111.79
Murray	UT	40.65	-111.89
Myton	UT	40.19	-110.06
Naples	UT	40.43	-109.49
Navajo Mountain	UT	37.05	-110.79
Neola	UT	40.43	-110.03
Nephi	UT	39.70	-111.83
New Harmony	UT	37.48	-113.31
Newcastle	UT	37.66	-113.56
Newton	UT	41.86	-111.99
Nibley	UT	41.67	-111.85
North Logan	UT	41.78	-111.81
North Ogden	UT	41.31	-111.96
North Salt Lake	UT	40.85	-111.92
Oak City	UT	39.37	-112.34
Oakley	UT	40.74	-111.27
Oasis	UT	39.29	-112.63
Ogden	UT	41.23	-111.97
Oljato-Monument Valley	UT	37.03	-110.25
Ophir	UT	40.37	-112.26
Orangeville	UT	39.23	-111.06
Orderville	UT	37.25	-112.66
Orem	UT	40.30	-111.70
Palmyra	UT	40.13	-111.69
Panguitch	UT	37.82	-112.43
Paradise	UT	41.57	-111.83
Paragonah	UT	37.89	-112.77
Park City	UT	40.66	-111.49
Parowan	UT	37.83	-112.83
Payson	UT	40.04	-111.74
Peoa	UT	40.73	-111.33
Perry	UT	41.46	-112.04
Peter	UT	41.78	-112.00
Pine Valley	UT	37.39	-113.51
Plain City	UT	41.31	-112.09
Pleasant Grove	UT	40.37	-111.74
Pleasant View	UT	41.32	-112.00
Plymouth	UT	41.87	-112.15
Portage	UT	41.98	-112.24
Price	UT	39.60	-110.80
Providence	UT	41.70	-111.81
Provo	UT	40.25	-111.65
Randlett	UT	40.23	-109.83
Randolph	UT	41.67	-111.18
Redmond	UT	39.01	-111.87
Richfield	UT	38.76	-112.09
Richmond	UT	41.92	-111.81
River Heights	UT	41.72	-111.82
Riverdale	UT	41.17	-112.00
Riverside	UT	41.81	-112.14
Riverton	UT	40.52	-111.96
Rockville	UT	37.15	-113.05
Rocky Ridge	UT	39.92	-111.83
Roosevelt	UT	40.29	-109.99
Roy	UT	41.17	-112.05
Rush Valley	UT	40.36	-112.45
Salem	UT	40.06	-111.67
Salina	UT	38.94	-111.87
Salt Lake City	UT	40.78	-111.93
Samak	UT	40.64	-111.24
Sandy	UT	40.57	-111.85
Santa Clara	UT	37.13	-113.66
Santaquin	UT	39.97	-111.79
Saratoga Springs	UT	40.34	-111.92
Scipio	UT	39.25	-112.10
Scofield	UT	39.72	-111.16
Sigurd	UT	38.87	-111.96
Silver Summit	UT	40.75	-111.51
Smithfield	UT	41.84	-111.83
Snowville	UT	41.97	-112.72
Snyderville	UT	40.70	-111.54
South Jordan	UT	40.56	-111.98
South Ogden	UT	41.17	-111.96
South Salt Lake	UT	40.71	-111.90
South Weber	UT	41.13	-111.94
South Willard	UT	41.36	-112.04
Spanish Fork	UT	40.11	-111.64
Spanish Valley	UT	38.47	-109.42
Spring City	UT	39.48	-111.49
Spring Glen	UT	39.66	-110.85
Spring Lake	UT	40.01	-111.75
Springdale	UT	37.18	-113.01
Springville	UT	40.16	-111.62
St. George	UT	37.08	-113.58
Stansbury Park	UT	40.63	-112.31
Sterling	UT	39.19	-111.69
Stockton	UT	40.44	-112.37
Summit	UT	37.81	-112.93
Summit Park	UT	40.74	-111.59
Sundance	UT	40.39	-111.59
Sunset	UT	41.14	-112.03
Sutherland	UT	39.39	-112.64
Syracuse	UT	41.09	-112.07
Tabiona	UT	40.35	-110.71
Taylorsville	UT	40.66	-111.95
Teasdale	UT	38.29	-111.47
Thatcher	UT	41.68	-112.32
Thompson Springs	UT	38.96	-109.70
Timber Lakes	UT	40.47	-111.26
Tooele	UT	40.54	-112.31
Toquerville	UT	37.27	-113.30
Torrey	UT	38.31	-111.43
Tremonton	UT	41.72	-112.19
Trenton	UT	41.91	-111.94
Tropic	UT	37.63	-112.09
Tselakai Dezza	UT	37.21	-109.61
Uintah	UT	41.14	-111.93
Vernal	UT	40.45	-109.54
Vernon	UT	40.10	-112.45
Veyo	UT	37.34	-113.69
Vineyard	UT	40.31	-111.75
Virgin	UT	37.19	-113.21
Wales	UT	39.49	-111.64
Wallsburg	UT	40.39	-111.42
Wanship	UT	40.82	-111.42
Washington	UT	37.13	-113.49
Washington Terrace	UT	41.17	-111.98
Wellington	UT	39.54	-110.73
Wellsville	UT	41.62	-111.94
Wendover	UT	40.72	-114.03
West Bountiful	UT	40.90	-111.91
West Haven	UT	41.21	-112.05
West Jordan	UT	40.60	-112.00
West Mountain	UT	40.05	-111.78
West Point	UT	41.12	-112.10
West Valley City	UT	40.69	-112.01
West Wood	UT	39.61	-110.84
White City	UT	40.57	-111.86
White Mesa	UT	37.46	-109.46
Whiterocks	UT	40.47	-109.94
Willard	UT	41.40	-112.04
Wolf Creek	UT	41.33	-111.83
Woodland	UT	40.58	-111.24
Woodland Hills	UT	40.01	-111.66
Woodruff	UT	41.52	-111.16
Woods Cross	UT	40.87	-111.92
Abbs Valley	VA	37.24	-81.46
Abingdon	VA	36.71	-81.97
Accomac	VA	37.72	-75.67
Adwolf	VA	36.80	-81.59
Afton	VA	38.02	-78.83
Alberta	VA	36.85	-77.89
Aldie	VA	38.98	-77.65
Alexandria	VA	38.82	-77.08
Allison Gap	VA	36.90	-81.79
Allisonia	VA	36.94	-80.72
Alonzaville	VA	38.93	-78.55
Altavista	VA	37.12	-79.28
Amelia Court House	VA	37.34	-77.99
Amherst	VA	37.58	-79.05
Amonate	VA	37.19	-81.64
Annandale	VA	38.83	-77.20
Appalachia	VA	36.91	-82.80
Apple Mountain Lake	VA	38.93	-78.11
Appomattox	VA	37.36	-78.83
Aquia Harbour	VA	38.46	-77.38
Arcola	VA	38.94	-77.53
Arlington	VA	38.88	-77.10
Arrington	VA	37.68	-78.89
Ashburn	VA	39.03	-77.47
Ashland	VA	37.76	-77.47
Atkins	VA	36.87	-81.40
Atlantic	VA	37.90	-75.51
Augusta Springs	VA	38.10	-79.34
Austinville	VA	36.85	-80.91
Bailey's Crossroads	VA	38.85	-77.13
Barboursville	VA	38.17	-78.28
Baskerville	VA	36.68	-78.27
Bassett	VA	36.76	-79.99
Bastian	VA	37.15	-81.15
Basye	VA	38.81	-78.77
Bayside	VA	37.75	-75.71
Baywood	VA	36.62	-81.01
Bealeton	VA	38.58	-77.78
Bedford	VA	37.34	-79.52
Belle Haven	VA	38.78	-77.06
Bellwood	VA	37.41	-77.44
Belmont	VA	39.07	-77.50
Belmont Estates	VA	38.45	-78.92
Belspring	VA	37.20	-80.61
Belview	VA	37.17	-80.51
Benns Church	VA	36.94	-76.58
Bensley	VA	37.45	-77.45
Berryville	VA	39.15	-77.98
Bethel Manor	VA	37.10	-76.42
Big Island	VA	37.53	-79.36
Big Rock	VA	37.35	-82.19
Big Stone Gap	VA	36.86	-82.78
Big Stone Gap East	VA	36.88	-82.74
Blacksburg	VA	37.23	-80.43
Blackstone	VA	37.08	-78.00
Blairs	VA	36.70	-79.38
Bland	VA	37.10	-81.12
Bloxom	VA	37.83	-75.62
Blue Ridge	VA	37.38	-79.82
Blue Ridge Shores	VA	38.11	-78.02
Bluefield	VA	37.24	-81.27
Bobtown	VA	37.65	-75.80
Boissevain	VA	37.28	-81.39
Bon Air	VA	37.52	-77.57
Boones Mill	VA	37.12	-79.95
Boston	VA	37.60	-75.84
Boswell's Corner	VA	38.50	-77.37
Bowling Green	VA	38.05	-77.35
Bowmans Crossing	VA	38.80	-78.59
Boyce	VA	39.09	-78.06
Boydton	VA	36.67	-78.39
Boykins	VA	36.58	-77.20
Bracey	VA	36.58	-78.11
Braddock	VA	38.83	-77.36
Brambleton	VA	38.98	-77.53
Branchville	VA	36.57	-77.25
Brandermill	VA	37.43	-77.65
Brandy Station	VA	38.50	-77.89
Breaks	VA	37.30	-82.28
Bridgewater	VA	38.39	-78.96
Brightwood	VA	38.41	-78.18
Bristol	VA	36.62	-82.16
Broadlands	VA	39.01	-77.52
Broadway	VA	38.61	-78.80
Brodnax	VA	36.70	-78.03
Brookneal	VA	37.05	-78.95
Brucetown	VA	39.25	-78.06
Buchanan	VA	37.52	-79.69
Buckhall	VA	38.72	-77.45
Buckingham Courthouse	VA	37.56	-78.55
Buena Vista	VA	37.73	-79.36
Bull Run	VA	38.84	-77.49
Bull Run Mountain Estates	VA	38.91	-77.67
Burke	VA	38.78	-77.26
Burke Centre	VA	38.79	-77.30
Burkeville	VA	37.19	-78.19
Callaghan	VA	37.81	-80.09
Calverton	VA	38.64	-77.67
Camp Barrett	VA	38.52	-77.44
Camptown	VA	36.69	-76.89
Cana	VA	36.58	-80.67
Cape Charles	VA	37.25	-76.01
Capron	VA	36.71	-77.20
Captains Cove	VA	38.00	-75.43
Carrollton	VA	36.94	-76.52
Carrsville	VA	36.70	-76.84
Cascades	VA	39.05	-77.39
Castlewood	VA	36.88	-82.30
Catlett	VA	38.66	-77.63
Cats Bridge	VA	37.55	-75.78
Cave Spring	VA	37.23	-80.01
Cedar Bluff	VA	37.09	-81.76
Central Garage	VA	37.75	-77.13
Centreville	VA	38.84	-77.44
Chamberlayne	VA	37.63	-77.43
Chantilly	VA	38.89	-77.44
Charles City	VA	37.35	-77.06
Charlotte Court House	VA	37.06	-78.64
Charlottesville	VA	38.04	-78.49
Chase City	VA	36.80	-78.46
Chase Crossing	VA	37.76	-75.67
Chatham	VA	36.81	-79.40
Chatmoss	VA	36.68	-79.81
Cheriton	VA	37.29	-75.97
Cherry Hill	VA	38.57	-77.29
Chesapeake	VA	36.68	-76.30
Chester	VA	37.35	-77.43
Chester Gap	VA	38.85	-78.13
Chilhowie	VA	36.80	-81.68
Chincoteague	VA	37.95	-75.35
Christiansburg	VA	37.14	-80.40
Churchville	VA	38.22	-79.16
Claremont	VA	37.23	-76.97
Clarksville	VA	36.62	-78.56
Clary	VA	39.03	-78.34
Claypool Hill	VA	37.06	-81.75
Cleveland	VA	36.94	-82.15
Clifton	VA	38.78	-77.39
Clifton Forge	VA	37.82	-79.83
Cliftondale Park	VA	37.82	-79.80
Clinchco	VA	37.16	-82.35
Clinchport	VA	36.68	-82.74
Clintwood	VA	37.15	-82.46
Clover	VA	36.84	-78.72
Cloverdale	VA	37.36	-79.90
Cluster Springs	VA	36.60	-78.92
Coeburn	VA	36.95	-82.47
Collinsville	VA	36.72	-79.91
Colonial Beach	VA	38.26	-76.99
Colonial Heights	VA	37.26	-77.40
Columbia	VA	37.75	-78.16
Columbia Furnace	VA	38.87	-78.61
Concord	VA	37.34	-78.98
Conicville	VA	38.83	-78.68
Countryside	VA	39.05	-77.41
County Center	VA	38.69	-77.36
Courtland	VA	36.71	-77.06
Covington	VA	37.78	-79.99
Craigsville	VA	38.09	-79.39
Crewe	VA	37.18	-78.13
Crimora	VA	38.16	-78.84
Crosspointe	VA	38.72	-77.26
Crozet	VA	38.06	-78.70
Culpeper	VA	38.47	-78.00
Cumberland	VA	37.50	-78.26
Dahlgren	VA	38.34	-77.06
Dahlgren Center	VA	38.34	-77.03
Dale City	VA	38.65	-77.35
Daleville	VA	37.41	-79.91
Damascus	VA	36.63	-81.79
Dante	VA	36.98	-82.28
Danville	VA	36.58	-79.41
Dayton	VA	38.42	-78.94
Deep Creek	VA	37.76	-75.75
Deerfield	VA	38.19	-79.41
Deltaville	VA	37.55	-76.33
Dendron	VA	37.04	-76.92
Difficult Run	VA	38.91	-77.35
Dillwyn	VA	37.54	-78.46
Dinwiddie	VA	37.09	-77.59
Disputanta	VA	37.12	-77.22
Dooms	VA	38.10	-78.85
Doran	VA	37.10	-81.83
Drakes Branch	VA	36.99	-78.60
Dranesville	VA	39.00	-77.37
Draper	VA	37.00	-80.73
Dryden	VA	36.78	-82.94
Dublin	VA	37.11	-80.69
Duffield	VA	36.72	-82.80
Dulles Town Center	VA	39.02	-77.41
Dumbarton	VA	37.61	-77.51
Dumfries	VA	38.57	-77.32
Dunbar	VA	36.97	-82.75
Dungannon	VA	36.83	-82.47
Dunn Loring	VA	38.89	-77.23
Eagle Rock	VA	37.64	-79.79
Earlysville	VA	38.15	-78.47
East Highland Park	VA	37.58	-77.39
East Lexington	VA	37.80	-79.42
East Stone Gap	VA	36.87	-82.74
Eastville	VA	37.35	-75.94
Ebony	VA	36.58	-77.98
Edinburg	VA	38.82	-78.56
Eggleston	VA	37.29	-80.62
Elkton	VA	38.41	-78.62
Elliston	VA	37.22	-80.22
Emory	VA	36.78	-81.83
Emporia	VA	36.70	-77.54
Enon	VA	37.33	-77.32
Esmont	VA	37.83	-78.59
Ettrick	VA	37.25	-77.43
Ewing	VA	36.64	-83.43
Exmore	VA	37.53	-75.83
Fair Lakes	VA	38.85	-77.39
Fair Oaks	VA	38.87	-77.36
Fairfax	VA	38.85	-77.30
Fairfax Station	VA	38.79	-77.34
Fairfield	VA	37.88	-79.28
Fairlawn	VA	37.15	-80.54
Fairview	VA	36.83	-78.47
Fairview Beach	VA	38.33	-77.24
Falls Church	VA	38.88	-77.18
Falls Mills	VA	37.28	-81.31
Falmouth	VA	38.33	-77.47
Fancy Gap	VA	36.67	-80.70
Farmville	VA	37.30	-78.40
Ferrum	VA	36.94	-79.99
Fieldale	VA	36.70	-79.94
Fincastle	VA	37.50	-79.87
Fishers Hill	VA	38.99	-78.40
Fishersville	VA	38.10	-78.99
Flint Hill	VA	38.77	-78.10
Floris	VA	38.93	-77.41
Floyd	VA	36.91	-80.32
Forest	VA	37.37	-79.28
Forestville	VA	38.71	-78.72
Fort Belvoir	VA	38.71	-77.14
Fort Chiswell	VA	36.94	-80.96
Fort Hunt	VA	38.74	-77.06
Fort Lee	VA	37.24	-77.33
Franconia	VA	38.77	-77.16
Franklin	VA	36.68	-76.94
Franklin Farm	VA	38.91	-77.40
Franktown	VA	37.48	-75.88
Fredericksburg	VA	38.30	-77.49
Free Union	VA	38.15	-78.56
Fries	VA	36.71	-80.98
Front Royal	VA	38.92	-78.18
Gainesville	VA	38.79	-77.64
Galax	VA	36.67	-80.91
Gargatha	VA	37.79	-75.58
Gasburg	VA	36.56	-77.87
Gate City	VA	36.65	-82.58
George Mason	VA	38.83	-77.30
Glade Spring	VA	36.79	-81.77
Glasgow	VA	37.63	-79.46
Glen Allen	VA	37.67	-77.48
Glen Lyn	VA	37.37	-80.86
Glen Wilton	VA	37.76	-79.82
Glenvar	VA	37.28	-80.13
Gloucester Courthouse	VA	37.40	-76.52
Gloucester Point	VA	37.27	-76.50
Goochland	VA	37.70	-77.89
Goose Creek Village	VA	39.04	-77.53
Gordonsville	VA	38.14	-78.19
Gore	VA	39.26	-78.33
Goshen	VA	37.99	-79.51
Gratton	VA	37.13	-81.43
Great Falls	VA	39.01	-77.30
Great Falls Crossing	VA	38.98	-77.32
Greenbackville	VA	38.01	-75.39
Greenbriar	VA	38.87	-77.40
Greenbush	VA	37.74	-75.68
Greenville	VA	38.00	-79.15
Gretna	VA	36.95	-79.36
Grottoes	VA	38.27	-78.83
Groveton	VA	38.75	-77.11
Grundy	VA	37.27	-82.09
Gwynn	VA	37.50	-76.29
Halifax	VA	36.76	-78.93
Hallwood	VA	37.88	-75.59
Hamilton	VA	39.14	-77.66
Hampden-Sydney	VA	37.24	-78.48
Hampton	VA	37.05	-76.30
Hanover	VA	37.77	-77.38
Harborton	VA	37.66	-75.83
Harrisonburg	VA	38.44	-78.87
Harriston	VA	38.21	-78.83
Hayfield	VA	38.75	-77.13
Haymarket	VA	38.81	-77.64
Haysi	VA	37.22	-82.29
Heathsville	VA	37.91	-76.48
Henry Fork	VA	36.97	-79.87
Herndon	VA	38.97	-77.39
Highland Springs	VA	37.55	-77.33
Hillsboro	VA	39.20	-77.72
Hillsville	VA	36.76	-80.74
Hilltown	VA	36.73	-80.98
Hiltons	VA	36.65	-82.47
Hiwassee	VA	36.97	-80.69
Hollins	VA	37.34	-79.95
Hollymead	VA	38.12	-78.44
Honaker	VA	37.02	-81.97
Hopewell	VA	37.29	-77.30
Horntown	VA	37.97	-75.46
Horse Pasture	VA	36.63	-79.95
Hot Springs	VA	38.00	-79.82
Hudson Crossroads	VA	38.79	-78.73
Huntington	VA	38.79	-77.07
Hurt	VA	37.10	-79.30
Hutchison	VA	38.96	-77.41
Hybla Valley	VA	38.75	-77.08
Idylwood	VA	38.89	-77.20
Independence	VA	36.63	-81.15
Independent Hill	VA	38.64	-77.43
Innovation	VA	38.75	-77.52
Innsbrook	VA	37.65	-77.58
Iron Gate	VA	37.80	-79.79
Irvington	VA	37.66	-76.42
Ivanhoe	VA	36.84	-80.97
Ivor	VA	36.90	-76.89
Ivy	VA	38.06	-78.60
Jarratt	VA	36.82	-77.47
Jewell Ridge	VA	37.19	-81.79
Jolivue	VA	38.11	-79.07
Jonesville	VA	36.69	-83.12
Keezletown	VA	38.41	-78.80
Keller	VA	37.62	-75.76
Kenbridge	VA	36.96	-78.13
Keokee	VA	36.86	-82.91
Keswick	VA	38.01	-78.36
Keysville	VA	37.04	-78.48
Kilmarnock	VA	37.71	-76.38
Kincora	VA	39.04	-77.44
King George	VA	38.28	-77.18
King William	VA	37.68	-77.03
King and Queen Court House	VA	37.67	-76.88
Kings Park	VA	38.80	-77.24
Kings Park West	VA	38.81	-77.30
Kingstowne	VA	38.76	-77.14
La Crosse	VA	36.70	-78.09
Lafayette	VA	37.23	-80.20
Lake Barcroft	VA	38.85	-77.16
Lake Caroline	VA	37.99	-77.52
Lake Holiday	VA	39.31	-78.33
Lake Land'Or	VA	38.02	-77.55
Lake Monticello	VA	37.92	-78.33
Lake Ridge	VA	38.69	-77.31
Lake Wilderness	VA	38.30	-77.73
Lake of the Woods	VA	38.33	-77.76
Lakeside	VA	37.61	-77.48
Lancaster	VA	37.76	-76.45
Lansdowne	VA	39.09	-77.48
Laurel	VA	37.64	-77.51
Laurel Hill	VA	38.71	-77.24
Laurel Park	VA	36.69	-79.79
Lawrenceville	VA	36.76	-77.85
Laymantown	VA	37.36	-79.86
Lebanon	VA	36.90	-82.08
Lebanon Church	VA	39.06	-78.37
Lee Mont	VA	37.78	-75.68
Leesburg	VA	39.11	-77.56
Leesylvania	VA	38.61	-77.28
Lexington	VA	37.78	-79.44
Lincolnia	VA	38.82	-77.15
Linton Hall	VA	38.75	-77.58
Linville	VA	38.52	-78.84
Loch Lomond	VA	38.78	-77.48
Locust Grove	VA	38.97	-78.40
Locust Mount	VA	37.61	-75.70
Long Branch	VA	38.83	-77.27
Lorton	VA	38.70	-77.22
Loudoun Valley Estates	VA	38.98	-77.51
Louisa	VA	38.02	-78.00
Lovettsville	VA	39.27	-77.64
Lovingston	VA	37.76	-78.86
Low Moor	VA	37.80	-79.87
Lowes Island	VA	39.05	-77.35
Lunenburg	VA	36.96	-78.27
Luray	VA	38.66	-78.45
Lynchburg	VA	37.40	-79.20
Lyndhurst	VA	38.02	-78.95
Madison	VA	38.38	-78.26
Madison Heights	VA	37.45	-79.11
Makemie Park	VA	37.91	-75.58
Mallow	VA	37.77	-79.97
Manassas	VA	38.75	-77.48
Manassas Park	VA	38.77	-77.44
Manchester	VA	37.49	-77.54
Mantua	VA	38.85	-77.26
Mappsburg	VA	37.58	-75.75
Mappsville	VA	37.84	-75.57
Marion	VA	36.84	-81.52
Marshall	VA	38.87	-77.84
Martinsville	VA	36.68	-79.86
Mason Neck	VA	38.65	-77.17
Massanetta Springs	VA	38.40	-78.83
Massanutten	VA	38.41	-78.73
Mathews	VA	37.44	-76.33
Matoaca	VA	37.23	-77.47
Maurertown	VA	38.93	-78.46
Max Meadows	VA	36.98	-80.96
McDowell	VA	38.34	-79.51
McGaheysville	VA	38.37	-78.73
McKenney	VA	36.99	-77.72
McLean	VA	38.94	-77.19
McMullin	VA	36.82	-81.58
McNair	VA	38.95	-77.41
Meadowbrook	VA	37.43	-77.47
Meadows of Dan	VA	36.74	-80.40
Meadowview	VA	36.76	-81.88
Mechanicsburg	VA	37.15	-80.94
Mechanicsville	VA	37.63	-77.35
Melfa	VA	37.65	-75.74
Mendota	VA	36.71	-82.31
Merrifield	VA	38.87	-77.24
Merrimac	VA	37.19	-80.42
Metompkin	VA	37.77	-75.61
Middlebrook	VA	38.07	-79.23
Middleburg	VA	38.97	-77.74
Middletown	VA	39.03	-78.28
Midland	VA	38.60	-77.72
Midlothian	VA	37.48	-77.65
Millboro	VA	37.98	-79.60
Mineral	VA	38.01	-77.91
Modest Town	VA	37.82	-75.56
Moneta	VA	37.19	-79.61
Montclair	VA	38.61	-77.34
Monterey	VA	38.41	-79.58
Montrose	VA	37.52	-77.37
Montross	VA	38.09	-76.82
Montvale	VA	37.39	-79.73
Moorefield	VA	39.00	-77.49
Motley	VA	37.07	-79.35
Mount Clifton	VA	38.76	-78.72
Mount Crawford	VA	38.36	-78.94
Mount Hermon	VA	36.67	-79.42
Mount Jackson	VA	38.74	-78.65
Mount Olive	VA	38.98	-78.45
Mount Sidney	VA	38.25	-78.97
Mount Vernon	VA	38.71	-77.11
Mountain Road	VA	36.75	-78.99
Narrows	VA	37.33	-80.81
Nassawadox	VA	37.48	-75.86
Nathalie	VA	36.95	-78.93
Navy	VA	38.89	-77.39
Nellysford	VA	37.92	-78.89
Nelsonia	VA	37.82	-75.59
New Baltimore	VA	38.74	-77.72
New Castle	VA	37.50	-80.11
New Church	VA	37.98	-75.53
New Hope	VA	38.19	-78.89
New Kent	VA	37.51	-76.99
New Market	VA	38.65	-78.67
New River	VA	37.14	-80.60
Newington	VA	38.73	-77.20
Newington Forest	VA	38.74	-77.24
Newport News	VA	37.08	-76.52
Newsoms	VA	36.63	-77.12
Nickelsville	VA	36.75	-82.42
Nokesville	VA	38.69	-77.58
Norfolk	VA	36.92	-76.24
North Garden	VA	37.96	-78.63
North Shore	VA	37.08	-79.65
North Springfield	VA	38.80	-77.20
Norton	VA	36.93	-82.63
Nottoway Court House	VA	37.13	-78.07
Oak Grove	VA	38.98	-77.42
Oak Hall	VA	37.93	-75.55
Oak Level	VA	36.79	-79.94
Oakton	VA	38.89	-77.30
Occoquan	VA	38.68	-77.26
Onancock	VA	37.71	-75.74
One Loudoun	VA	39.05	-77.45
Onley	VA	37.69	-75.72
Opal	VA	38.62	-77.81
Orange	VA	38.25	-78.11
Orkney Springs	VA	38.79	-78.82
Osaka	VA	36.95	-82.81
Painter	VA	37.59	-75.78
Palmyra	VA	37.87	-78.26
Pamplin City	VA	37.27	-78.68
Pantops	VA	38.03	-78.44
Paris	VA	39.00	-77.95
Parksley	VA	37.79	-75.65
Parrott	VA	37.21	-80.63
Passapatanzy	VA	38.29	-77.33
Pastoria	VA	37.74	-75.64
Patrick Springs	VA	36.63	-80.20
Pearisburg	VA	37.33	-80.73
Pembroke	VA	37.32	-80.64
Penhook	VA	36.99	-79.64
Pennington Gap	VA	36.76	-83.04
Petersburg	VA	37.20	-77.39
Phenix	VA	37.08	-78.75
Pimmit Hills	VA	38.91	-77.20
Piney Mountain	VA	38.16	-78.41
Plum Creek	VA	37.13	-80.50
Pocahontas	VA	37.31	-81.35
Poquoson	VA	37.13	-76.30
Port Republic	VA	38.28	-78.81
Port Royal	VA	38.16	-77.20
Portsmouth	VA	36.86	-76.36
Potomac Mills	VA	38.66	-77.30
Pound	VA	37.13	-82.61
Pounding Mill	VA	37.08	-81.71
Powhatan	VA	37.54	-77.93
Prices Fork	VA	37.21	-80.49
Prince George	VA	37.22	-77.27
Pulaski	VA	37.05	-80.76
Pungoteague	VA	37.63	-75.82
Purcellville	VA	39.14	-77.71
Quantico	VA	38.52	-77.29
Quantico Base	VA	38.52	-77.32
Quicksburg	VA	38.69	-78.68
Quinby	VA	37.55	-75.74
Radford	VA	37.12	-80.56
Raven	VA	37.09	-81.86
Ravensworth	VA	38.80	-77.22
Rectortown	VA	38.92	-77.86
Remington	VA	38.53	-77.81
Reston	VA	38.95	-77.35
Rhoadesville	VA	38.27	-77.93
Rich Creek	VA	37.38	-80.82
Richlands	VA	37.09	-81.81
Richmond	VA	37.53	-77.48
Ridgeway	VA	36.58	-79.86
Riner	VA	37.07	-80.44
Rio	VA	38.08	-78.47
Ripplemead	VA	37.34	-80.69
Rivanna	VA	38.00	-78.38
Riverdale	VA	36.67	-78.89
Riverview	VA	36.93	-82.48
Roanoke	VA	37.28	-79.96
Rockwood	VA	37.46	-77.57
Rocky Gap	VA	37.24	-81.11
Rocky Mount	VA	37.00	-79.88
Rose Hill	VA	38.79	-77.11
Round Hill	VA	39.13	-77.77
Ruckersville	VA	38.23	-78.38
Rural Retreat	VA	36.91	-81.28
Rushmere	VA	37.07	-76.67
Rustburg	VA	37.27	-79.10
Salem	VA	37.29	-80.06
Saltville	VA	36.88	-81.76
Saluda	VA	37.61	-76.59
Sandston	VA	37.51	-77.31
Sandy Level	VA	36.57	-79.73
Sanford	VA	37.93	-75.67
Saumsville	VA	38.93	-78.50
Savage Town	VA	37.55	-75.80
Savageville	VA	37.68	-75.76
Saxis	VA	37.93	-75.72
Schooner Bay	VA	37.76	-75.77
Schuyler	VA	37.80	-78.70
Scotland	VA	37.18	-76.80
Scottsburg	VA	36.76	-78.79
Scottsville	VA	37.81	-78.49
Sedley	VA	36.78	-76.99
Selma	VA	37.80	-79.85
Seven Corners	VA	38.87	-77.14
Seven Mile Ford	VA	36.82	-81.63
Shawneeland	VA	39.20	-78.35
Shawsville	VA	37.17	-80.25
Shenandoah	VA	38.49	-78.62
Shenandoah Farms	VA	38.98	-78.05
Shenandoah Retreat	VA	39.14	-77.86
Shenandoah Shores	VA	38.96	-78.14
Sherando	VA	37.99	-78.94
Shipman	VA	37.73	-78.84
Short Pump	VA	37.66	-77.62
Singers Glen	VA	38.55	-78.91
Skyland Estates	VA	38.93	-78.09
Smithfield	VA	36.97	-76.61
Snowville	VA	37.02	-80.58
South Boston	VA	36.71	-78.91
South Hill	VA	36.73	-78.13
South Riding	VA	38.91	-77.51
South Run	VA	38.75	-77.27
Southampton Meadows	VA	36.59	-76.93
Southern Gateway	VA	38.34	-77.50
Southside Chesconessex	VA	37.74	-75.78
Sperryville	VA	38.66	-78.24
Spotsylvania Courthouse	VA	38.20	-77.59
Springfield	VA	38.78	-77.18
Springville	VA	37.19	-81.39
St. Charles	VA	36.81	-83.06
St. Paul	VA	36.91	-82.32
Stafford Courthouse	VA	38.41	-77.42
Stanardsville	VA	38.30	-78.44
Stanley	VA	38.58	-78.50
Stanleytown	VA	36.75	-79.95
Staunton	VA	38.16	-79.06
Stephens City	VA	39.09	-78.22
Sterling	VA	39.00	-77.41
Stevens Creek	VA	36.73	-80.99
Stewartsville	VA	37.26	-79.79
Stickleyville	VA	36.71	-82.91
Stone Ridge	VA	38.93	-77.56
Stonega	VA	36.95	-82.79
Stony Creek	VA	36.95	-77.40
Strasburg	VA	39.00	-78.35
Stuart	VA	36.64	-80.27
Stuarts Draft	VA	38.02	-79.03
Sudley	VA	38.79	-77.50
Suffolk	VA	36.70	-76.63
Sugar Grove	VA	36.76	-81.40
Sugarland Run	VA	39.03	-77.37
Sully Square	VA	38.92	-77.43
Surry	VA	37.14	-76.83
Sussex	VA	36.92	-77.27
Tacoma	VA	36.94	-82.53
Tangier	VA	37.82	-75.99
Tappahannock	VA	37.91	-76.87
Tasley	VA	37.71	-75.70
Tazewell	VA	37.13	-81.51
Temperanceville	VA	37.91	-75.56
Templeton	VA	37.08	-77.36
The Plains	VA	38.86	-77.77
The University of Virginia's College at Wise	VA	36.97	-82.56
Thynedale	VA	36.82	-78.48
Timberlake	VA	37.32	-79.25
Timberville	VA	38.63	-78.77
Toms Brook	VA	38.95	-78.44
Triangle	VA	38.55	-77.32
Troutdale	VA	36.70	-81.44
Troutville	VA	37.42	-79.88
Tuckahoe	VA	37.59	-77.59
Twin Lakes	VA	38.25	-78.44
Tysons	VA	38.92	-77.23
Union Hall	VA	37.02	-79.68
Union Level	VA	36.71	-78.23
Union Mill	VA	38.80	-77.39
Unionville	VA	38.26	-77.98
University Center	VA	39.06	-77.45
University of Virginia	VA	38.03	-78.52
Upperville	VA	38.99	-77.88
Urbanna	VA	37.64	-76.58
Vansant	VA	37.24	-82.10
Verona	VA	38.19	-79.01
Victoria	VA	36.99	-78.22
Vienna	VA	38.90	-77.26
Villa Heights	VA	36.70	-79.89
Vinton	VA	37.27	-79.89
Virgilina	VA	36.55	-78.78
Virginia Beach	VA	36.78	-76.03
Wachapreague	VA	37.61	-75.69
Wakefield	VA	38.82	-77.24
Warfield	VA	36.90	-77.82
Warm Springs	VA	38.05	-79.78
Warrenton	VA	38.72	-77.80
Warsaw	VA	37.96	-76.76
Washington	VA	38.71	-78.16
Waterford	VA	39.19	-77.61
Wattsville	VA	37.93	-75.49
Waverly	VA	37.03	-77.10
Waynesboro	VA	38.07	-78.90
Weber City	VA	36.62	-82.56
Weems	VA	37.65	-76.45
West Falls Church	VA	38.87	-77.19
West Point	VA	37.55	-76.80
West Springfield	VA	38.78	-77.22
Westlake Corner	VA	37.12	-79.70
Weyers Cave	VA	38.28	-78.91
White Stone	VA	37.64	-76.39
Whitesville	VA	37.78	-75.66
Williamsburg	VA	37.27	-76.71
Willis Wharf	VA	37.52	-75.81
Winchester	VA	39.17	-78.18
Windsor	VA	36.81	-76.74
Wintergreen	VA	37.91	-78.93
Wise	VA	36.98	-82.58
Wolf Trap	VA	38.94	-77.28
Woodbridge	VA	38.64	-77.26
Woodburn	VA	38.85	-77.23
Woodlake	VA	37.42	-77.68
Woodlawn	VA	36.74	-80.81
Woodstock	VA	38.87	-78.52
Wyndham	VA	37.69	-77.61
Wytheville	VA	36.95	-81.09
Yogaville	VA	37.67	-78.69
Yorkshire	VA	38.79	-77.45
Yorktown	VA	37.23	-76.52
Albany	VT	44.73	-72.38
Alburgh	VT	44.98	-73.30
Algiers	VT	42.82	-72.58
Arlington	VT	43.07	-73.15
Ascutney	VT	43.41	-72.41
Bakersfield	VT	44.78	-72.80
Barnet	VT	44.30	-72.05
Barre	VT	44.20	-72.51
Barton	VT	44.75	-72.18
Beecher Falls	VT	45.01	-71.49
Bellows Falls	VT	43.13	-72.46
Bennington	VT	42.87	-73.18
Benson	VT	43.71	-73.30
Bethel	VT	43.83	-72.63
Bolton	VT	44.37	-72.89
Bolton Valley	VT	44.42	-72.86
Bradford	VT	44.00	-72.12
Brandon	VT	43.81	-73.09
Brattleboro	VT	42.86	-72.56
Bristol	VT	44.14	-73.09
Burlington	VT	44.49	-73.24
Cabot	VT	44.41	-72.32
Cambridge	VT	44.64	-72.88
Canaan	VT	45.01	-71.53
Castleton	VT	43.61	-73.18
Castleton Four Corners	VT	43.61	-73.21
Cavendish	VT	43.39	-72.61
Chelsea	VT	43.99	-72.45
Chester	VT	43.27	-72.60
Chimney Hill	VT	42.89	-72.91
Chittenden	VT	43.70	-72.95
Concord	VT	44.44	-71.89
Coventry	VT	44.86	-72.27
Danby	VT	43.34	-72.99
Danville	VT	44.41	-72.14
Derby Center	VT	44.95	-72.14
Derby Line	VT	45.00	-72.11
Dorset	VT	43.26	-73.11
East Barre	VT	44.15	-72.45
East Burke	VT	44.59	-71.94
East Charlotte	VT	44.32	-73.19
East Dorset	VT	43.24	-73.01
East Middlebury	VT	43.98	-73.10
East Montpelier	VT	44.27	-72.49
East Poultney	VT	43.53	-73.22
Enosburg Falls	VT	44.91	-72.80
Essex Junction	VT	44.49	-73.11
Fair Haven	VT	43.59	-73.27
Fairfax	VT	44.67	-73.01
Fairlee	VT	43.89	-72.16
Gilman	VT	44.41	-71.71
Glover	VT	44.71	-72.20
Grafton	VT	43.17	-72.61
Graniteville	VT	44.15	-72.48
Greensboro	VT	44.58	-72.32
Greensboro Bend	VT	44.56	-72.27
Groton	VT	44.22	-72.20
Hanksville	VT	44.25	-72.96
Hardwick	VT	44.50	-72.36
Harmonyville	VT	43.04	-72.67
Hartford Village	VT	43.67	-72.34
Hartland	VT	43.54	-72.40
Highgate Center	VT	44.93	-73.04
Highgate Springs	VT	44.98	-73.11
Hinesburg	VT	44.33	-73.11
Huntington	VT	44.33	-72.99
Huntington Center	VT	44.29	-72.97
Hyde Park	VT	44.60	-72.61
Irasburg	VT	44.80	-72.29
Island Pond	VT	44.81	-71.89
Jacksonville	VT	42.79	-72.82
Jamaica	VT	43.10	-72.77
Jeffersonville	VT	44.65	-72.83
Jericho	VT	44.50	-72.99
Johnson	VT	44.64	-72.68
Killington Village	VT	43.65	-72.78
Lincoln	VT	44.10	-72.99
Londonderry	VT	43.23	-72.81
Lowell	VT	44.79	-72.43
Ludlow	VT	43.40	-72.70
Lunenburg	VT	44.45	-71.67
Lyndon	VT	44.52	-72.01
Lyndon Center	VT	44.54	-72.02
Lyndonville	VT	44.53	-72.00
Manchester	VT	43.16	-73.07
Manchester Center	VT	43.19	-73.04
Marshfield	VT	44.35	-72.35
Middlebury	VT	44.01	-73.16
Middletown Springs	VT	43.49	-73.12
Milton	VT	44.63	-73.12
Montpelier	VT	44.27	-72.57
Morrisville	VT	44.56	-72.59
New Haven	VT	44.13	-73.15
Newbury	VT	44.08	-72.06
Newfane	VT	42.99	-72.66
Newport	VT	44.94	-72.21
Newport Center	VT	44.95	-72.31
North Bennington	VT	42.92	-73.24
North Clarendon	VT	43.57	-72.97
North Hartland	VT	43.60	-72.36
North Hyde Park	VT	44.66	-72.59
North Pownal	VT	42.80	-73.26
North Springfield	VT	43.33	-72.53
North Troy	VT	45.00	-72.40
North Westminster	VT	43.12	-72.46
Northfield	VT	44.15	-72.66
Norwich	VT	43.72	-72.31
Old Bennington	VT	42.88	-73.21
Orleans	VT	44.81	-72.20
Pawlet	VT	43.34	-73.17
Peacham	VT	44.33	-72.17
Pittsford	VT	43.71	-73.03
Plainfield	VT	44.28	-72.43
Poultney	VT	43.52	-73.24
Pownal	VT	42.77	-73.23
Pownal Center	VT	42.80	-73.22
Proctor	VT	43.68	-73.05
Proctorsville	VT	43.38	-72.64
Putney	VT	42.97	-72.53
Quechee	VT	43.64	-72.42
Randolph	VT	43.93	-72.67
Readsboro	VT	42.77	-72.95
Richford	VT	44.99	-72.67
Richmond	VT	44.41	-73.00
Rochester	VT	43.87	-72.80
Rutland	VT	43.61	-72.98
Saxtons River	VT	43.14	-72.51
Sheffield	VT	44.60	-72.12
Shelburne	VT	44.39	-73.22
South Barre	VT	44.16	-72.50
South Burlington	VT	44.44	-73.18
South Hero	VT	44.65	-73.30
South Lincoln	VT	44.06	-72.97
South Londonderry	VT	43.19	-72.81
South Royalton	VT	43.81	-72.51
South Shaftsbury	VT	42.94	-73.19
South Woodstock	VT	43.56	-72.53
Springfield	VT	43.30	-72.48
St. Albans	VT	44.81	-73.08
St. George	VT	44.38	-73.13
St. Johnsbury	VT	44.43	-72.01
Stamford	VT	42.75	-73.06
Stowe	VT	44.47	-72.68
Stratton Mountain	VT	43.12	-72.91
Sutton	VT	44.63	-72.03
Swanton	VT	44.92	-73.12
Townshend	VT	43.05	-72.67
Troy	VT	44.91	-72.40
Underhill Center	VT	44.51	-72.90
Underhill Flats	VT	44.52	-72.95
Vergennes	VT	44.17	-73.26
Waitsfield	VT	44.18	-72.83
Wallingford	VT	43.47	-72.97
Wardsboro	VT	43.04	-72.79
Waterbury	VT	44.34	-72.75
Waterbury Center	VT	44.38	-72.72
Websterville	VT	44.16	-72.48
Wells	VT	43.42	-73.21
Wells River	VT	44.16	-72.07
West Brattleboro	VT	42.86	-72.60
West Burke	VT	44.64	-71.98
West Charlotte	VT	44.31	-73.26
West Dummerston	VT	42.93	-72.61
West Pawlet	VT	43.35	-73.25
West Rutland	VT	43.60	-73.04
West Woodstock	VT	43.61	-72.55
Westford	VT	44.60	-73.02
Westminster	VT	43.08	-72.45
Weston	VT	43.29	-72.79
White River Junction	VT	43.65	-72.33
Whitingham	VT	42.79	-72.88
Wilder	VT	43.68	-72.32
Williamstown	VT	44.12	-72.55
Wilmington	VT	42.87	-72.86
Windsor	VT	43.48	-72.39
Winooski	VT	44.50	-73.18
Wolcott	VT	44.55	-72.47
Woodstock	VT	43.62	-72.51
Worcester	VT	44.37	-72.55
Aberdeen	WA	46.98	-123.81
Aberdeen Gardens	WA	47.06	-123.78
Acme	WA	48.72	-122.21
Addy	WA	48.36	-117.84
Ahtanum	WA	46.56	-120.61
Airway Heights	WA	47.65	-117.58
Albion	WA	46.79	-117.25
Alder	WA	46.78	-122.26
Alderton	WA	47.18	-122.22
Alderwood Manor	WA	47.81	-122.27
Alger	WA	48.61	-122.33
Algona	WA	47.28	-122.25
Allyn	WA	47.39	-122.84
Almira	WA	47.71	-118.94
Altoona	WA	46.27	-123.62
Amanda Park	WA	47.45	-123.93
Amboy	WA	45.92	-122.49
Ames Lake	WA	47.63	-121.96
Anacortes	WA	48.49	-122.62
Anatone	WA	46.14	-117.13
Anderson Island	WA	47.15	-122.68
Arlington	WA	48.17	-122.14
Arlington Heights	WA	48.21	-122.06
Artondale	WA	47.30	-122.65
Ashford	WA	46.75	-122.02
Asotin	WA	46.33	-117.04
Auburn	WA	47.30	-122.21
Bainbridge Island	WA	47.64	-122.51
Bangor Base	WA	47.72	-122.71
Banks Lake South	WA	47.63	-119.27
Barberton	WA	45.71	-122.61
Baring	WA	47.77	-121.48
Barney's Junction	WA	48.62	-118.13
Barstow	WA	48.78	-118.13
Basin City	WA	46.59	-119.16
Battle Ground	WA	45.78	-122.54
Bay Center	WA	46.62	-123.95
Bay View	WA	48.49	-122.46
Beacon Hill	WA	46.17	-122.92
Beaux Arts Village	WA	47.59	-122.20
Belfair	WA	47.45	-122.85
Bell Hill	WA	48.05	-123.09
Bellevue	WA	47.60	-122.16
Bellingham	WA	48.75	-122.47
Benton City	WA	46.26	-119.48
Bethel	WA	47.49	-122.62
Beverly	WA	46.83	-119.93
Bickleton	WA	46.01	-120.31
Big Lake	WA	48.40	-122.24
Bingen	WA	45.71	-121.47
Birch Bay	WA	48.92	-122.75
Black Diamond	WA	47.31	-122.02
Blaine	WA	48.99	-122.75
Blyn	WA	48.01	-122.98
Bonney Lake	WA	47.20	-122.16
Bothell	WA	47.77	-122.20
Bothell East	WA	47.81	-122.18
Bothell West	WA	47.81	-122.24
Boulevard Park	WA	47.51	-122.31
Bow	WA	48.56	-122.41
Boyds	WA	48.72	-118.13
Brady	WA	47.00	-123.54
Bremerton	WA	47.54	-122.72
Brewster	WA	48.11	-119.77
Bridgeport	WA	48.01	-119.67
Brier	WA	47.79	-122.27
Brinnon	WA	47.67	-122.92
Browns Point	WA	47.30	-122.44
Brush Prairie	WA	45.73	-122.55
Bryant	WA	48.25	-122.18
Bryn Mawr-Skyway	WA	47.49	-122.24
Buckley	WA	47.16	-122.02
Bucoda	WA	46.80	-122.87
Buena	WA	46.43	-120.32
Bunk Foss	WA	47.96	-122.09
Burbank	WA	46.20	-118.98
Burien	WA	47.48	-122.34
Burley	WA	47.42	-122.64
Burlington	WA	48.47	-122.33
Camano	WA	48.15	-122.46
Camas	WA	45.60	-122.43
Canterwood	WA	47.38	-122.60
Canyon Creek	WA	48.11	-121.98
Carbonado	WA	47.08	-122.05
Carlsborg	WA	48.08	-123.17
Carnation	WA	47.64	-121.90
Carson	WA	45.73	-121.83
Cascade Valley	WA	47.14	-119.33
Cashmere	WA	47.52	-120.47
Castle Rock	WA	46.27	-122.90
Cathcart	WA	47.85	-122.11
Cathlamet	WA	46.21	-123.38
Cavalero	WA	47.97	-122.08
Centerville	WA	45.75	-120.91
Central Park	WA	46.97	-123.70
Centralia	WA	46.72	-122.97
Chain Lake	WA	47.90	-121.99
Chehalis	WA	46.66	-122.97
Chelan	WA	47.84	-120.01
Chelan Falls	WA	47.80	-119.99
Cheney	WA	47.49	-117.58
Cherry Grove	WA	45.80	-122.58
Chewelah	WA	48.28	-117.72
Chico	WA	47.62	-122.72
Chinook	WA	46.28	-123.94
Clallam Bay	WA	48.25	-124.26
Clarkston	WA	46.42	-117.05
Clarkston Heights-Vineland	WA	46.38	-117.09
Clayton	WA	48.00	-117.56
Cle Elum	WA	47.19	-120.95
Clear Lake	WA	46.93	-122.30
Clearview	WA	47.83	-122.15
Cliffdell	WA	46.92	-121.04
Clinton	WA	47.96	-122.35
Clover Creek	WA	47.14	-122.38
Clyde Hill	WA	47.63	-122.22
Cohassett Beach	WA	46.86	-124.11
Colfax	WA	46.90	-117.35
College Place	WA	46.04	-118.39
Colton	WA	46.57	-117.13
Colville	WA	48.55	-117.90
Conconully	WA	48.56	-119.75
Concrete	WA	48.53	-121.76
Connell	WA	46.66	-118.84
Conway	WA	48.34	-122.34
Copalis Beach	WA	47.12	-124.17
Cosmopolis	WA	46.95	-123.77
Cottage Lake	WA	47.75	-122.08
Cougar	WA	46.05	-122.30
Coulee City	WA	47.61	-119.29
Coulee Dam	WA	47.97	-118.98
Country Homes	WA	47.75	-117.42
Coupeville	WA	48.22	-122.68
Covington	WA	47.36	-122.10
Cowiche	WA	46.67	-120.71
Crescent Bar	WA	47.22	-120.00
Creston	WA	47.76	-118.52
Crocker	WA	47.09	-122.13
Curlew	WA	48.88	-118.60
Curlew Lake	WA	48.73	-118.67
Cusick	WA	48.33	-117.29
Custer	WA	48.91	-122.64
Dallesport	WA	45.63	-121.17
Danville	WA	48.99	-118.51
Darrington	WA	48.26	-121.61
Dash Point	WA	47.31	-122.41
Davenport	WA	47.66	-118.15
Dayton	WA	46.32	-117.98
Deep River	WA	46.35	-123.70
Deer Park	WA	47.96	-117.44
Deming	WA	48.83	-122.24
Des Moines	WA	47.39	-122.32
Desert Aire	WA	46.69	-119.93
Disautel	WA	48.34	-119.23
Dixie	WA	46.14	-118.15
Dollars Corner	WA	45.78	-122.60
Donald	WA	46.48	-120.40
DuPont	WA	47.11	-122.65
Duluth	WA	45.78	-122.65
Duvall	WA	47.74	-121.97
East Cathlamet	WA	46.20	-123.36
East Port Orchard	WA	47.52	-122.62
East Renton Highlands	WA	47.47	-122.09
East Wenatchee	WA	47.42	-120.28
Eastmont	WA	47.90	-122.18
Easton	WA	47.23	-121.16
Eatonville	WA	46.87	-122.27
Edgewood	WA	47.23	-122.29
Edison	WA	48.57	-122.43
Edmonds	WA	47.81	-122.35
Elbe	WA	46.77	-122.20
Electric City	WA	47.91	-119.05
Elk Plain	WA	47.04	-122.37
Ellensburg	WA	47.00	-120.55
Elma	WA	47.01	-123.41
Elmer City	WA	48.00	-118.95
Endicott	WA	46.93	-117.69
Enetai	WA	47.59	-122.60
Entiat	WA	47.68	-120.22
Enumclaw	WA	47.20	-121.99
Ephrata	WA	47.31	-119.53
Erlands Point	WA	47.60	-122.69
Eschbach	WA	46.67	-120.63
Esperance	WA	47.79	-122.35
Everett	WA	47.97	-122.19
Everson	WA	48.91	-122.35
Fairchild AFB	WA	47.62	-117.65
Fairfield	WA	47.38	-117.17
Fairwood	WA	47.45	-122.14
Fall City	WA	47.57	-121.91
Farmington	WA	47.09	-117.05
Federal Way	WA	47.31	-122.34
Felida	WA	45.71	-122.71
Fern Prairie	WA	45.64	-122.40
Ferndale	WA	48.85	-122.59
Fife	WA	47.23	-122.35
Fife Heights	WA	47.26	-122.35
Finley	WA	46.17	-119.04
Fircrest	WA	47.23	-122.52
Five Corners	WA	45.69	-122.57
Fobes Hill	WA	47.94	-122.13
Fords Prairie	WA	46.75	-123.00
Forks	WA	47.95	-124.39
Fort Lewis	WA	47.10	-122.57
Four Lakes	WA	47.56	-117.58
Fox Island	WA	47.26	-122.65
Frederickson	WA	47.09	-122.36
Freeland	WA	48.03	-122.55
Friday Harbor	WA	48.53	-123.02
Garfield	WA	47.01	-117.14
Garrett	WA	46.06	-118.40
Geneva	WA	48.75	-122.40
George	WA	47.08	-119.86
Gig Harbor	WA	47.34	-122.60
Glacier	WA	48.89	-121.93
Gleed	WA	46.66	-120.60
Glenwood	WA	46.02	-121.29
Gold Bar	WA	47.86	-121.69
Goldendale	WA	45.82	-120.82
Gorst	WA	47.52	-122.70
Graham	WA	47.03	-122.28
Grand Coulee	WA	47.94	-119.00
Grand Mound	WA	46.80	-123.01
Grandview	WA	46.24	-119.91
Granger	WA	46.35	-120.19
Granite Falls	WA	48.09	-121.97
Grapeview	WA	47.33	-122.83
Grayland	WA	46.84	-124.09
Grays River	WA	46.37	-123.58
Green Bluff	WA	47.82	-117.27
Greenwater	WA	47.14	-121.63
Hamilton	WA	48.52	-122.00
Hansville	WA	47.91	-122.57
Harrah	WA	46.41	-120.54
Harrington	WA	47.48	-118.26
Hartline	WA	47.69	-119.11
Hat Island	WA	48.01	-122.32
Hatton	WA	46.77	-118.83
Hazel Dell	WA	45.68	-122.65
Herron Island	WA	47.27	-122.83
High Bridge	WA	47.80	-122.02
Hobart	WA	47.41	-122.01
Hockinson	WA	45.73	-122.48
Hogans Corner	WA	47.04	-124.16
Home	WA	47.27	-122.79
Hoodsport	WA	47.40	-123.15
Hoquiam	WA	46.98	-123.91
Humptulips	WA	47.23	-123.98
Hunts Point	WA	47.64	-122.23
Ilwaco	WA	46.31	-124.03
Inchelium	WA	48.36	-118.25
Index	WA	47.82	-121.56
Indianola	WA	47.76	-122.51
Ione	WA	48.74	-117.42
Issaquah	WA	47.54	-122.05
Jamestown	WA	48.12	-123.09
Kahlotus	WA	46.64	-118.56
Kalama	WA	46.02	-122.84
Kapowsin	WA	46.97	-122.22
Kayak Point	WA	48.14	-122.34
Keller	WA	48.09	-118.72
Kelso	WA	46.12	-122.89
Kendall	WA	48.92	-122.13
Kenmore	WA	47.75	-122.25
Kennewick	WA	46.20	-119.18
Kent	WA	47.39	-122.21
Ketron Island	WA	47.16	-122.63
Kettle Falls	WA	48.61	-118.06
Key Center	WA	47.33	-122.75
Keyport	WA	47.70	-122.62
Kingston	WA	47.79	-122.51
Kirkland	WA	47.70	-122.20
Kitsap Lake	WA	47.59	-122.71
Kittitas	WA	46.98	-120.42
Klickitat	WA	45.82	-121.16
Krupp	WA	47.41	-118.99
La Center	WA	45.86	-122.68
La Conner	WA	48.39	-122.49
La Grande	WA	46.81	-122.28
LaCrosse	WA	46.80	-117.92
Lacey	WA	47.04	-122.80
Lake Bosworth	WA	48.06	-121.98
Lake Cassidy	WA	48.07	-122.08
Lake Cavanaugh	WA	48.32	-122.01
Lake Forest Park	WA	47.76	-122.29
Lake Goodwin	WA	48.14	-122.28
Lake Holm	WA	47.31	-122.13
Lake Ketchum	WA	48.29	-122.35
Lake Marcel-Stillwater	WA	47.70	-121.92
Lake McMurray	WA	48.32	-122.23
Lake Morton-Berrydale	WA	47.33	-122.10
Lake Roesiger	WA	47.98	-121.91
Lake Shore	WA	45.69	-122.69
Lake Stevens	WA	48.00	-122.10
Lake Stickney	WA	47.88	-122.25
Lake Tapps	WA	47.23	-122.17
Lakeland North	WA	47.34	-122.28
Lakeland South	WA	47.28	-122.28
Lakeview	WA	47.38	-119.50
Lakewood	WA	47.16	-122.53
Lamont	WA	47.20	-117.90
Langley	WA	48.04	-122.41
Larch Way	WA	47.84	-122.25
Latah	WA	47.28	-117.16
Laurier	WA	49.00	-118.22
Leavenworth	WA	47.59	-120.66
Lebam	WA	46.56	-123.55
Lewisville	WA	45.82	-122.51
Lexington	WA	46.19	-122.91
Liberty Lake	WA	47.67	-117.10
Lind	WA	46.97	-118.62
Lochsloy	WA	48.06	-122.04
Lofall	WA	47.81	-122.65
Long Beach	WA	46.36	-124.06
Longbranch	WA	47.22	-122.77
Longview	WA	46.15	-122.96
Longview Heights	WA	46.18	-122.95
Loomis	WA	48.82	-119.64
Loon Lake	WA	48.07	-117.63
Lower Elochoman	WA	46.22	-123.37
Lyle	WA	45.70	-121.28
Lyman	WA	48.52	-122.07
Lynden	WA	48.95	-122.45
Lynnwood	WA	47.83	-122.30
Mabton	WA	46.21	-119.99
Machias	WA	47.99	-122.05
Malden	WA	47.23	-117.47
Malo	WA	48.80	-118.61
Malone	WA	46.98	-123.30
Malott	WA	48.29	-119.70
Maltby	WA	47.80	-122.11
Manchester	WA	47.55	-122.54
Mansfield	WA	47.81	-119.64
Manson	WA	47.87	-120.16
Maple Falls	WA	48.92	-122.09
Maple Heights-Lake Desire	WA	47.44	-122.09
Maple Valley	WA	47.37	-122.03
Maplewood	WA	47.38	-122.57
Marblemount	WA	48.54	-121.44
Marcus	WA	48.66	-118.06
Marietta-Alderwood	WA	48.79	-122.56
Marine View	WA	46.96	-119.35
Markham	WA	46.91	-123.99
Marrowstone	WA	48.03	-122.68
Martha Lake	WA	47.84	-122.23
Maryhill	WA	45.69	-120.81
Marysville	WA	48.08	-122.15
Mattawa	WA	46.74	-119.91
May Creek	WA	47.86	-121.67
McChord AFB	WA	47.13	-122.49
McCleary	WA	47.06	-123.27
McKenna	WA	46.93	-122.55
McMillin	WA	47.13	-122.24
Mead	WA	47.78	-117.35
Meadow Glade	WA	45.75	-122.56
Meadowdale	WA	47.86	-122.32
Medical Lake	WA	47.57	-117.69
Medina	WA	47.63	-122.24
Mercer Island	WA	47.56	-122.23
Mesa	WA	46.57	-119.00
Metaline	WA	48.85	-117.39
Metaline Falls	WA	48.86	-117.37
Methow	WA	48.13	-120.01
Midland	WA	47.17	-122.41
Mill Creek	WA	47.87	-122.21
Mill Creek East	WA	47.84	-122.19
Millwood	WA	47.69	-117.28
Milton	WA	47.25	-122.32
Mineral	WA	46.72	-122.19
Minnehaha	WA	45.66	-122.62
Mirrormont	WA	47.46	-121.99
Moclips	WA	47.23	-124.20
Monroe	WA	47.86	-121.98
Monroe North	WA	47.88	-121.99
Montesano	WA	47.01	-123.59
Morton	WA	46.56	-122.28
Moses Lake	WA	47.13	-119.28
Moses Lake North	WA	47.19	-119.32
Mossyrock	WA	46.53	-122.49
Mount Vernon	WA	48.42	-122.31
Mount Vista	WA	45.74	-122.63
Mountlake Terrace	WA	47.79	-122.30
Moxee	WA	46.56	-120.40
Mukilteo	WA	47.91	-122.30
Naches	WA	46.73	-120.69
Napavine	WA	46.59	-122.90
Naselle	WA	46.37	-123.78
Navy Yard City	WA	47.55	-122.66
Neah Bay	WA	48.36	-124.61
Neilton	WA	47.40	-123.88
Nespelem	WA	48.17	-118.97
Nespelem Community	WA	48.16	-119.05
Newcastle	WA	47.53	-122.17
Newport	WA	48.18	-117.05
Nile	WA	46.83	-120.94
Nisqually Indian Community	WA	47.03	-122.68
Nooksack	WA	48.93	-122.32
Normandy Park	WA	47.43	-122.34
North Bend	WA	47.49	-121.77
North Bonneville	WA	45.64	-121.97
North Fort Lewis	WA	47.12	-122.59
North Lynnwood	WA	47.85	-122.28
North Omak	WA	48.44	-119.45
North Puyallup	WA	47.20	-122.28
North Sultan	WA	47.88	-121.82
North Yelm	WA	46.97	-122.61
Northport	WA	48.92	-117.78
Northwest Stanwood	WA	48.26	-122.35
Oak Harbor	WA	48.29	-122.63
Oakesdale	WA	47.13	-117.25
Oakville	WA	46.84	-123.23
Ocean City	WA	47.08	-124.16
Ocean Park	WA	46.50	-124.04
Ocean Shores	WA	46.97	-124.15
Ocosta	WA	46.89	-124.03
Odessa	WA	47.33	-118.69
Okanogan	WA	48.37	-119.58
Olympia	WA	47.04	-122.89
Omak	WA	48.42	-119.53
Onalaska	WA	46.58	-122.71
Orchards	WA	45.69	-122.53
Orient	WA	48.86	-118.21
Oroville	WA	48.95	-119.43
Orting	WA	47.10	-122.21
Oso	WA	48.28	-121.92
Othello	WA	46.82	-119.17
Otis Orchards-East Farms	WA	47.70	-117.09
Outlook	WA	46.33	-120.09
Oyehut	WA	47.02	-124.17
Pacific	WA	47.26	-122.25
Pacific Beach	WA	47.21	-124.20
Packwood	WA	46.61	-121.67
Palouse	WA	46.91	-117.08
Parker	WA	46.50	-120.47
Parkland	WA	47.14	-122.44
Parkwood	WA	47.53	-122.60
Pasco	WA	46.27	-119.12
Pataha	WA	46.47	-117.54
Pateros	WA	48.05	-119.90
Pe Ell	WA	46.57	-123.30
Peaceful Valley	WA	48.95	-122.15
Picnic Point	WA	47.88	-122.31
Pine Grove	WA	48.65	-118.68
Point Roberts	WA	48.98	-123.06
Pomeroy	WA	46.47	-117.60
Port Angeles	WA	48.12	-123.45
Port Angeles East	WA	48.11	-123.37
Port Gamble Tribal Community	WA	47.85	-122.56
Port Hadlock-Irondale	WA	48.03	-122.79
Port Ludlow	WA	47.91	-122.70
Port Orchard	WA	47.54	-122.63
Port Townsend	WA	48.12	-122.79
Porter	WA	46.95	-123.28
Poulsbo	WA	47.74	-122.64
Prairie Heights	WA	47.15	-122.11
Prairie Ridge	WA	47.14	-122.14
Prescott	WA	46.30	-118.31
Prosser	WA	46.21	-119.77
Puget Island	WA	46.18	-123.38
Pullman	WA	46.73	-117.17
Purdy	WA	47.40	-122.60
Puyallup	WA	47.18	-122.29
Queets	WA	47.53	-124.34
Qui-nai-elt Village	WA	47.25	-124.19
Quilcene	WA	47.84	-122.91
Quincy	WA	47.23	-119.85
Raft Island	WA	47.33	-122.67
Rainier	WA	46.89	-122.69
Ravensdale	WA	47.36	-121.98
Raymond	WA	46.68	-123.74
Reardan	WA	47.67	-117.88
Redmond	WA	47.68	-122.12
Renton	WA	47.48	-122.19
Republic	WA	48.65	-118.73
Richland	WA	46.28	-119.29
Ridgefield	WA	45.81	-122.71
Ritzville	WA	47.12	-118.38
River Road	WA	48.07	-123.13
Riverbend	WA	47.46	-121.75
Riverpoint	WA	47.48	-121.71
Riverside	WA	48.51	-119.52
Roche Harbor	WA	48.61	-123.13
Rochester	WA	46.82	-123.06
Rock Island	WA	47.37	-120.14
Rockford	WA	47.45	-117.13
Rockport	WA	48.48	-121.61
Rocky Point	WA	47.59	-122.67
Ronald	WA	47.23	-121.03
Roosevelt	WA	45.73	-120.24
Rosalia	WA	47.24	-117.38
Rosburg	WA	46.31	-123.64
Rosedale	WA	47.34	-122.63
Roslyn	WA	47.27	-121.14
Roy	WA	46.99	-122.54
Royal City	WA	46.90	-119.62
Ruston	WA	47.30	-122.51
Ryderwood	WA	46.37	-123.04
Salmon Creek	WA	45.71	-122.66
Sammamish	WA	47.59	-122.04
Santiago	WA	47.30	-124.23
Satsop	WA	47.02	-123.48
Schwana	WA	46.82	-119.92
SeaTac	WA	47.44	-122.30
Seabeck	WA	47.64	-122.82
Seattle	WA	47.62	-122.35
Sedro-Woolley	WA	48.51	-122.23
Sekiu	WA	48.26	-124.30
Selah	WA	46.65	-120.54
Sequim	WA	48.07	-123.09
Shadow Lake	WA	47.41	-122.08
Shelton	WA	47.22	-123.11
Shoreline	WA	47.76	-122.35
Silvana	WA	48.20	-122.25
Silver Firs	WA	47.86	-122.15
Silverdale	WA	47.67	-122.68
Sisco Heights	WA	48.12	-122.11
Skamokawa Valley	WA	46.32	-123.40
Skokomish	WA	47.33	-123.16
Skykomish	WA	47.71	-121.36
Snohomish	WA	47.93	-122.09
Snoqualmie	WA	47.54	-121.87
Snoqualmie Pass	WA	47.40	-121.41
Soap Lake	WA	47.39	-119.48
South Bend	WA	46.67	-123.80
South Cle Elum	WA	47.19	-120.95
South Creek	WA	47.00	-122.39
South Hill	WA	47.12	-122.29
South Prairie	WA	47.14	-122.10
South Wenatchee	WA	47.39	-120.29
Southworth	WA	47.51	-122.53
Spanaway	WA	47.10	-122.42
Spangle	WA	47.43	-117.38
Spokane	WA	47.67	-117.43
Spokane Valley	WA	47.66	-117.23
Sprague	WA	47.30	-117.97
Springdale	WA	48.06	-117.75
St. John	WA	47.09	-117.59
Stansberry Lake	WA	47.38	-122.71
Stanwood	WA	48.25	-122.34
Starbuck	WA	46.52	-118.13
Startup	WA	47.87	-121.75
Steilacoom	WA	47.17	-122.59
Steptoe	WA	47.01	-117.35
Stevenson	WA	45.69	-121.90
Sudden Valley	WA	48.72	-122.34
Sultan	WA	47.87	-121.80
Sumas	WA	49.00	-122.27
Summit	WA	47.17	-122.36
Summit View	WA	47.14	-122.35
Summitview	WA	46.60	-120.66
Sumner	WA	47.23	-122.24
Suncrest	WA	47.83	-117.60
Sunday Lake	WA	48.23	-122.27
Sunland Estates	WA	47.07	-120.03
Sunnyside	WA	46.32	-120.01
Sunnyslope	WA	47.50	-120.35
Suquamish	WA	47.73	-122.59
Swede Heaven	WA	48.28	-121.71
Tacoma	WA	47.25	-122.46
Taholah	WA	47.33	-124.27
Tampico	WA	46.53	-120.87
Tanglewilde	WA	47.05	-122.78
Tehaleh	WA	47.12	-122.18
Tekoa	WA	47.22	-117.07
Tenino	WA	46.85	-122.86
Terrace Heights	WA	46.60	-120.44
Thorp	WA	47.07	-120.67
Three Lakes	WA	47.96	-121.98
Tieton	WA	46.70	-120.76
Tokeland	WA	46.71	-123.98
Toledo	WA	46.44	-122.85
Tonasket	WA	48.71	-119.44
Toppenish	WA	46.38	-120.31
Torboy	WA	48.67	-118.67
Touchet	WA	46.04	-118.67
Town and Country	WA	47.73	-117.42
Tracyton	WA	47.61	-122.65
Trout Lake	WA	46.00	-121.53
Tukwila	WA	47.48	-122.28
Tumwater	WA	46.99	-122.92
Twin Lakes	WA	48.26	-118.36
Twisp	WA	48.36	-120.12
Union	WA	47.35	-123.10
Union Gap	WA	46.55	-120.49
Union Hill-Novelty Hill	WA	47.68	-122.02
Uniontown	WA	46.54	-117.09
University Place	WA	47.22	-122.55
Upper Elochoman	WA	46.24	-123.32
Vader	WA	46.40	-122.96
Valley	WA	48.17	-117.72
Vancouver	WA	45.64	-122.60
Vantage	WA	46.95	-119.99
Vashon	WA	47.41	-122.46
Vaughn	WA	47.36	-122.78
Venersborg	WA	45.79	-122.47
Verlot	WA	48.10	-121.76
Waitsburg	WA	46.27	-118.15
Walla Walla	WA	46.07	-118.34
Walla Walla East	WA	46.05	-118.30
Waller	WA	47.20	-122.37
Wallula	WA	46.08	-118.91
Wapato	WA	46.44	-120.42
Warden	WA	46.97	-119.05
Warm Beach	WA	48.17	-122.35
Washougal	WA	45.58	-122.35
Washtucna	WA	46.75	-118.31
Waterville	WA	47.65	-120.07
Wauna	WA	47.38	-122.67
Waverly	WA	47.34	-117.23
Wenatchee	WA	47.44	-120.33
West Clarkston-Highland	WA	46.40	-117.06
West Pasco	WA	46.25	-119.18
West Richland	WA	46.31	-119.39
Westport	WA	46.89	-124.12
Wheeler	WA	47.13	-119.18
Whidbey Island Station	WA	48.35	-122.65
White Center	WA	47.51	-122.35
White Salmon	WA	45.73	-121.49
White Swan	WA	46.38	-120.74
Wilbur	WA	47.76	-118.71
Wilderness Rim	WA	47.45	-121.77
Wilkeson	WA	47.10	-122.05
Willapa	WA	46.68	-123.66
Wilson Creek	WA	47.42	-119.12
Winlock	WA	46.49	-122.93
Winthrop	WA	48.47	-120.18
Wishram	WA	45.66	-120.97
Wollochet	WA	47.28	-122.58
Woodinville	WA	47.76	-122.15
Woodland	WA	45.92	-122.75
Woods Creek	WA	47.88	-121.90
Woodway	WA	47.79	-122.39
Yacolt	WA	45.87	-122.41
Yakima	WA	46.59	-120.55
Yarrow Point	WA	47.64	-122.22
Yelm	WA	46.94	-122.64
Zillah	WA	46.41	-120.27
Abbotsford	WI	44.94	-90.32
Abrams	WI	44.78	-88.06
Adams	WI	43.96	-89.82
Adell	WI	43.62	-87.95
Albany	WI	42.71	-89.44
Algoma	WI	44.61	-87.45
Allens Grove	WI	42.58	-88.77
Allenton	WI	43.42	-88.34
Allouez	WI	44.47	-88.03
Alma	WI	44.34	-91.92
Alma Center	WI	44.44	-90.91
Almena	WI	45.41	-92.04
Almond	WI	44.26	-89.41
Alto	WI	43.67	-88.79
Altoona	WI	44.80	-91.44
Amberg	WI	45.51	-87.99
Amery	WI	45.30	-92.36
Amherst	WI	44.45	-89.28
Amherst Junction	WI	44.47	-89.32
Angelica	WI	44.68	-88.32
Aniwa	WI	45.01	-89.21
Antigo	WI	45.14	-89.16
Appleton	WI	44.28	-88.39
Arcadia	WI	44.25	-91.49
Arena	WI	43.16	-89.91
Argonne	WI	45.66	-88.88
Argyle	WI	42.70	-89.87
Arkansaw	WI	44.63	-92.02
Arkdale	WI	44.03	-89.89
Arlington	WI	43.34	-89.37
Arpin	WI	44.54	-90.03
Ashippun	WI	43.22	-88.52
Ashland	WI	46.58	-90.87
Ashwaubenon	WI	44.48	-88.09
Athens	WI	45.03	-90.08
Auburndale	WI	44.63	-90.01
Augusta	WI	44.68	-91.12
Avoca	WI	43.19	-90.33
Babcock	WI	44.30	-90.11
Bagley	WI	42.90	-91.10
Baileys Harbor	WI	45.07	-87.14
Baldwin	WI	44.95	-92.37
Balsam Lake	WI	45.46	-92.45
Bancroft	WI	44.31	-89.51
Bangor	WI	43.89	-90.99
Baraboo	WI	43.47	-89.74
Barneveld	WI	43.01	-89.90
Barron	WI	45.40	-91.84
Barronett	WI	45.64	-91.99
Batavia	WI	43.59	-88.05
Bay City	WI	44.59	-92.45
Bayfield	WI	46.82	-90.82
Bayfront	WI	46.62	-90.79
Bayside	WI	43.18	-87.90
Bear Creek	WI	44.53	-88.73
Beaver Dam	WI	43.47	-88.83
Belgium	WI	43.50	-87.85
Bell Center	WI	43.29	-90.83
Belleville	WI	42.86	-89.54
Bellevue	WI	44.46	-87.96
Belmont	WI	42.74	-90.33
Beloit	WI	42.52	-89.02
Benton	WI	42.57	-90.38
Berlin	WI	43.97	-88.95
Big Bend	WI	42.88	-88.20
Big Falls	WI	44.62	-89.02
Big Foot Prairie	WI	42.50	-88.60
Birch Hill	WI	46.52	-90.56
Birchwood	WI	45.66	-91.55
Birnamwood	WI	44.93	-89.21
Biron	WI	44.43	-89.77
Black Creek	WI	44.47	-88.45
Black Earth	WI	43.13	-89.75
Black River Falls	WI	44.30	-90.84
Blair	WI	44.33	-91.30
Blanchardville	WI	42.81	-89.86
Bloomer	WI	45.10	-91.49
Bloomfield	WI	42.55	-88.35
Bloomington	WI	42.89	-90.93
Blue Mounds	WI	43.02	-89.83
Blue River	WI	43.18	-90.57
Bluffview	WI	43.36	-89.77
Boaz	WI	43.33	-90.53
Bohners Lake	WI	42.62	-88.28
Bonduel	WI	44.74	-88.45
Boscobel	WI	43.15	-90.71
Boulder Junction	WI	46.11	-89.65
Bowler	WI	44.86	-88.98
Boyceville	WI	45.04	-92.04
Boyd	WI	44.95	-91.04
Brandon	WI	43.74	-88.78
Brice Prairie	WI	43.94	-91.31
Briggsville	WI	43.66	-89.59
Brillion	WI	44.17	-88.07
Bristol	WI	42.53	-88.01
Brodhead	WI	42.62	-89.38
Brookfield	WI	43.06	-88.12
Brooklyn	WI	42.85	-89.38
Brothertown	WI	43.97	-88.32
Brown Deer	WI	43.17	-87.97
Browns Lake	WI	42.69	-88.24
Brownsville	WI	43.61	-88.50
Browntown	WI	42.58	-89.79
Bruce	WI	45.46	-91.28
Brule	WI	46.56	-91.57
Buffalo City	WI	44.22	-91.87
Burlington	WI	42.68	-88.27
Burnett	WI	43.51	-88.71
Butler	WI	43.11	-88.07
Butte des Morts	WI	44.11	-88.66
Butternut	WI	46.01	-90.50
Cable	WI	46.20	-91.29
Cadott	WI	44.95	-91.15
Caledonia	WI	42.80	-87.88
Cambria	WI	43.54	-89.11
Cambridge	WI	43.01	-89.02
Cameron	WI	45.40	-91.74
Camp Douglas	WI	43.92	-90.27
Campbellsport	WI	43.60	-88.28
Caroline	WI	44.72	-88.90
Cascade	WI	43.66	-88.01
Casco	WI	44.56	-87.62
Cashton	WI	43.74	-90.79
Cassville	WI	42.72	-90.99
Cataract	WI	44.09	-90.84
Catawba	WI	45.54	-90.53
Cazenovia	WI	43.53	-90.20
Cecil	WI	44.81	-88.45
Cedar Grove	WI	43.57	-87.82
Cedarburg	WI	43.30	-87.99
Ceex Haci	WI	44.28	-89.97
Centuria	WI	45.45	-92.56
Chain O' Lakes	WI	44.33	-89.16
Chaseburg	WI	43.66	-91.10
Chelsea	WI	45.29	-90.31
Chenequa	WI	43.12	-88.38
Chetek	WI	45.32	-91.65
Chief Lake	WI	45.94	-91.34
Chili	WI	44.63	-90.36
Chilton	WI	44.03	-88.16
Chippewa Falls	WI	44.93	-91.39
Clam Lake	WI	46.15	-90.91
Clarks Mills	WI	44.09	-87.86
Clayton	WI	45.33	-92.16
Clear Lake	WI	45.25	-92.27
Cleveland	WI	43.92	-87.75
Clinton	WI	42.56	-88.87
Clintonville	WI	44.62	-88.75
Clyman	WI	43.31	-88.72
Cobb	WI	42.97	-90.33
Cochrane	WI	44.23	-91.84
Colby	WI	44.91	-90.32
Coleman	WI	45.07	-88.04
Colfax	WI	45.00	-91.73
Collins	WI	44.09	-87.98
Coloma	WI	44.04	-89.53
Columbus	WI	43.34	-89.03
Combined Locks	WI	44.26	-88.31
Como	WI	42.61	-88.49
Conrath	WI	45.38	-91.04
Coon Valley	WI	43.70	-91.01
Cornell	WI	45.16	-91.15
Cornucopia	WI	46.86	-91.11
Cottage Grove	WI	43.09	-89.21
Couderay	WI	45.80	-91.30
Crandon	WI	45.57	-88.90
Crivitz	WI	45.23	-88.01
Cross Plains	WI	43.12	-89.65
Cuba City	WI	42.60	-90.43
Cudahy	WI	42.95	-87.86
Cumberland	WI	45.54	-92.02
Curtiss	WI	44.95	-90.44
Dale	WI	44.28	-88.67
Dallas	WI	45.26	-91.81
Dalton	WI	43.66	-89.21
Danbury	WI	46.01	-92.38
Dane	WI	43.25	-89.50
Darien	WI	42.60	-88.71
Darlington	WI	42.68	-90.12
De Pere	WI	44.43	-88.08
De Soto	WI	43.43	-91.20
DeForest	WI	43.23	-89.35
Deer Park	WI	45.19	-92.39
Deerfield	WI	43.05	-89.08
Dekorra	WI	43.45	-89.46
Delafield	WI	43.07	-88.39
Delavan	WI	42.63	-88.63
Delavan Lake	WI	42.60	-88.62
Dellwood	WI	43.95	-89.93
Denmark	WI	44.35	-87.83
Diamond Bluff	WI	44.65	-92.62
Diaperville	WI	46.60	-90.71
Dickeyville	WI	42.62	-90.59
Dodge	WI	44.13	-91.55
Dodgeville	WI	42.97	-90.13
Dorchester	WI	45.00	-90.33
Dousman	WI	43.01	-88.48
Downing	WI	45.05	-92.12
Downsville	WI	44.78	-91.93
Doylestown	WI	43.43	-89.15
Dresser	WI	45.36	-92.63
Drummond	WI	46.34	-91.25
Dunbar	WI	45.65	-88.18
Durand	WI	44.62	-91.96
Dyckesville	WI	44.64	-87.76
Eagle	WI	42.88	-88.46
Eagle Lake	WI	42.70	-88.13
Eagle River	WI	45.92	-89.26
East Troy	WI	42.79	-88.40
Eastman	WI	43.17	-91.03
Easton	WI	43.84	-89.80
Eau Claire	WI	44.82	-91.49
Eden	WI	43.69	-88.37
Edgar	WI	44.92	-89.96
Edgerton	WI	42.84	-89.07
Edmund	WI	42.97	-90.26
Egg Harbor	WI	45.05	-87.30
Eland	WI	44.87	-89.21
Elcho	WI	45.44	-89.19
Elderon	WI	44.79	-89.25
Eleva	WI	44.58	-91.47
Elk Mound	WI	44.87	-91.69
Elkhart Lake	WI	43.83	-88.01
Elkhorn	WI	42.67	-88.54
Ellison Bay	WI	45.26	-87.07
Ellsworth	WI	44.74	-92.48
Elm Grove	WI	43.05	-88.09
Elmwood	WI	44.78	-92.15
Elmwood Park	WI	42.69	-87.82
Elroy	WI	43.74	-90.27
Embarrass	WI	44.67	-88.70
Emerald	WI	45.09	-92.25
Endeavor	WI	43.71	-89.47
Ephraim	WI	45.17	-87.17
Ettrick	WI	44.17	-91.27
Eureka	WI	44.01	-88.84
Evansville	WI	42.78	-89.30
Exeland	WI	45.67	-91.24
Fairchild	WI	44.61	-90.96
Fairwater	WI	43.74	-88.87
Fall Creek	WI	44.76	-91.28
Fall River	WI	43.39	-89.05
Fennimore	WI	42.98	-90.65
Fenwood	WI	44.87	-90.01
Ferryville	WI	43.35	-91.10
Fitchburg	WI	42.99	-89.43
Florence	WI	45.93	-88.24
Fond du Lac	WI	43.77	-88.44
Fontana-on-Geneva Lake	WI	42.55	-88.57
Footville	WI	42.67	-89.21
Forest Junction	WI	44.21	-88.15
Forestville	WI	44.69	-87.48
Fort Atkinson	WI	42.92	-88.85
Fountain City	WI	44.12	-91.69
Fox Crossing	WI	44.22	-88.48
Fox Lake	WI	43.56	-88.91
Fox Point	WI	43.16	-87.90
Francis Creek	WI	44.20	-87.72
Franklin	WI	42.88	-88.01
Franks Field	WI	46.55	-90.60
Frederic	WI	45.65	-92.46
Fredonia	WI	43.47	-87.95
Fremont	WI	44.26	-88.87
French Island	WI	43.86	-91.26
Friendship	WI	43.97	-89.82
Friesland	WI	43.59	-89.07
Fulton	WI	42.81	-89.13
Galesville	WI	44.08	-91.36
Gays Mills	WI	43.33	-90.85
Genoa	WI	43.57	-91.23
Genoa City	WI	42.51	-88.32
Germantown	WI	43.23	-88.12
Gibbsville	WI	43.65	-87.83
Gillett	WI	44.89	-88.31
Gilman	WI	45.17	-90.81
Gilmanton	WI	44.48	-91.67
Glen Flora	WI	45.50	-90.89
Glen Haven	WI	42.84	-91.06
Glenbeulah	WI	43.80	-88.05
Glendale	WI	43.13	-87.93
Glenwood City	WI	45.05	-92.17
Glidden	WI	46.13	-90.57
Goodman	WI	45.62	-88.35
Gordon	WI	46.24	-91.80
Gotham	WI	43.22	-90.30
Grafton	WI	43.32	-87.95
Grand Marsh	WI	43.89	-89.71
Grand View	WI	46.37	-91.10
Granton	WI	44.59	-90.46
Grantsburg	WI	45.78	-92.68
Gratiot	WI	42.58	-90.02
Green Bay	WI	44.52	-87.99
Green Lake	WI	43.84	-88.96
Green Valley	WI	44.80	-88.27
Greenbush	WI	43.78	-88.09
Greendale	WI	42.94	-88.00
Greenfield	WI	42.96	-88.01
Greenleaf	WI	44.32	-88.10
Greenville	WI	44.28	-88.55
Greenwood	WI	44.77	-90.60
Gresham	WI	44.85	-88.79
Hager City	WI	44.60	-92.53
Hales Corners	WI	42.94	-88.05
Hammond	WI	44.97	-92.44
Hancock	WI	44.13	-89.52
Hanover	WI	42.64	-89.17
Harrison	WI	44.19	-88.29
Harrisville	WI	43.88	-89.41
Hartford	WI	43.32	-88.38
Hartland	WI	43.10	-88.34
Hatfield	WI	44.42	-90.75
Hatley	WI	44.89	-89.34
Haugen	WI	45.61	-91.78
Hawkins	WI	45.51	-90.72
Hayward	WI	46.01	-91.49
Hazel Green	WI	42.53	-90.44
Hebron	WI	42.92	-88.69
Helenville	WI	43.02	-88.70
Herbster	WI	46.84	-91.24
Hewitt	WI	44.64	-90.10
Highland	WI	43.05	-90.38
Hilbert	WI	44.14	-88.16
Hillsboro	WI	43.66	-90.33
Hingham	WI	43.65	-87.91
Hixton	WI	44.38	-91.01
Hobart	WI	44.50	-88.16
Holcombe	WI	45.22	-91.12
Hollandale	WI	42.87	-89.93
Holmen	WI	43.97	-91.27
Horicon	WI	43.45	-88.64
Hortonville	WI	44.34	-88.64
Houlton	WI	45.07	-92.79
Howard	WI	44.57	-88.07
Howards Grove	WI	43.83	-87.82
Hudson	WI	44.96	-92.73
Humbird	WI	44.53	-90.88
Hurley	WI	46.44	-90.21
Hustisford	WI	43.34	-88.60
Hustler	WI	43.88	-90.27
Independence	WI	44.31	-91.42
Ingram	WI	45.51	-90.81
Iola	WI	44.51	-89.12
Iron Belt	WI	46.40	-90.32
Iron Ridge	WI	43.40	-88.53
Iron River	WI	46.58	-91.40
Ironton	WI	43.54	-90.15
Ixonia	WI	43.14	-88.60
Jackson	WI	43.32	-88.16
Janesville	WI	42.68	-89.01
Jefferson	WI	43.00	-88.81
Jim Falls	WI	45.05	-91.27
Johnson Creek	WI	43.08	-88.77
Jolmaville	WI	46.43	-90.75
Juda	WI	42.59	-89.51
Jump River	WI	45.36	-90.80
Junction City	WI	44.59	-89.77
Juneau	WI	43.40	-88.70
Kaukauna	WI	44.28	-88.26
Kekoskee	WI	43.50	-88.58
Kellnersville	WI	44.23	-87.80
Kendall	WI	43.79	-90.37
Kennan	WI	45.53	-90.59
Kenosha	WI	42.59	-87.88
Keshena	WI	44.87	-88.59
Kewaskum	WI	43.52	-88.23
Kewaunee	WI	44.46	-87.52
Kiel	WI	43.92	-88.03
Kieler	WI	42.58	-90.61
Kimberly	WI	44.27	-88.34
King	WI	44.34	-89.12
Kingston	WI	43.69	-89.13
Knapp	WI	44.95	-92.08
Knowlton	WI	44.72	-89.68
Kohler	WI	43.74	-87.78
Krakow	WI	44.76	-88.26
Kronenwetter	WI	44.82	-89.59
La Crosse	WI	43.82	-91.22
La Farge	WI	43.58	-90.64
La Valle	WI	43.58	-90.13
Lac La Belle	WI	43.15	-88.52
Lac du Flambeau	WI	45.96	-89.90
Ladysmith	WI	45.46	-91.10
Lake Arrowhead	WI	44.20	-89.84
Lake Camelot	WI	44.21	-89.76
Lake Delton	WI	43.59	-89.78
Lake Geneva	WI	42.58	-88.43
Lake Hallie	WI	44.89	-91.42
Lake Ivanhoe	WI	42.58	-88.34
Lake Koshkonong	WI	42.86	-88.94
Lake Lorraine	WI	42.73	-88.74
Lake Mills	WI	43.08	-88.91
Lake Nebagamon	WI	46.50	-91.70
Lake Ripley	WI	43.01	-88.99
Lake Sherwood	WI	44.21	-89.79
Lake Tomahawk	WI	45.81	-89.58
Lake Wazeecha	WI	44.37	-89.75
Lake Wisconsin	WI	43.36	-89.60
Lake Wissota	WI	44.93	-91.29
Lakewood	WI	45.30	-88.51
Lancaster	WI	42.85	-90.71
Lannon	WI	43.16	-88.16
Laona	WI	45.56	-88.67
Lauderdale Lakes	WI	42.77	-88.58
Lebanon	WI	43.26	-88.63
Legend Lake	WI	44.90	-88.54
Lena	WI	44.95	-88.05
Leopolis	WI	44.77	-88.84
Lewis	WI	45.72	-92.39
Lily Lake	WI	42.57	-88.21
Lime Ridge	WI	43.47	-90.16
Linden	WI	42.92	-90.27
Little Chute	WI	44.29	-88.32
Little Round Lake	WI	45.97	-91.37
Little Sturgeon	WI	44.84	-87.57
Livingston	WI	42.90	-90.43
Lodi	WI	43.32	-89.54
Loganville	WI	43.44	-90.04
Lohrville	WI	44.04	-89.12
Lomira	WI	43.59	-88.44
Lone Rock	WI	43.19	-90.20
Long Lake	WI	45.84	-88.67
Lowell	WI	43.33	-88.81
Loyal	WI	44.74	-90.50
Lublin	WI	45.07	-90.72
Luck	WI	45.58	-92.46
Luxemburg	WI	44.54	-87.71
Lyndon Station	WI	43.71	-89.89
Lynxville	WI	43.25	-91.05
Lyons	WI	42.65	-88.36
Madison	WI	43.09	-89.43
Maiden Rock	WI	44.57	-92.31
Maine	WI	45.06	-89.68
Manawa	WI	44.46	-88.92
Manitowoc	WI	44.10	-87.68
Maple Bluff	WI	43.12	-89.37
Marathon City	WI	44.94	-89.85
Marengo	WI	46.42	-90.81
Maribel	WI	44.28	-87.80
Marinette	WI	45.09	-87.63
Marion	WI	44.68	-88.90
Markesan	WI	43.71	-88.99
Marquette	WI	43.75	-89.14
Marshall	WI	43.17	-89.06
Marshfield	WI	44.66	-90.17
Mason	WI	46.44	-91.06
Mattoon	WI	45.00	-89.04
Mauston	WI	43.80	-90.08
Mayville	WI	43.50	-88.55
Mazomanie	WI	43.17	-89.80
McFarland	WI	43.02	-89.28
Medford	WI	45.14	-90.34
Mellen	WI	46.32	-90.66
Melrose	WI	44.13	-91.00
Melvina	WI	43.80	-90.78
Menasha	WI	44.21	-88.43
Menomonee Falls	WI	43.16	-88.12
Menomonie	WI	44.89	-91.91
Mequon	WI	43.21	-88.01
Mercer	WI	46.16	-90.04
Merrill	WI	45.18	-89.70
Merrillan	WI	44.45	-90.83
Merrimac	WI	43.38	-89.63
Merton	WI	43.14	-88.31
Middle Village	WI	44.93	-88.72
Middleton	WI	43.11	-89.51
Milladore	WI	44.61	-89.86
Millston	WI	44.19	-90.65
Milltown	WI	45.52	-92.50
Milton	WI	42.77	-88.94
Milwaukee	WI	43.06	-87.97
Mindoro	WI	44.02	-91.10
Mineral Point	WI	42.86	-90.18
Minocqua	WI	45.88	-89.70
Minong	WI	46.10	-91.83
Mishicot	WI	44.23	-87.64
Mission	WI	44.35	-90.76
Mole Lake	WI	45.49	-88.98
Mondovi	WI	44.57	-91.67
Monona	WI	43.05	-89.33
Monroe	WI	42.60	-89.64
Montello	WI	43.79	-89.33
Montfort	WI	42.97	-90.43
Monticello	WI	42.74	-89.59
Montreal	WI	46.43	-90.24
Mosinee	WI	44.79	-89.68
Mount Calvary	WI	43.82	-88.24
Mount Hope	WI	42.97	-90.86
Mount Horeb	WI	43.01	-89.73
Mount Pleasant	WI	42.71	-87.88
Mount Sterling	WI	43.32	-90.93
Mountain	WI	45.19	-88.47
Mukwonago	WI	42.85	-88.32
Muscoda	WI	43.19	-90.43
Muskego	WI	42.87	-88.13
Nashotah	WI	43.09	-88.41
Navarino	WI	44.61	-88.49
Necedah	WI	44.02	-90.08
Neenah	WI	44.16	-88.48
Neillsville	WI	44.56	-90.59
Nekoosa	WI	44.31	-89.91
Nelson	WI	44.42	-92.00
Nelsonville	WI	44.49	-89.30
Neopit	WI	44.98	-88.81
Neosho	WI	43.31	-88.52
Neshkoro	WI	43.97	-89.22
New Auburn	WI	45.20	-91.57
New Berlin	WI	42.97	-88.13
New Glarus	WI	42.81	-89.63
New Holstein	WI	43.95	-88.09
New Lisbon	WI	43.88	-90.16
New London	WI	44.40	-88.74
New Munster	WI	42.58	-88.23
New Odanah	WI	46.60	-90.65
New Post	WI	45.90	-91.21
New Richmond	WI	45.13	-92.54
Newald	WI	45.74	-88.70
Newburg	WI	43.43	-88.05
Niagara	WI	45.78	-88.00
Nichols	WI	44.57	-88.47
North Bay	WI	42.76	-87.78
North Fond du Lac	WI	43.81	-88.49
North Freedom	WI	43.46	-89.85
North Hudson	WI	45.00	-92.75
North Lake	WI	43.16	-88.37
North Prairie	WI	42.94	-88.40
Northport	WI	44.41	-88.81
Norwalk	WI	43.83	-90.63
Oak Creek	WI	42.88	-87.90
Oakdale	WI	43.96	-90.38
Oakfield	WI	43.68	-88.55
Oconomowoc	WI	43.10	-88.49
Oconomowoc Lake	WI	43.10	-88.45
Oconto	WI	44.89	-87.87
Oconto Falls	WI	44.88	-88.15
Odanah	WI	46.59	-90.68
Ogdensburg	WI	44.46	-89.02
Ogema	WI	45.46	-90.30
Okauchee Lake	WI	43.13	-88.44
Oliver	WI	46.65	-92.18
Omro	WI	44.04	-88.74
Onalaska	WI	43.89	-91.20
Ontario	WI	43.72	-90.59
Oostburg	WI	43.62	-87.79
Oregon	WI	42.93	-89.39
Orfordville	WI	42.63	-89.26
Osceola	WI	45.32	-92.70
Oshkosh	WI	44.02	-88.56
Osseo	WI	44.58	-91.21
Owen	WI	44.95	-90.56
Oxford	WI	43.78	-89.56
Paac Ciinak	WI	44.86	-89.16
Packwaukee	WI	43.77	-89.46
Paddock Lake	WI	42.57	-88.11
Palmyra	WI	42.88	-88.60
Pardeeville	WI	43.54	-89.30
Park Falls	WI	45.94	-90.44
Park Ridge	WI	44.52	-89.55
Patch Grove	WI	42.94	-90.97
Pella	WI	44.74	-88.82
Pembine	WI	45.64	-87.99
Pence	WI	46.41	-90.27
Pepin	WI	44.44	-92.15
Peshtigo	WI	45.06	-87.74
Pewaukee	WI	43.07	-88.24
Phillips	WI	45.69	-90.40
Pigeon Falls	WI	44.42	-91.21
Pine River	WI	44.15	-89.08
Pittsville	WI	44.44	-90.14
Plain	WI	43.28	-90.04
Plainfield	WI	44.22	-89.50
Platteville	WI	42.73	-90.47
Pleasant Prairie	WI	42.53	-87.89
Plover	WI	44.46	-89.54
Plum City	WI	44.64	-92.19
Plymouth	WI	43.75	-87.97
Polonia	WI	44.58	-89.41
Poplar	WI	46.58	-91.78
Port Edwards	WI	44.34	-89.85
Port Washington	WI	43.38	-87.88
Port Wing	WI	46.78	-91.38
Portage	WI	43.55	-89.47
Post Lake	WI	45.43	-89.09
Potosi	WI	42.69	-90.71
Potter	WI	44.12	-88.10
Potter Lake	WI	42.82	-88.34
Pound	WI	45.10	-88.03
Powers Lake	WI	42.54	-88.30
Poy Sippi	WI	44.14	-89.00
Poynette	WI	43.39	-89.40
Prairie Farm	WI	45.24	-91.98
Prairie du Chien	WI	43.04	-91.14
Prairie du Sac	WI	43.29	-89.74
Prentice	WI	45.54	-90.29
Prescott	WI	44.75	-92.79
Princeton	WI	43.86	-89.12
Pulaski	WI	44.67	-88.23
Pulcifer	WI	44.85	-88.36
Racine	WI	42.73	-87.81
Radisson	WI	45.77	-91.22
Randolph	WI	43.54	-89.00
Random Lake	WI	43.55	-87.96
Raymond	WI	42.80	-88.01
Readstown	WI	43.45	-90.76
Redgranite	WI	44.05	-89.12
Reedsburg	WI	43.54	-90.00
Reedsville	WI	44.15	-87.95
Reeseville	WI	43.31	-88.84
Reserve	WI	45.82	-91.37
Rewey	WI	42.84	-90.40
Rhinelander	WI	45.64	-89.43
Rib Lake	WI	45.32	-90.20
Rib Mountain	WI	44.92	-89.69
Rice Lake	WI	45.48	-91.75
Richfield	WI	43.24	-88.23
Richland Center	WI	43.34	-90.38
Ridgeland	WI	45.20	-91.90
Ridgeway	WI	43.00	-89.99
Rio	WI	43.45	-89.24
Ripon	WI	43.84	-88.84
River Falls	WI	44.86	-92.63
River Hills	WI	43.17	-87.93
Roberts	WI	44.96	-92.55
Rochester	WI	42.73	-88.25
Rock Falls	WI	44.72	-91.70
Rock Springs	WI	43.48	-89.93
Rockdale	WI	42.97	-89.03
Rockland	WI	43.91	-90.92
Rome	WI	42.99	-88.65
Rosendale	WI	43.81	-88.67
Rosholt	WI	44.63	-89.31
Rothschild	WI	44.87	-89.62
Rubicon	WI	43.34	-88.45
Rudolph	WI	44.50	-89.80
Salem Lakes	WI	42.54	-88.13
Sand Pillow	WI	44.33	-90.76
Sandy Hook	WI	42.55	-90.62
Sauk City	WI	43.27	-89.73
Saukville	WI	43.39	-87.94
Saxon	WI	46.49	-90.41
Sayner	WI	45.99	-89.54
Scandinavia	WI	44.46	-89.15
Schofield	WI	44.91	-89.62
Seneca	WI	43.27	-90.96
Sextonville	WI	43.28	-90.29
Seymour	WI	44.51	-88.33
Sharon	WI	42.50	-88.73
Shawano	WI	44.78	-88.59
Sheboygan	WI	43.74	-87.73
Sheboygan Falls	WI	43.73	-87.83
Sheldon	WI	45.31	-90.96
Shell Lake	WI	45.73	-91.91
Sherwood	WI	44.18	-88.28
Shiocton	WI	44.45	-88.58
Shopiere	WI	42.57	-88.94
Shorewood	WI	43.09	-87.89
Shorewood Hills	WI	43.08	-89.45
Shullsburg	WI	42.57	-90.23
Siren	WI	45.78	-92.38
Sister Bay	WI	45.19	-87.13
Slinger	WI	43.34	-88.28
Sobieski	WI	44.72	-88.07
Soldiers Grove	WI	43.39	-90.77
Solon Springs	WI	46.35	-91.83
Somers	WI	42.64	-87.89
Somerset	WI	45.13	-92.67
South Milwaukee	WI	42.91	-87.86
South Wayne	WI	42.57	-89.88
Sparta	WI	43.94	-90.81
Spencer	WI	44.75	-90.30
Spooner	WI	45.83	-91.89
Spring Green	WI	43.18	-90.07
Spring Valley	WI	44.85	-92.24
Springbrook	WI	45.95	-91.69
Springfield	WI	42.64	-88.41
St. Cloud	WI	43.82	-88.17
St. Croix Falls	WI	45.41	-92.62
St. Francis	WI	42.97	-87.87
St. Joseph	WI	43.79	-91.04
St. Nazianz	WI	44.01	-87.92
St. Peter	WI	43.84	-88.34
Stanley	WI	44.96	-90.94
Star Prairie	WI	45.20	-92.53
Stetsonville	WI	45.08	-90.31
Steuben	WI	43.18	-90.86
Stevens Point	WI	44.53	-89.55
Stockbridge	WI	44.07	-88.31
Stockholm	WI	44.49	-92.27
Stoddard	WI	43.66	-91.21
Stone Lake	WI	45.84	-91.55
Stoughton	WI	42.92	-89.22
Stratford	WI	44.80	-90.07
Strum	WI	44.55	-91.39
Sturgeon Bay	WI	44.82	-87.37
Sturtevant	WI	42.70	-87.90
Suamico	WI	44.63	-88.03
Sullivan	WI	43.01	-88.60
Summit	WI	43.05	-88.48
Summit Lake	WI	45.38	-89.20
Sun Prairie	WI	43.18	-89.24
Superior	WI	46.69	-92.08
Suring	WI	45.00	-88.37
Sussex	WI	43.13	-88.23
Tainter Lake	WI	44.99	-91.85
Taycheedah	WI	43.81	-88.39
Taylor	WI	44.32	-91.12
Tennyson	WI	42.69	-90.69
Theresa	WI	43.52	-88.45
Thiensville	WI	43.24	-87.98
Thornton	WI	44.80	-88.69
Thorp	WI	44.96	-90.80
Three Lakes	WI	45.80	-89.17
Tichigan	WI	42.81	-88.22
Tigerton	WI	44.74	-89.05
Tilleda	WI	44.82	-88.91
Tomah	WI	43.99	-90.50
Tomahawk	WI	45.48	-89.71
Tony	WI	45.48	-91.00
Townsend	WI	45.32	-88.59
Trego	WI	45.91	-91.83
Trempealeau	WI	44.00	-91.43
Tunnel City	WI	44.00	-90.57
Turtle Lake	WI	45.39	-92.15
Tustin	WI	44.17	-88.90
Twin Lakes	WI	42.52	-88.25
Two Rivers	WI	44.16	-87.58
Union Center	WI	43.68	-90.26
Union Grove	WI	42.69	-88.05
Unity	WI	44.85	-90.31
Valders	WI	44.07	-87.89
Van Dyne	WI	43.89	-88.50
Vernon	WI	42.88	-88.27
Verona	WI	42.99	-89.54
Vesper	WI	44.48	-89.97
Viola	WI	43.51	-90.67
Viroqua	WI	43.56	-90.89
Wabeno	WI	45.44	-88.66
Waldo	WI	43.68	-87.95
Wales	WI	43.01	-88.37
Walworth	WI	42.53	-88.59
Warrens	WI	44.13	-90.52
Washburn	WI	46.68	-90.90
Waterford	WI	42.76	-88.22
Waterloo	WI	43.18	-88.99
Watertown	WI	43.19	-88.73
Waubeka	WI	43.47	-87.99
Waukau	WI	43.98	-88.77
Waukesha	WI	43.01	-88.25
Waumandee	WI	44.30	-91.71
Waunakee	WI	43.18	-89.45
Waupaca	WI	44.35	-89.07
Waupun	WI	43.63	-88.74
Wausau	WI	44.96	-89.65
Wausaukee	WI	45.38	-87.95
Wautoma	WI	44.07	-89.29
Wauwatosa	WI	43.06	-88.04
Wauzeka	WI	43.09	-90.90
Webster	WI	45.88	-92.36
West Allis	WI	43.01	-88.03
West Baraboo	WI	43.48	-89.77
West Bend	WI	43.42	-88.18
West Milwaukee	WI	43.01	-87.97
West Salem	WI	43.90	-91.09
Westboro	WI	45.36	-90.29
Westby	WI	43.65	-90.86
Westfield	WI	43.89	-89.49
Weston	WI	44.89	-89.55
Weyauwega	WI	44.32	-88.93
Weyerhaeuser	WI	45.43	-91.42
Wheeler	WI	45.04	-91.90
White Lake	WI	45.16	-88.76
Whitefish Bay	WI	43.11	-87.90
Whitehall	WI	44.36	-91.34
Whitelaw	WI	44.15	-87.83
Whitewater	WI	42.84	-88.73
Whiting	WI	44.49	-89.56
Whittlesey	WI	45.22	-90.32
Wild Rose	WI	44.18	-89.24
Williams Bay	WI	42.58	-88.55
Wilson	WI	44.96	-92.17
Wilton	WI	43.81	-90.53
Winchester	WI	44.20	-88.66
Wind Lake	WI	42.83	-88.15
Wind Point	WI	42.78	-87.77
Windsor	WI	43.25	-89.28
Winneconne	WI	44.11	-88.71
Winter	WI	45.82	-91.01
Wiota	WI	42.64	-89.95
Wisconsin Dells	WI	43.64	-89.78
Wisconsin Rapids	WI	44.39	-89.83
Withee	WI	44.95	-90.60
Wittenberg	WI	44.83	-89.17
Wonewoc	WI	43.65	-90.22
Woodford	WI	42.65	-89.86
Woodman	WI	43.09	-90.80
Woodruff	WI	45.89	-89.69
Woodville	WI	44.95	-92.29
Wrightstown	WI	44.33	-88.18
Wyeville	WI	44.03	-90.39
Wyocena	WI	43.49	-89.30
Yorkville	WI	42.72	-88.00
Yuba	WI	43.54	-90.43
Zoar	WI	45.01	-88.87
Accoville	WV	37.76	-81.83
Addison (Webster Springs)	WV	38.48	-80.41
Adrian	WV	38.91	-80.27
Albright	WV	39.49	-79.64
Alderson	WV	37.73	-80.64
Alum Creek	WV	38.29	-81.84
Amherstdale	WV	37.78	-81.83
Anawalt	WV	37.34	-81.44
Anmoore	WV	39.26	-80.29
Ansted	WV	38.14	-81.10
Apple Grove	WV	38.67	-82.17
Arbovale	WV	38.44	-79.81
Arthurdale	WV	39.50	-79.82
Athens	WV	37.42	-81.01
Auburn	WV	39.10	-80.86
Aurora	WV	39.33	-79.55
Bancroft	WV	38.51	-81.84
Barboursville	WV	38.41	-82.30
Barrackville	WV	39.50	-80.17
Bartley	WV	37.33	-81.73
Bartow	WV	38.54	-79.79
Bath (Berkeley Springs)	WV	39.62	-78.23
Baxter	WV	39.54	-80.14
Bayard	WV	39.27	-79.37
Beards Fork	WV	38.07	-81.23
Beaver	WV	37.73	-81.16
Beckley	WV	37.77	-81.16
Beech Bottom	WV	40.22	-80.66
Belington	WV	39.02	-79.94
Belle	WV	38.24	-81.54
Belmont	WV	39.38	-81.26
Belva	WV	38.23	-81.19
Benwood	WV	40.00	-80.73
Bergoo	WV	38.48	-80.30
Berwind	WV	37.26	-81.66
Bethany	WV	40.20	-80.56
Bethlehem	WV	40.04	-80.69
Beverly	WV	38.84	-79.87
Big Chimney	WV	38.42	-81.53
Big Creek	WV	38.01	-82.04
Big Sandy	WV	37.46	-81.71
Birch River	WV	38.50	-80.75
Blacksville	WV	39.72	-80.21
Blennerhassett	WV	39.26	-81.63
Bluefield	WV	37.26	-81.21
Bluewell	WV	37.31	-81.26
Boaz	WV	39.37	-81.49
Bolivar	WV	39.32	-77.75
Bolt	WV	37.76	-81.42
Boomer	WV	38.15	-81.27
Booth	WV	39.60	-80.02
Bowden	WV	38.91	-79.71
Bradley	WV	37.87	-81.22
Bradshaw	WV	37.35	-81.80
Bramwell	WV	37.33	-81.31
Brandonville	WV	39.67	-79.63
Brandywine	WV	38.62	-79.24
Brenton	WV	37.60	-81.64
Bridgeport	WV	39.30	-80.24
Brookhaven	WV	39.61	-79.88
Bruceton Mills	WV	39.66	-79.64
Bruno	WV	37.69	-81.88
Brush Fork	WV	37.28	-81.24
Buckhannon	WV	38.99	-80.23
Bud	WV	37.52	-81.38
Buffalo	WV	38.61	-81.98
Burlington	WV	39.34	-78.92
Burnsville	WV	38.86	-80.65
Cairo	WV	39.21	-81.15
Camden-on-Gauley	WV	38.37	-80.60
Cameron	WV	39.83	-80.57
Capon Bridge	WV	39.30	-78.43
Carolina	WV	39.48	-80.27
Carpendale	WV	39.63	-78.79
Cass	WV	38.40	-79.92
Cassville	WV	39.68	-80.07
Cedar Grove	WV	38.22	-81.44
Century	WV	39.10	-80.19
Ceredo	WV	38.40	-82.55
Chapmanville	WV	37.97	-82.02
Charles Town	WV	39.26	-77.88
Charleston	WV	38.35	-81.63
Charlton Heights	WV	38.13	-81.24
Chattaroy	WV	37.71	-82.27
Chauncey	WV	37.76	-81.98
Cheat Lake	WV	39.66	-79.85
Chelyan	WV	38.20	-81.49
Chesapeake	WV	38.22	-81.54
Chester	WV	40.61	-80.56
Clarksburg	WV	39.27	-80.36
Clay	WV	38.46	-81.08
Clearview	WV	40.14	-80.69
Clendenin	WV	38.48	-81.35
Clifton	WV	39.00	-82.04
Coal City	WV	37.68	-81.21
Coal Fork	WV	38.33	-81.52
Colcord	WV	37.95	-81.44
Colliers	WV	40.37	-80.54
Comfort	WV	38.13	-81.61
Corinne	WV	37.57	-81.36
Cottageville	WV	38.87	-81.83
Covel	WV	37.49	-81.32
Cowen	WV	38.41	-80.55
Crab Orchard	WV	37.74	-81.23
Craigsville	WV	38.32	-80.65
Crooked Creek	WV	37.88	-81.97
Cross Lanes	WV	38.44	-81.77
Crum	WV	37.91	-82.45
Crumpler	WV	37.43	-81.33
Cucumber	WV	37.28	-81.62
Culloden	WV	38.42	-82.07
Cunard	WV	38.00	-81.04
Dailey	WV	38.80	-79.90
Daniels	WV	37.72	-81.13
Danville	WV	38.08	-81.83
Davis	WV	39.13	-79.46
Davy	WV	37.48	-81.64
Deep Water	WV	38.12	-81.25
Delbarton	WV	37.71	-82.19
Despard	WV	39.29	-80.32
Dixie	WV	38.25	-81.19
Dorothy	WV	37.96	-81.45
Dunbar	WV	38.37	-81.74
Dupont City	WV	38.27	-81.57
Durbin	WV	38.55	-79.83
Earling	WV	37.77	-81.92
East Bank	WV	38.22	-81.44
East Dailey	WV	38.78	-79.89
East View	WV	39.27	-80.31
Eccles	WV	37.78	-81.26
Eleanor	WV	38.54	-81.92
Elizabeth	WV	39.06	-81.40
Elk Garden	WV	39.39	-79.16
Elkins	WV	38.92	-79.85
Elkview	WV	38.43	-81.47
Ellenboro	WV	39.27	-81.06
Enterprise	WV	39.42	-80.28
Eskdale	WV	38.09	-81.45
Fairlea	WV	37.78	-80.46
Fairmont	WV	39.48	-80.15
Fairview	WV	39.59	-80.25
Falling Spring	WV	37.99	-80.36
Falling Waters	WV	39.56	-77.89
Falls View	WV	38.13	-81.25
Farmington	WV	39.51	-80.25
Fayetteville	WV	38.06	-81.11
Fenwick	WV	38.23	-80.58
Flatwoods	WV	38.72	-80.65
Flemington	WV	39.27	-80.13
Follansbee	WV	40.34	-80.60
Fort Ashby	WV	39.49	-78.77
Fort Gay	WV	38.12	-82.59
Frank	WV	38.55	-79.81
Franklin	WV	38.65	-79.33
Friendly	WV	39.51	-81.06
Gallipolis Ferry	WV	38.77	-82.20
Galloway	WV	39.23	-80.13
Garten	WV	38.03	-81.07
Gary	WV	37.36	-81.54
Gassaway	WV	38.67	-80.77
Gatewood	WV	38.00	-81.06
Gauley Bridge	WV	38.17	-81.21
Ghent	WV	37.62	-81.11
Gilbert	WV	37.61	-81.87
Gilbert Creek	WV	37.57	-81.89
Glasgow	WV	38.21	-81.42
Glen Dale	WV	39.95	-80.76
Glen Ferris	WV	38.15	-81.22
Glen Fork	WV	37.70	-81.54
Glen Jean	WV	37.93	-81.15
Glen White	WV	37.73	-81.28
Glenville	WV	38.94	-80.83
Grafton	WV	39.34	-80.02
Grant Town	WV	39.56	-80.18
Grantsville	WV	38.92	-81.09
Granville	WV	39.65	-80.00
Great Cacapon	WV	39.61	-78.29
Green Bank	WV	38.43	-79.83
Green Spring	WV	39.52	-78.64
Greenview	WV	38.00	-81.82
Greenville	WV	37.72	-81.87
Gypsy	WV	39.36	-80.31
Hambleton	WV	39.08	-79.65
Hamlin	WV	38.28	-82.10
Handley	WV	38.19	-81.37
Hansford	WV	38.21	-81.40
Harman	WV	38.92	-79.52
Harpers Ferry	WV	39.33	-77.74
Harrisville	WV	39.21	-81.05
Hartford City	WV	38.99	-81.99
Harts	WV	38.05	-82.13
Hedgesville	WV	39.55	-77.99
Helen	WV	37.64	-81.31
Helvetia	WV	38.71	-80.20
Henderson	WV	38.83	-82.14
Hendricks	WV	39.08	-79.63
Henlawson	WV	37.90	-81.98
Hepzibah	WV	39.33	-80.33
Hico	WV	38.12	-81.01
Hillsboro	WV	38.14	-80.21
Hilltop	WV	37.94	-81.15
Hinkleville	WV	38.92	-80.26
Hinton	WV	37.67	-80.88
Holden	WV	37.82	-82.08
Hollygrove	WV	38.19	-81.39
Hometown	WV	38.53	-81.86
Hooverson Heights	WV	40.32	-80.58
Hundred	WV	39.68	-80.46
Huntersville	WV	38.19	-80.02
Huntington	WV	38.41	-82.43
Hurricane	WV	38.43	-82.02
Huttonsville	WV	38.71	-79.98
Iaeger	WV	37.46	-81.82
Idamay	WV	39.49	-80.25
Institute	WV	38.38	-81.77
Inwood	WV	39.35	-78.06
Itmann	WV	37.57	-81.41
Jacksonburg	WV	39.54	-80.64
Jane Lew	WV	39.11	-80.41
Jefferson	WV	38.38	-81.79
Junior	WV	38.98	-79.95
Justice	WV	37.60	-81.83
Justice Addition	WV	37.89	-81.99
Kanawha	WV	39.20	-81.46
Kenova	WV	38.40	-82.58
Kermit	WV	37.84	-82.41
Keyser	WV	39.44	-78.98
Keystone	WV	37.42	-81.45
Kimball	WV	37.42	-81.51
Kimberly	WV	38.14	-81.30
Kincaid	WV	38.04	-81.28
Kingwood	WV	39.47	-79.68
Kistler	WV	37.76	-81.85
Kopperston	WV	37.75	-81.58
Lashmeet	WV	37.42	-81.20
Lavalette	WV	38.32	-82.45
Leon	WV	38.75	-81.95
Lesage	WV	38.49	-82.28
Lester	WV	37.73	-81.30
Lewisburg	WV	37.81	-80.43
Littleton	WV	39.70	-80.52
Logan	WV	37.85	-81.99
Lost Creek	WV	39.16	-80.35
Lubeck	WV	39.23	-81.61
Lumberport	WV	39.37	-80.35
Mabscott	WV	37.77	-81.21
MacArthur	WV	37.75	-81.20
Madison	WV	38.06	-81.79
Malden	WV	38.30	-81.56
Mallory	WV	37.73	-81.82
Man	WV	37.74	-81.88
Mannington	WV	39.53	-80.34
Marlinton	WV	38.22	-80.09
Marmet	WV	38.25	-81.58
Martinsburg	WV	39.46	-77.98
Mason	WV	39.02	-82.03
Masontown	WV	39.55	-79.80
Matewan	WV	37.62	-82.16
Matheny	WV	37.66	-81.60
Matoaka	WV	37.42	-81.24
Maybeury	WV	37.37	-81.36
McConnell	WV	37.83	-81.96
McMechen	WV	39.99	-80.73
Meadow Bridge	WV	37.86	-80.86
Middlebourne	WV	39.49	-80.91
Middleway	WV	39.30	-77.98
Mill Creek	WV	38.73	-79.97
Milton	WV	38.44	-82.15
Mineralwells	WV	39.18	-81.51
Mitchell Heights	WV	37.91	-81.99
Monaville	WV	37.81	-81.99
Monongah	WV	39.46	-80.22
Montcalm	WV	37.35	-81.25
Montgomery	WV	38.17	-81.32
Montrose	WV	39.07	-79.81
Moorefield	WV	39.07	-78.96
Morgantown	WV	39.64	-79.95
Moundsville	WV	39.92	-80.74
Mount Carbon	WV	38.14	-81.29
Mount Gay-Shamrock	WV	37.85	-82.02
Mount Hope	WV	37.90	-81.17
Mullens	WV	37.58	-81.39
Neibert	WV	37.78	-81.93
Nettie	WV	38.22	-80.70
New Cumberland	WV	40.53	-80.62
New Haven	WV	38.99	-81.97
New Martinsville	WV	39.65	-80.86
New Richmond	WV	37.57	-81.49
Newark	WV	39.12	-81.39
Newburg	WV	39.39	-79.85
Newell	WV	40.62	-80.60
Nitro	WV	38.41	-81.81
North Hills	WV	39.32	-81.51
Northfork	WV	37.42	-81.43
Norton	WV	38.93	-79.97
Nutter Fort	WV	39.26	-80.33
Oak Hill	WV	37.97	-81.16
Oakvale	WV	37.33	-80.97
Oceana	WV	37.69	-81.63
Omar	WV	37.76	-82.00
Osage	WV	39.66	-80.01
Paden City	WV	39.60	-80.94
Page	WV	38.05	-81.27
Pageton	WV	37.36	-81.46
Parcoal	WV	38.46	-80.37
Parkersburg	WV	39.26	-81.54
Parsons	WV	39.09	-79.68
Paw Paw	WV	39.53	-78.46
Pax	WV	37.91	-81.26
Pea Ridge	WV	38.42	-82.32
Peach Creek	WV	37.88	-81.98
Pennsboro	WV	39.28	-80.97
Pentress	WV	39.71	-80.17
Petersburg	WV	39.00	-79.13
Peterstown	WV	37.40	-80.80
Philippi	WV	39.15	-80.05
Pickens	WV	38.66	-80.22
Piedmont	WV	39.48	-79.05
Pinch	WV	38.41	-81.48
Pine Grove	WV	39.56	-80.68
Pineville	WV	37.58	-81.54
Piney View	WV	37.84	-81.13
Pleasant Valley	WV	39.45	-80.16
Poca	WV	38.47	-81.81
Point Pleasant	WV	38.85	-82.13
Powellton	WV	38.09	-81.32
Pratt	WV	38.21	-81.39
Prichard	WV	38.24	-82.60
Prince	WV	37.86	-81.09
Princeton	WV	37.37	-81.10
Prosperity	WV	37.84	-81.20
Pullman	WV	39.19	-80.95
Quinwood	WV	38.06	-80.71
Rachel	WV	39.52	-80.30
Racine	WV	38.14	-81.65
Rainelle	WV	37.97	-80.77
Raleigh	WV	37.76	-81.17
Rand	WV	38.28	-81.57
Ranson corporation	WV	39.31	-77.88
Ravenswood	WV	38.96	-81.76
Raymond City	WV	38.49	-81.82
Raysal	WV	37.34	-81.77
Reader	WV	39.57	-80.73
Red Jacket	WV	37.65	-82.13
Reedsville	WV	39.51	-79.80
Reedy	WV	38.90	-81.43
Reynoldsville	WV	39.29	-80.44
Rhodell	WV	37.61	-81.31
Richwood	WV	38.22	-80.54
Ridgeley	WV	39.64	-78.77
Ripley	WV	38.82	-81.71
Rivesville	WV	39.53	-80.12
Robinette	WV	37.78	-81.78
Rock Cave	WV	38.84	-80.34
Roderfield	WV	37.45	-81.70
Romney	WV	39.34	-78.76
Ronceverte	WV	37.75	-80.47
Rossmore	WV	37.80	-81.99
Rowlesburg	WV	39.35	-79.68
Rupert	WV	37.96	-80.69
Salem	WV	39.28	-80.56
Salt Rock	WV	38.33	-82.21
Sand Fork	WV	38.92	-80.75
Sarah Ann	WV	37.71	-81.99
Scarbro	WV	37.95	-81.17
Shady Spring	WV	37.70	-81.09
Shannondale	WV	39.21	-77.81
Shenandoah Junction	WV	39.35	-77.84
Shepherdstown	WV	39.43	-77.80
Shinnston	WV	39.39	-80.30
Shrewsbury	WV	38.21	-81.47
Sissonville	WV	38.50	-81.64
Sistersville	WV	39.56	-81.00
Smithers	WV	38.17	-81.30
Smithfield	WV	39.49	-80.56
Sophia	WV	37.71	-81.25
South Charleston	WV	38.34	-81.71
Spelter	WV	39.34	-80.32
Spencer	WV	38.80	-81.35
Sprague	WV	37.79	-81.18
Springfield	WV	39.44	-78.70
St. Albans	WV	38.38	-81.82
St. George	WV	39.17	-79.70
St. Marys	WV	39.39	-81.20
Stanaford	WV	37.81	-81.14
Star City	WV	39.66	-79.99
Stollings	WV	37.84	-81.96
Stonewood	WV	39.25	-80.31
Summersville	WV	38.29	-80.84
Sutton	WV	38.67	-80.71
Switzer	WV	37.79	-81.98
Sylvester	WV	38.01	-81.56
Teays Valley	WV	38.45	-81.92
Terra Alta	WV	39.44	-79.54
Thomas	WV	39.14	-79.50
Thurmond	WV	37.96	-81.08
Tioga	WV	38.42	-80.65
Tornado	WV	38.33	-81.86
Triadelphia	WV	40.04	-80.62
Tunnelton	WV	39.39	-79.75
Twilight	WV	37.93	-81.61
Union	WV	37.59	-80.54
Valley Bend	WV	38.77	-79.93
Valley Grove	WV	40.09	-80.58
Valley Head	WV	38.55	-80.03
Van	WV	37.97	-81.72
Verdunville	WV	37.86	-82.06
Vienna	WV	39.32	-81.53
Vivian	WV	37.42	-81.49
Wallace	WV	39.41	-80.49
War	WV	37.31	-81.68
Wardensville	WV	39.08	-78.59
Washington	WV	39.25	-81.66
Waverly	WV	39.33	-81.38
Wayne	WV	38.23	-82.44
Weirton	WV	40.41	-80.57
Welch	WV	37.43	-81.59
Wellsburg	WV	40.28	-80.61
West Dunbar	WV	38.37	-81.76
West Hamlin	WV	38.28	-82.20
West Liberty	WV	40.16	-80.60
West Logan	WV	37.87	-81.99
West Milford	WV	39.20	-80.40
West Union	WV	39.30	-80.78
Weston	WV	39.04	-80.46
Westover	WV	39.63	-79.99
Wheeling	WV	40.07	-80.70
White Hall	WV	39.42	-80.19
White Sulphur Springs	WV	37.80	-80.30
Whitesville	WV	37.98	-81.53
Whitmer	WV	38.81	-79.55
Wiley Ford	WV	39.62	-78.76
Williamson	WV	37.67	-82.27
Williamstown	WV	39.40	-81.45
Windsor Heights	WV	40.19	-80.66
Winfield	WV	38.53	-81.89
Wolf Summit	WV	39.28	-80.46
Womelsdorf (Coalton)	WV	38.90	-79.96
Worthington	WV	39.46	-80.26
Afton	WY	42.73	-110.93
Albany	WY	41.19	-106.13
Albin	WY	41.42	-104.10
Alcova	WY	42.55	-106.73
Alpine	WY	43.16	-111.01
Alpine Northeast	WY	43.19	-111.01
Alpine Northwest	WY	43.18	-111.04
Alta	WY	43.77	-111.03
Antelope Hills	WY	43.08	-106.31
Arapahoe	WY	42.99	-108.45
Arlington	WY	41.61	-106.20
Arrowhead Springs	WY	41.51	-109.16
Arvada	WY	44.66	-106.14
Atlantic City	WY	42.50	-108.73
Auburn	WY	42.80	-111.02
Baggs	WY	41.03	-107.66
Bairoil	WY	42.24	-107.56
Bar Nunn	WY	42.92	-106.35
Basin	WY	44.38	-108.05
Bear River	WY	41.39	-111.03
Bedford	WY	42.89	-110.93
Bessemer Bend	WY	42.76	-106.52
Beulah	WY	44.55	-104.08
Big Horn	WY	44.68	-107.00
Big Piney	WY	42.54	-110.12
Bondurant	WY	43.19	-110.40
Boulder	WY	42.75	-109.71
Boulder Flats	WY	42.92	-108.80
Brookhurst	WY	42.86	-106.23
Buffalo	WY	44.34	-106.72
Burlington	WY	44.45	-108.43
Burns	WY	41.19	-104.36
Byron	WY	44.80	-108.51
Carpenter	WY	41.05	-104.36
Carter	WY	41.44	-110.43
Casper	WY	42.84	-106.32
Casper Mountain	WY	42.74	-106.31
Centennial	WY	41.31	-106.14
Cheyenne	WY	41.13	-104.79
Chugcreek	WY	42.05	-104.91
Chugwater	WY	41.76	-104.82
Clearmont	WY	44.64	-106.38
Clearview Acres	WY	41.58	-109.28
Cody	WY	44.52	-109.06
Cokeville	WY	42.08	-110.95
Cora	WY	42.96	-109.99
Cowley	WY	44.88	-108.47
Crowheart	WY	43.34	-109.23
Daniel	WY	42.87	-110.08
Dayton	WY	44.87	-107.26
Deaver	WY	44.89	-108.60
Diamondville	WY	41.78	-110.54
Dixon	WY	41.03	-107.54
Douglas	WY	42.75	-105.40
Dubois	WY	43.55	-109.65
East Thermopolis	WY	43.64	-108.20
Eden	WY	42.06	-109.44
Edgerton	WY	43.41	-106.25
El Rancho	WY	42.27	-105.05
Elk Mountain	WY	41.69	-106.41
Encampment	WY	41.21	-106.79
Esterbrook	WY	42.41	-105.39
Ethete	WY	43.00	-108.72
Etna	WY	43.03	-111.01
Evanston	WY	41.26	-110.96
Evansville	WY	42.88	-106.27
Fairview	WY	42.69	-110.99
Farson	WY	42.15	-109.42
Fontenelle	WY	42.00	-110.06
Fort Bridger	WY	41.32	-110.39
Fort Laramie	WY	42.21	-104.52
Fort Washakie	WY	43.01	-108.92
Fox Farm-College	WY	41.11	-104.79
Fox Park	WY	41.08	-106.15
Frannie	WY	44.97	-108.62
Freedom	WY	42.99	-111.03
Garland	WY	44.78	-108.65
Gillette	WY	44.27	-105.50
Glendo	WY	42.50	-105.02
Glenrock	WY	42.86	-105.86
Granger	WY	41.60	-109.97
Green River	WY	41.51	-109.47
Greybull	WY	44.49	-108.06
Grover	WY	42.80	-110.94
Guernsey	WY	42.26	-104.74
Hanna	WY	41.87	-106.56
Hartrandt	WY	42.88	-106.35
Hartville	WY	42.33	-104.72
Hawk Springs	WY	41.79	-104.27
Hill View Heights	WY	43.81	-104.15
Hillsdale	WY	41.21	-104.47
Hoback	WY	43.31	-110.74
Homa Hills	WY	42.99	-106.38
Hudson	WY	42.90	-108.58
Hulett	WY	44.68	-104.60
Huntley	WY	41.93	-104.14
Hyattville	WY	44.25	-107.61
Jackson	WY	43.47	-110.78
James Town	WY	41.56	-109.54
Jeffrey City	WY	42.48	-107.83
Johnstown	WY	43.11	-108.69
Kaycee	WY	43.71	-106.64
Kelly	WY	43.62	-110.63
Kemmerer	WY	41.78	-110.55
Kirby	WY	43.80	-108.18
La Barge	WY	42.26	-110.20
LaGrange	WY	41.64	-104.16
Lakeview North	WY	42.10	-104.96
Lance Creek	WY	43.04	-104.66
Lander	WY	42.83	-108.76
Laramie	WY	41.31	-105.61
Lingle	WY	42.14	-104.35
Little America	WY	41.55	-109.88
Lonetree	WY	41.03	-110.14
Lost Springs	WY	42.77	-104.93
Lovell	WY	44.84	-108.39
Lucerne	WY	43.72	-108.18
Lusk	WY	42.76	-104.46
Lyman	WY	41.33	-110.30
Mammoth	WY	44.97	-110.69
Manderson	WY	44.27	-107.96
Manville	WY	42.78	-104.62
Marbleton	WY	42.56	-110.10
McKinnon	WY	41.03	-109.94
Meadow Acres	WY	42.86	-106.09
Medicine Bow	WY	41.90	-106.20
Meeteetse	WY	44.16	-108.85
Midwest	WY	43.41	-106.28
Mills	WY	42.85	-106.39
Moorcroft	WY	44.26	-104.95
Moose Wilson Road	WY	43.53	-110.83
Mountain View	WY	42.88	-106.41
Newcastle	WY	43.85	-104.20
Nordic	WY	43.08	-110.99
North Rock Springs	WY	41.67	-109.29
Oakley	WY	41.75	-110.53
Opal	WY	41.77	-110.32
Orin	WY	42.65	-105.18
Osage	WY	43.98	-104.43
Osmond	WY	42.68	-110.94
Owl Creek	WY	43.78	-108.57
Parkman	WY	44.96	-107.31
Pavillion	WY	43.24	-108.69
Pine Bluffs	WY	41.18	-104.07
Pine Haven	WY	44.35	-104.81
Pinedale	WY	42.87	-109.87
Point of Rocks	WY	41.68	-108.78
Powder Horn	WY	44.69	-106.97
Powder River	WY	43.05	-106.99
Powell	WY	44.76	-108.76
Purple Sage	WY	41.55	-109.32
Rafter J Ranch	WY	43.43	-110.79
Ralston	WY	44.71	-108.89
Ranchester	WY	44.91	-107.17
Ranchettes	WY	41.22	-104.77
Rawlins	WY	41.79	-107.22
Red Butte	WY	42.81	-106.43
Reliance	WY	41.67	-109.20
Riverside	WY	41.22	-106.78
Riverton	WY	43.03	-108.38
Robertson	WY	41.18	-110.43
Rock River	WY	41.73	-105.98
Rock Springs	WY	41.59	-109.22
Rolling Hills	WY	42.90	-105.84
Ryan Park	WY	41.31	-106.49
Saratoga	WY	41.45	-106.81
Shell	WY	44.53	-107.78
Sheridan	WY	44.80	-106.96
Shoshoni	WY	43.24	-108.11
Sinclair	WY	41.78	-107.12
Slater	WY	41.88	-104.79
Sleepy Hollow	WY	44.23	-105.43
Smoot	WY	42.62	-110.92
South Greeley	WY	41.09	-104.81
South Park	WY	43.43	-110.80
Star Valley Ranch	WY	42.98	-110.96
Story	WY	44.57	-106.91
Sundance	WY	44.40	-104.37
Superior	WY	41.76	-108.96
Table Rock	WY	41.62	-108.40
Taylor	WY	42.07	-110.99
Ten Sleep	WY	44.04	-107.45
Teton Village	WY	43.59	-110.84
Thayne	WY	42.92	-111.00
Thermopolis	WY	43.65	-108.21
Torrington	WY	42.07	-104.17
Turnerville	WY	42.86	-110.90
Upton	WY	44.10	-104.64
Urie	WY	41.31	-110.34
Van Tassell	WY	42.66	-104.09
Veteran	WY	41.96	-104.39
Vista West	WY	42.86	-106.44
Wamsutter	WY	41.67	-107.98
Warren AFB	WY	41.15	-104.86
Washam	WY	41.01	-109.70
Westview Circle	WY	42.06	-105.07
Wheatland	WY	42.05	-104.96
Whiting	WY	42.01	-104.97
Wilson	WY	43.48	-110.91
Woods Landing-Jelm	WY	41.10	-106.03
Worland	WY	44.02	-107.96
Wright	WY	43.75	-105.49
Y-O Ranch	WY	42.04	-104.92
Yoder	WY	41.92	-104.30
